size,dps,skill,supports,def,combined,uplift,utility
4,新约能天使,开火成瘾症,初雪+巫恋+华法琳,300,10915,1.666,0.0
4,新约能天使,开火成瘾症,初雪+华法琳+浊心斯卡蒂,300,10553,1.577,0.0
4,新约能天使,开火成瘾症,巫恋+华法琳+浊心斯卡蒂,300,10553,1.577,0.0
4,新约能天使,开火成瘾症,初雪+华法琳+海蒂,300,10542,1.575,0.0
4,新约能天使,开火成瘾症,巫恋+华法琳+海蒂,300,10542,1.575,0.0
4,新约能天使,开火成瘾症,初雪+灵知+华法琳,300,10521,1.57,0.0
4,新约能天使,开火成瘾症,巫恋+灵知+华法琳,300,10521,1.57,0.0
4,灵知,失温症,初雪+华法琳+浊心斯卡蒂,300,10502,1.656,0.0
4,灵知,失温症,巫恋+华法琳+浊心斯卡蒂,300,10502,1.656,0.0
4,新约能天使,开火成瘾症,初雪+华法琳+空,300,10499,1.564,0.0
4,新约能天使,开火成瘾症,巫恋+华法琳+空,300,10499,1.564,0.0
4,灵知,失温症,初雪+华法琳+海蒂,300,10487,1.652,0.0
4,灵知,失温症,巫恋+华法琳+海蒂,300,10487,1.652,0.0
4,灵知,失温症,初雪+华法琳+空,300,10431,1.638,0.0
4,灵知,失温症,巫恋+华法琳+空,300,10431,1.638,0.0
4,新约能天使,开火成瘾症,初雪+凛御银灰+华法琳,300,10407,1.542,7.5
4,新约能天使,开火成瘾症,巫恋+凛御银灰+华法琳,300,10407,1.542,7.5
4,新约能天使,开火成瘾症,初雪+华法琳+铃兰,300,10258,1.505,0.0
4,新约能天使,开火成瘾症,巫恋+华法琳+铃兰,300,10258,1.505,0.0
4,新约能天使,开火成瘾症,初雪+华法琳+双月,300,10192,1.489,0.0
4,新约能天使,开火成瘾症,巫恋+华法琳+双月,300,10192,1.489,0.0
4,灵知,失温症,初雪+巫恋+华法琳,300,10109,1.556,0.0
4,新约能天使,开火成瘾症,灵知+华法琳+浊心斯卡蒂,300,10077,1.461,0.0
4,新约能天使,开火成瘾症,灵知+华法琳+海蒂,300,10066,1.458,0.0
4,新约能天使,开火成瘾症,灵知+华法琳+空,300,10026,1.449,0.0
4,新约能天使,开火成瘾症,凛御银灰+灵知+华法琳,300,10012,1.445,7.5
4,新约能天使,开火成瘾症,凛御银灰+华法琳+浊心斯卡蒂,300,9939,1.427,7.5
4,新约能天使,开火成瘾症,凛御银灰+华法琳+海蒂,300,9928,1.425,7.5
4,灵知,失温症,凛御银灰+华法琳+浊心斯卡蒂,300,9891,1.501,7.5
4,新约能天使,开火成瘾症,凛御银灰+华法琳+空,300,9889,1.415,7.5
4,灵知,失温症,凛御银灰+华法琳+海蒂,300,9877,1.498,7.5
4,新约能天使,开火成瘾症,灵知+华法琳+铃兰,300,9863,1.409,0.0
4,烛煌,众恶的焚场,初雪+巫恋+华法琳,300,9838,1.556,0.0
4,灵知,失温症,凛御银灰+华法琳+空,300,9824,1.484,7.5
4,新约能天使,开火成瘾症,灵知+华法琳+双月,300,9798,1.393,0.0
4,新约能天使,开火成瘾症,华法琳+铃兰+浊心斯卡蒂,300,9759,1.384,0.0
4,新约能天使,开火成瘾症,凛御银灰+华法琳+铃兰,300,9749,1.381,7.5
4,新约能天使,开火成瘾症,华法琳+铃兰+海蒂,300,9749,1.381,0.0
4,灵知,失温症,华法琳+铃兰+浊心斯卡蒂,300,9712,1.456,0.0
4,新约能天使,开火成瘾症,华法琳+铃兰+空,300,9710,1.371,0.0
4,灵知,失温症,华法琳+铃兰+海蒂,300,9699,1.453,0.0
4,新约能天使,开火成瘾症,凛御银灰+华法琳+双月,300,9683,1.365,7.5
4,新约能天使,开火成瘾症,华法琳+双月+浊心斯卡蒂,300,9680,1.364,0.0
4,新约能天使,开火成瘾症,华法琳+双月+海蒂,300,9670,1.362,0.0
4,灵知,失温症,华法琳+铃兰+空,300,9647,1.439,0.0
4,灵知,失温症,初雪+凛御银灰+华法琳,300,9638,1.437,7.5
4,灵知,失温症,巫恋+凛御银灰+华法琳,300,9638,1.437,7.5
4,能天使,过载模式,初雪+华法琳+浊心斯卡蒂,300,9636,2.313,0.0
4,能天使,过载模式,巫恋+华法琳+浊心斯卡蒂,300,9636,2.313,0.0
4,灵知,失温症,华法琳+双月+浊心斯卡蒂,300,9633,1.436,0.0
4,新约能天使,开火成瘾症,华法琳+双月+空,300,9631,1.352,0.0
4,能天使,过载模式,初雪+华法琳+海蒂,300,9621,2.308,0.0
4,能天使,过载模式,巫恋+华法琳+海蒂,300,9621,2.308,0.0
4,灵知,失温症,华法琳+双月+海蒂,300,9620,1.433,0.0
4,涤火杰西卡,饱和迸射,初雪+华法琳+浊心斯卡蒂,300,9593,1.65,0.0
4,涤火杰西卡,饱和迸射,巫恋+华法琳+浊心斯卡蒂,300,9593,1.65,0.0
4,涤火杰西卡,饱和迸射,初雪+华法琳+海蒂,300,9580,1.646,0.0
4,涤火杰西卡,饱和迸射,巫恋+华法琳+海蒂,300,9580,1.646,0.0
4,灵知,失温症,华法琳+双月+空,300,9568,1.42,0.0
4,能天使,过载模式,初雪+华法琳+空,300,9565,2.289,0.0
4,能天使,过载模式,巫恋+华法琳+空,300,9565,2.289,0.0
4,灵知,失温症,初雪+巫恋+浊心斯卡蒂,300,9563,1.418,0.0
4,灵知,失温症,初雪+巫恋+海蒂,300,9544,1.414,0.0
4,烛煌,众恶的焚场,初雪+华法琳+浊心斯卡蒂,300,9540,1.479,0.0
4,烛煌,众恶的焚场,巫恋+华法琳+浊心斯卡蒂,300,9540,1.479,0.0
4,新约能天使,开火成瘾症,初雪+濯尘芙蓉+华法琳,300,9535,1.329,4.5
4,新约能天使,开火成瘾症,巫恋+濯尘芙蓉+华法琳,300,9535,1.329,4.5
4,新约能天使,开火成瘾症,华法琳+铃兰+双月,300,9535,1.329,0.0
4,涤火杰西卡,饱和迸射,初雪+华法琳+空,300,9532,1.633,0.0
4,涤火杰西卡,饱和迸射,巫恋+华法琳+空,300,9532,1.633,0.0
4,烛煌,众恶的焚场,初雪+华法琳+海蒂,300,9530,1.476,0.0
4,烛煌,众恶的焚场,巫恋+华法琳+海蒂,300,9530,1.476,0.0
4,灵知,失温症,初雪+华法琳+铃兰,300,9500,1.402,0.0
4,灵知,失温症,巫恋+华法琳+铃兰,300,9500,1.402,0.0
4,烛煌,众恶的焚场,初雪+华法琳+空,300,9491,1.466,0.0
4,烛煌,众恶的焚场,巫恋+华法琳+空,300,9491,1.466,0.0
4,烛煌,众恶的焚场,初雪+灵知+华法琳,300,9482,1.464,0.0
4,烛煌,众恶的焚场,巫恋+灵知+华法琳,300,9482,1.464,0.0
4,灵知,失温症,初雪+巫恋+空,300,9474,1.396,0.0
4,灵知,失温症,初雪+华法琳+双月,300,9439,1.387,0.0
4,灵知,失温症,巫恋+华法琳+双月,300,9439,1.387,0.0
4,涤火杰西卡,饱和迸射,初雪+巫恋+华法琳,300,9404,1.598,0.0
4,领主·Sharp,沉默的爆发,初雪+巫恋+华法琳,300,9402,1.65,0.0
4,烛煌,众恶的焚场,初雪+凛御银灰+华法琳,300,9379,1.437,7.5
4,烛煌,众恶的焚场,巫恋+凛御银灰+华法琳,300,9379,1.437,7.5
4,百炼嘉维尔,丛林之魂,初雪+巫恋+华法琳,300,9292,1.684,0.0
4,烛煌,众恶的焚场,初雪+华法琳+铃兰,300,9245,1.402,0.0
4,烛煌,众恶的焚场,巫恋+华法琳+铃兰,300,9245,1.402,0.0
4,能天使,过载模式,灵知+华法琳+浊心斯卡蒂,300,9201,2.164,0.0
4,能天使,过载模式,灵知+华法琳+海蒂,300,9187,2.159,0.0
4,烛煌,众恶的焚场,初雪+华法琳+双月,300,9186,1.387,0.0
4,烛煌,众恶的焚场,巫恋+华法琳+双月,300,9186,1.387,0.0
4,涤火杰西卡,饱和迸射,灵知+华法琳+浊心斯卡蒂,300,9160,1.53,0.0
4,涤火杰西卡,饱和迸射,灵知+华法琳+海蒂,300,9148,1.527,0.0
4,新约能天使,开火成瘾症,濯尘芙蓉+灵知+华法琳,300,9140,1.232,4.5
4,能天使,过载模式,灵知+华法琳+空,300,9134,2.14,0.0
4,灵知,失温症,初雪+凛御银灰+浊心斯卡蒂,300,9117,1.306,7.5
4,灵知,失温症,巫恋+凛御银灰+浊心斯卡蒂,300,9117,1.306,7.5
4,烛煌,众恶的焚场,灵知+华法琳+浊心斯卡蒂,300,9110,1.367,0.0
4,涤火杰西卡,饱和迸射,灵知+华法琳+空,300,9102,1.514,0.0
4,灵知,失温症,初雪+凛御银灰+海蒂,300,9100,1.301,7.5
4,灵知,失温症,巫恋+凛御银灰+海蒂,300,9100,1.301,7.5
4,烛煌,众恶的焚场,灵知+华法琳+海蒂,300,9100,1.365,0.0
4,能天使,过载模式,凛御银灰+华法琳+浊心斯卡蒂,300,9075,2.12,7.5
4,涤火杰西卡,饱和迸射,初雪+灵知+华法琳,300,9064,1.504,0.0
4,涤火杰西卡,饱和迸射,巫恋+灵知+华法琳,300,9064,1.504,0.0
4,烛煌,众恶的焚场,灵知+华法琳+空,300,9063,1.355,0.0
4,领主·Sharp,沉默的爆发,初雪+灵知+华法琳,300,9062,1.554,0.0
4,领主·Sharp,沉默的爆发,巫恋+灵知+华法琳,300,9062,1.554,0.0
4,能天使,过载模式,凛御银灰+华法琳+海蒂,300,9061,2.115,7.5
4,新约能天使,开火成瘾症,初雪+巫恋+浊心斯卡蒂,300,9053,1.211,0.0
4,能天使,过载模式,初雪+巫恋+华法琳,300,9049,2.111,0.0
4,新约能天使,开火成瘾症,初雪+巫恋+海蒂,300,9039,1.208,0.0
4,涤火杰西卡,饱和迸射,凛御银灰+华法琳+浊心斯卡蒂,300,9035,1.496,7.5
4,灵知,失温症,初雪+凛御银灰+空,300,9033,1.284,7.5
4,灵知,失温症,巫恋+凛御银灰+空,300,9033,1.284,7.5
4,灵知,失温症,凛御银灰+华法琳+铃兰,300,9029,1.283,7.5
4,新约能天使,开火成瘾症,凛御银灰+濯尘芙蓉+华法琳,300,9026,1.204,12.0
4,涤火杰西卡,饱和迸射,凛御银灰+华法琳+海蒂,300,9023,1.492,7.5
4,烛煌,众恶的焚场,凛御银灰+灵知+华法琳,300,9023,1.345,7.5
4,能天使,过载模式,凛御银灰+华法琳+空,300,9009,2.097,7.5
4,灵知,失温症,初雪+铃兰+浊心斯卡蒂,300,8987,1.273,0.0
4,灵知,失温症,巫恋+铃兰+浊心斯卡蒂,300,8987,1.273,0.0
4,新约能天使,开火成瘾症,初雪+巫恋+空,300,8986,1.195,0.0
4,烛煌,众恶的焚场,凛御银灰+华法琳+浊心斯卡蒂,300,8985,1.335,7.5
4,领主·Sharp,沉默的爆发,初雪+华法琳+浊心斯卡蒂,300,8982,1.531,0.0
4,领主·Sharp,沉默的爆发,巫恋+华法琳+浊心斯卡蒂,300,8982,1.531,0.0
4,涤火杰西卡,饱和迸射,凛御银灰+华法琳+空,300,8978,1.48,7.5
4,烛煌,众恶的焚场,凛御银灰+华法琳+海蒂,300,8975,1.332,7.5
4,领主·Sharp,沉默的爆发,初雪+华法琳+海蒂,300,8973,1.529,0.0
4,领主·Sharp,沉默的爆发,巫恋+华法琳+海蒂,300,8973,1.529,0.0
4,灵知,失温症,初雪+铃兰+海蒂,300,8969,1.268,0.0
4,灵知,失温症,巫恋+铃兰+海蒂,300,8969,1.268,0.0
4,灵知,失温症,凛御银灰+华法琳+双月,300,8968,1.268,7.5
4,涤火杰西卡,饱和迸射,初雪+凛御银灰+华法琳,300,8966,1.477,7.5
4,涤火杰西卡,饱和迸射,巫恋+凛御银灰+华法琳,300,8966,1.477,7.5
4,领主·Sharp,沉默的爆发,初雪+凛御银灰+华法琳,300,8964,1.526,7.5
4,领主·Sharp,沉默的爆发,巫恋+凛御银灰+华法琳,300,8964,1.526,7.5
4,百炼嘉维尔,丛林之魂,初雪+灵知+华法琳,300,8956,1.587,0.0
4,百炼嘉维尔,丛林之魂,巫恋+灵知+华法琳,300,8956,1.587,0.0
4,领主·Sharp,沉默的爆发,初雪+华法琳+空,300,8939,1.519,0.0
4,领主·Sharp,沉默的爆发,巫恋+华法琳+空,300,8939,1.519,0.0
4,烛煌,众恶的焚场,凛御银灰+华法琳+空,300,8939,1.323,7.5
4,灵知,失温症,初雪+双月+浊心斯卡蒂,300,8929,1.258,0.0
4,灵知,失温症,巫恋+双月+浊心斯卡蒂,300,8929,1.258,0.0
4,涤火杰西卡,饱和迸射,初雪+华法琳+浊心斯卡蒂,1200,8928,1.861,0.0
4,涤火杰西卡,饱和迸射,巫恋+华法琳+浊心斯卡蒂,1200,8928,1.861,0.0
4,涤火杰西卡,饱和迸射,初雪+华法琳+海蒂,1200,8915,1.857,0.0
4,涤火杰西卡,饱和迸射,巫恋+华法琳+海蒂,1200,8915,1.857,0.0
4,灵知,失温症,初雪+双月+海蒂,300,8912,1.254,0.0
4,灵知,失温症,巫恋+双月+海蒂,300,8912,1.254,0.0
4,能天使,过载模式,华法琳+铃兰+浊心斯卡蒂,300,8911,2.064,0.0
4,灵知,失温症,初雪+铃兰+空,300,8904,1.252,0.0
4,灵知,失温症,巫恋+铃兰+空,300,8904,1.252,0.0
4,能天使,过载模式,华法琳+铃兰+海蒂,300,8897,2.059,0.0
4,烛煌,众恶的焚场,灵知+华法琳+铃兰,300,8889,1.31,0.0
4,新约能天使,开火成瘾症,濯尘芙蓉+华法琳+浊心斯卡蒂,300,8887,1.17,4.5
4,新约能天使,开火成瘾症,濯尘芙蓉+华法琳+铃兰,300,8877,1.168,4.5
4,新约能天使,开火成瘾症,濯尘芙蓉+华法琳+海蒂,300,8877,1.168,4.5
4,涤火杰西卡,饱和迸射,华法琳+铃兰+浊心斯卡蒂,300,8872,1.451,0.0
4,涤火杰西卡,饱和迸射,初雪+华法琳+空,1200,8867,1.842,0.0
4,涤火杰西卡,饱和迸射,巫恋+华法琳+空,1200,8867,1.842,0.0
4,百炼嘉维尔,丛林之魂,初雪+华法琳+浊心斯卡蒂,300,8867,1.561,0.0
4,百炼嘉维尔,丛林之魂,巫恋+华法琳+浊心斯卡蒂,300,8867,1.561,0.0
4,涤火杰西卡,饱和迸射,华法琳+铃兰+海蒂,300,8860,1.447,0.0
4,百炼嘉维尔,丛林之魂,初雪+凛御银灰+华法琳,300,8858,1.559,7.5
4,百炼嘉维尔,丛林之魂,初雪+华法琳+海蒂,300,8858,1.559,0.0
4,百炼嘉维尔,丛林之魂,巫恋+凛御银灰+华法琳,300,8858,1.559,7.5
4,百炼嘉维尔,丛林之魂,巫恋+华法琳+海蒂,300,8858,1.559,0.0
4,灵知,失温症,初雪+双月+空,300,8847,1.237,0.0
4,灵知,失温症,巫恋+双月+空,300,8847,1.237,0.0
4,能天使,过载模式,华法琳+铃兰+空,300,8846,2.041,0.0
4,灵知,失温症,濯尘芙蓉+华法琳+浊心斯卡蒂,300,8844,1.236,4.5
4,新约能天使,开火成瘾症,濯尘芙蓉+华法琳+空,300,8842,1.159,4.5
4,能天使,过载模式,华法琳+双月+浊心斯卡蒂,300,8839,2.039,0.0
4,涤火杰西卡,饱和迸射,初雪+华法琳+铃兰,300,8837,1.441,0.0
4,涤火杰西卡,饱和迸射,巫恋+华法琳+铃兰,300,8837,1.441,0.0
4,领主·Sharp,沉默的爆发,初雪+华法琳+铃兰,300,8836,1.49,0.0
4,领主·Sharp,沉默的爆发,巫恋+华法琳+铃兰,300,8836,1.49,0.0
4,灵知,失温症,濯尘芙蓉+华法琳+海蒂,300,8831,1.233,4.5
4,灵知,失温症,初雪+濯尘芙蓉+华法琳,300,8830,1.233,4.5
4,灵知,失温症,巫恋+濯尘芙蓉+华法琳,300,8830,1.233,4.5
4,灵知,失温症,华法琳+铃兰+双月,300,8830,1.233,0.0
4,烛煌,众恶的焚场,灵知+华法琳+双月,300,8830,1.295,0.0
4,能天使,过载模式,华法琳+双月+海蒂,300,8825,2.034,0.0
4,百炼嘉维尔,丛林之魂,初雪+华法琳+空,300,8825,1.549,0.0
4,百炼嘉维尔,丛林之魂,巫恋+华法琳+空,300,8825,1.549,0.0
4,烛煌,众恶的焚场,华法琳+铃兰+浊心斯卡蒂,300,8823,1.293,0.0
4,涤火杰西卡,饱和迸射,华法琳+铃兰+空,300,8815,1.435,0.0
4,烛煌,众恶的焚场,华法琳+铃兰+海蒂,300,8813,1.29,0.0
4,新约能天使,开火成瘾症,濯尘芙蓉+华法琳+双月,300,8811,1.152,4.5
4,涤火杰西卡,饱和迸射,华法琳+双月+浊心斯卡蒂,300,8800,1.431,0.0
4,涤火杰西卡,饱和迸射,华法琳+双月+海蒂,300,8788,1.427,0.0
4,烛煌,众恶的焚场,凛御银灰+华法琳+铃兰,300,8786,1.283,7.5
4,灵知,失温症,濯尘芙蓉+华法琳+空,300,8784,1.221,4.5
4,真言,意识联协,初雪+巫恋+华法琳,300,8781,1.087,0.0
4,涤火杰西卡,饱和迸射,初雪+华法琳+双月,300,8781,1.426,0.0
4,涤火杰西卡,饱和迸射,巫恋+华法琳+双月,300,8781,1.426,0.0
4,领主·Sharp,沉默的爆发,初雪+华法琳+双月,300,8779,1.474,0.0
4,领主·Sharp,沉默的爆发,巫恋+华法琳+双月,300,8779,1.474,0.0
4,烛煌,众恶的焚场,华法琳+铃兰+空,300,8777,1.281,0.0
4,能天使,过载模式,华法琳+双月+空,300,8774,2.017,0.0
4,烛煌,众恶的焚场,华法琳+双月+浊心斯卡蒂,300,8751,1.274,0.0
3,新约能天使,开火成瘾症,初雪+华法琳,300,8745,1.136,0.0
3,新约能天使,开火成瘾症,巫恋+华法琳,300,8745,1.136,0.0
4,新约能天使,开火成瘾症,初雪+华法琳+阿斯卡纶,300,8745,1.136,6.0
4,新约能天使,开火成瘾症,初雪+华法琳+予愿安洁莉娜,300,8745,1.136,6.0
4,新约能天使,开火成瘾症,初雪+华法琳+泥岩,300,8745,1.136,6.0
4,新约能天使,开火成瘾症,初雪+华法琳+极境,300,8745,1.136,6.0
4,新约能天使,开火成瘾症,初雪+华法琳+和弦,300,8745,1.136,6.0
4,新约能天使,开火成瘾症,初雪+华法琳+夜魔,300,8745,1.136,6.0
4,新约能天使,开火成瘾症,初雪+华法琳+烛煌,300,8745,1.136,7.5
4,新约能天使,开火成瘾症,巫恋+华法琳+阿斯卡纶,300,8745,1.136,6.0
4,新约能天使,开火成瘾症,巫恋+华法琳+予愿安洁莉娜,300,8745,1.136,6.0
4,新约能天使,开火成瘾症,巫恋+华法琳+泥岩,300,8745,1.136,6.0
4,新约能天使,开火成瘾症,巫恋+华法琳+极境,300,8745,1.136,6.0
4,新约能天使,开火成瘾症,巫恋+华法琳+和弦,300,8745,1.136,6.0
4,新约能天使,开火成瘾症,巫恋+华法琳+夜魔,300,8745,1.136,6.0
4,新约能天使,开火成瘾症,巫恋+华法琳+烛煌,300,8745,1.136,7.5
4,涤火杰西卡,饱和迸射,华法琳+双月+空,300,8744,1.415,0.0
4,烛煌,众恶的焚场,华法琳+双月+海蒂,300,8741,1.272,0.0
4,百炼嘉维尔,丛林之魂,初雪+华法琳+铃兰,300,8732,1.522,0.0
4,百炼嘉维尔,丛林之魂,巫恋+华法琳+铃兰,300,8732,1.522,0.0
4,烛煌,众恶的焚场,凛御银灰+华法琳+双月,300,8727,1.268,7.5
4,新约能天使,开火成瘾症,初雪+灵知+浊心斯卡蒂,300,8726,1.131,0.0
4,新约能天使,开火成瘾症,巫恋+灵知+浊心斯卡蒂,300,8726,1.131,0.0
4,涤火杰西卡,掩蔽护卫,初雪+华法琳+浊心斯卡蒂,300,8724,2.03,0.0
4,涤火杰西卡,掩蔽护卫,巫恋+华法琳+浊心斯卡蒂,300,8724,2.03,0.0
4,能天使,过载模式,初雪+灵知+华法琳,300,8722,1.999,0.0
4,能天使,过载模式,巫恋+灵知+华法琳,300,8722,1.999,0.0
4,新约能天使,开火成瘾症,初雪+灵知+海蒂,300,8712,1.128,0.0
4,新约能天使,开火成瘾症,巫恋+灵知+海蒂,300,8712,1.128,0.0
4,涤火杰西卡,掩蔽护卫,初雪+华法琳+海蒂,300,8711,2.026,0.0
4,涤火杰西卡,掩蔽护卫,巫恋+华法琳+海蒂,300,8711,2.026,0.0
4,烛煌,众恶的焚场,华法琳+双月+空,300,8706,1.262,0.0
4,艾拉,“博萨克风暴”,初雪+华法琳+浊心斯卡蒂,300,8706,1.777,0.0
4,艾拉,“博萨克风暴”,巫恋+华法琳+浊心斯卡蒂,300,8706,1.777,0.0
4,艾拉,“博萨克风暴”,初雪+华法琳+海蒂,300,8694,1.774,0.0
4,艾拉,“博萨克风暴”,巫恋+华法琳+海蒂,300,8694,1.774,0.0
4,百炼嘉维尔,丛林之魂,初雪+华法琳+双月,300,8676,1.506,0.0
4,百炼嘉维尔,丛林之魂,巫恋+华法琳+双月,300,8676,1.506,0.0
4,涤火杰西卡,掩蔽护卫,初雪+华法琳+空,300,8662,2.008,0.0
4,涤火杰西卡,掩蔽护卫,巫恋+华法琳+空,300,8662,2.008,0.0
4,新约能天使,开火成瘾症,初雪+灵知+空,300,8661,1.115,0.0
4,新约能天使,开火成瘾症,巫恋+灵知+空,300,8661,1.115,0.0
4,艾拉,“博萨克风暴”,初雪+华法琳+空,300,8651,1.76,0.0
4,艾拉,“博萨克风暴”,巫恋+华法琳+空,300,8651,1.76,0.0
4,新约能天使,开火成瘾症,初雪+凛御银灰+浊心斯卡蒂,300,8631,1.108,7.5
4,新约能天使,开火成瘾症,巫恋+凛御银灰+浊心斯卡蒂,300,8631,1.108,7.5
4,能天使,过载模式,初雪+凛御银灰+华法琳,300,8627,1.966,7.5
4,能天使,过载模式,巫恋+凛御银灰+华法琳,300,8627,1.966,7.5
4,涤火杰西卡,饱和迸射,凛御银灰+灵知+华法琳,300,8626,1.383,7.5
4,领主·Sharp,沉默的爆发,凛御银灰+灵知+华法琳,300,8624,1.431,7.5
4,新约能天使,开火成瘾症,初雪+凛御银灰+海蒂,300,8618,1.105,7.5
4,新约能天使,开火成瘾症,巫恋+凛御银灰+海蒂,300,8618,1.105,7.5
4,烛煌,众恶的焚场,初雪+濯尘芙蓉+华法琳,300,8593,1.233,4.5
4,烛煌,众恶的焚场,巫恋+濯尘芙蓉+华法琳,300,8593,1.233,4.5
4,烛煌,众恶的焚场,华法琳+铃兰+双月,300,8593,1.233,0.0
4,涤火杰西卡,饱和迸射,初雪+巫恋+浊心斯卡蒂,300,8579,1.37,0.0
4,领主·Sharp,沉默的爆发,灵知+华法琳+浊心斯卡蒂,300,8577,1.417,0.0
4,涤火杰西卡,饱和迸射,初雪+巫恋+华法琳,1200,8574,1.748,0.0
4,领主·Sharp,沉默的爆发,灵知+华法琳+海蒂,300,8568,1.415,0.0
4,新约能天使,开火成瘾症,初雪+凛御银灰+空,300,8567,1.092,7.5
4,新约能天使,开火成瘾症,巫恋+凛御银灰+空,300,8567,1.092,7.5
4,涤火杰西卡,饱和迸射,初雪+巫恋+海蒂,300,8563,1.365,0.0
4,新约能天使,开火成瘾症,初雪+华法琳+浊心斯卡蒂,1200,8558,2.298,0.0
4,新约能天使,开火成瘾症,巫恋+华法琳+浊心斯卡蒂,1200,8558,2.298,0.0
4,艾拉,“博萨克风暴”,初雪+巫恋+华法琳,300,8551,1.728,0.0
4,新约能天使,开火成瘾症,初雪+华法琳+海蒂,1200,8547,2.294,0.0
4,新约能天使,开火成瘾症,巫恋+华法琳+海蒂,1200,8547,2.294,0.0
4,灵知,失温症,凛御银灰+铃兰+浊心斯卡蒂,300,8541,1.16,7.5
4,领主·Sharp,沉默的爆发,灵知+华法琳+空,300,8536,1.406,0.0
4,涤火杰西卡,饱和迸射,灵知+华法琳+浊心斯卡蒂,1200,8525,1.732,0.0
4,灵知,失温症,凛御银灰+铃兰+海蒂,300,8525,1.156,7.5
4,百炼嘉维尔,丛林之魂,凛御银灰+灵知+华法琳,300,8523,1.462,7.5
4,涤火杰西卡,饱和迸射,灵知+华法琳+海蒂,1200,8513,1.728,0.0
4,新约能天使,开火成瘾症,初雪+铃兰+浊心斯卡蒂,300,8507,1.078,0.0
4,新约能天使,开火成瘾症,巫恋+铃兰+浊心斯卡蒂,300,8507,1.078,0.0
4,忍冬,隐狐之艺,初雪+华法琳+浊心斯卡蒂,300,8507,1.917,0.0
4,忍冬,隐狐之艺,巫恋+华法琳+浊心斯卡蒂,300,8507,1.917,0.0
4,新约能天使,开火成瘾症,初雪+华法琳+空,1200,8504,2.278,0.0
4,新约能天使,开火成瘾症,巫恋+华法琳+空,1200,8504,2.278,0.0
4,能天使,过载模式,初雪+华法琳+铃兰,300,8504,1.924,0.0
4,能天使,过载模式,巫恋+华法琳+铃兰,300,8504,1.924,0.0
4,涤火杰西卡,饱和迸射,初雪+巫恋+空,300,8503,1.349,0.0
4,涤火杰西卡,饱和迸射,灵知+华法琳+铃兰,300,8498,1.347,0.0
4,领主·Sharp,沉默的爆发,灵知+华法琳+铃兰,300,8496,1.394,0.0
4,忍冬,隐狐之艺,初雪+华法琳+海蒂,300,8495,1.913,0.0
4,忍冬,隐狐之艺,巫恋+华法琳+海蒂,300,8495,1.913,0.0
4,新约能天使,开火成瘾症,初雪+铃兰+海蒂,300,8494,1.075,0.0
4,新约能天使,开火成瘾症,巫恋+铃兰+海蒂,300,8494,1.075,0.0
4,灵知,失温症,凛御银灰+双月+浊心斯卡蒂,300,8484,1.145,7.5
4,涤火杰西卡,饱和迸射,灵知+华法琳+空,1200,8467,1.714,0.0
4,百炼嘉维尔,丛林之魂,灵知+华法琳+浊心斯卡蒂,300,8467,1.446,0.0
4,灵知,失温症,凛御银灰+双月+海蒂,300,8467,1.141,7.5
4,真言,意识联协,初雪+灵知+华法琳,300,8464,1.012,0.0
4,真言,意识联协,巫恋+灵知+华法琳,300,8464,1.012,0.0
4,灵知,失温症,凛御银灰+铃兰+空,300,8462,1.14,7.5
4,领主·Sharp,沉默的爆发,凛御银灰+华法琳+浊心斯卡蒂,300,8460,1.384,7.5
4,百炼嘉维尔,丛林之魂,灵知+华法琳+海蒂,300,8459,1.443,0.0
4,烛煌,众恶的焚场,初雪+巫恋+浊心斯卡蒂,300,8457,1.198,0.0
4,新约能天使,开火成瘾症,初雪+双月+浊心斯卡蒂,300,8453,1.064,0.0
4,新约能天使,开火成瘾症,巫恋+双月+浊心斯卡蒂,300,8453,1.064,0.0
4,领主·Sharp,沉默的爆发,凛御银灰+华法琳+海蒂,300,8451,1.382,7.5
4,能天使,过载模式,初雪+华法琳+双月,300,8449,1.905,0.0
4,能天使,过载模式,巫恋+华法琳+双月,300,8449,1.905,0.0
4,忍冬,隐狐之艺,初雪+华法琳+空,300,8449,1.897,0.0
4,忍冬,隐狐之艺,巫恋+华法琳+空,300,8449,1.897,0.0
4,新约能天使,开火成瘾症,初雪+铃兰+空,300,8445,1.062,0.0
4,新约能天使,开火成瘾症,巫恋+铃兰+空,300,8445,1.062,0.0
4,烛煌,众恶的焚场,初雪+巫恋+海蒂,300,8445,1.194,0.0
4,涤火杰西卡,饱和迸射,灵知+华法琳+双月,300,8441,1.332,0.0
4,新约能天使,开火成瘾症,初雪+双月+海蒂,300,8440,1.061,0.0
4,新约能天使,开火成瘾症,巫恋+双月+海蒂,300,8440,1.061,0.0
4,领主·Sharp,沉默的爆发,灵知+华法琳+双月,300,8439,1.379,0.0
4,百炼嘉维尔,丛林之魂,灵知+华法琳+空,300,8427,1.434,0.0
4,新约能天使,开火成瘾症,初雪+巫恋+华法琳,1200,8425,2.247,0.0
4,领主·Sharp,沉默的爆发,凛御银灰+华法琳+空,300,8419,1.373,7.5
4,涤火杰西卡,饱和迸射,凛御银灰+华法琳+浊心斯卡蒂,1200,8409,1.695,7.5
4,灵知,失温症,凛御银灰+双月+空,300,8405,1.125,7.5
4,涤火杰西卡,饱和迸射,凛御银灰+华法琳+铃兰,300,8399,1.32,7.5
4,领主·Sharp,沉默的爆发,凛御银灰+华法琳+铃兰,300,8398,1.367,7.5
4,涤火杰西卡,饱和迸射,凛御银灰+华法琳+海蒂,1200,8397,1.691,7.5
4,百炼嘉维尔,丛林之魂,灵知+华法琳+铃兰,300,8396,1.425,0.0
4,烛煌,众恶的焚场,初雪+巫恋+空,300,8396,1.182,0.0
4,新约能天使,开火成瘾症,初雪+双月+空,300,8391,1.049,0.0
4,新约能天使,开火成瘾症,巫恋+双月+空,300,8391,1.049,0.0
4,真言,意识联协,初雪+凛御银灰+华法琳,300,8372,0.99,7.5
4,真言,意识联协,巫恋+凛御银灰+华法琳,300,8372,0.99,7.5
4,灵知,失温症,凛御银灰+濯尘芙蓉+华法琳,300,8359,1.114,12.0
4,灵知,失温症,初雪+濯尘芙蓉+浊心斯卡蒂,300,8353,1.112,4.5
4,灵知,失温症,巫恋+濯尘芙蓉+浊心斯卡蒂,300,8353,1.112,4.5
4,灵知,失温症,铃兰+双月+浊心斯卡蒂,300,8353,1.112,0.0
3,新约能天使,开火成瘾症,灵知+华法琳,300,8351,1.04,0.0
4,新约能天使,开火成瘾症,灵知+华法琳+阿斯卡纶,300,8351,1.04,6.0
4,新约能天使,开火成瘾症,灵知+华法琳+予愿安洁莉娜,300,8351,1.04,6.0
4,新约能天使,开火成瘾症,灵知+华法琳+泥岩,300,8351,1.04,6.0
4,新约能天使,开火成瘾症,灵知+华法琳+极境,300,8351,1.04,6.0
4,新约能天使,开火成瘾症,灵知+华法琳+和弦,300,8351,1.04,6.0
4,新约能天使,开火成瘾症,灵知+华法琳+夜魔,300,8351,1.04,6.0
4,新约能天使,开火成瘾症,灵知+华法琳+烛煌,300,8351,1.04,7.5
4,涤火杰西卡,饱和迸射,凛御银灰+华法琳+空,1200,8351,1.677,7.5
4,百炼嘉维尔,丛林之魂,凛御银灰+华法琳+浊心斯卡蒂,300,8351,1.412,7.5
4,百炼嘉维尔,丛林之魂,凛御银灰+华法琳+海蒂,300,8343,1.41,7.5
4,涤火杰西卡,饱和迸射,凛御银灰+华法琳+双月,300,8342,1.304,7.5
4,领主·Sharp,沉默的爆发,凛御银灰+华法琳+双月,300,8341,1.351,7.5
4,百炼嘉维尔,丛林之魂,灵知+华法琳+双月,300,8340,1.409,0.0
4,灵知,失温症,初雪+濯尘芙蓉+海蒂,300,8337,1.108,4.5
4,灵知,失温症,巫恋+濯尘芙蓉+海蒂,300,8337,1.108,4.5
4,灵知,失温症,铃兰+双月+海蒂,300,8337,1.108,0.0
4,涤火杰西卡,掩蔽护卫,灵知+华法琳+浊心斯卡蒂,300,8330,1.893,0.0
4,涤火杰西卡,掩蔽护卫,灵知+华法琳+海蒂,300,8318,1.889,0.0
4,艾拉,“博萨克风暴”,灵知+华法琳+浊心斯卡蒂,300,8313,1.652,0.0
4,百炼嘉维尔,丛林之魂,凛御银灰+华法琳+空,300,8312,1.401,7.5
4,领主·Sharp,沉默的爆发,华法琳+铃兰+浊心斯卡蒂,300,8307,1.341,0.0
4,新约能天使,开火成瘾症,凛御银灰+灵知+浊心斯卡蒂,300,8304,1.028,7.5
4,艾拉,“博萨克风暴”,灵知+华法琳+海蒂,300,8302,1.648,0.0
4,能天使,过载模式,凛御银灰+灵知+华法琳,300,8300,1.854,7.5
4,百炼嘉维尔,丛林之魂,凛御银灰+华法琳+铃兰,300,8299,1.397,7.5
4,领主·Sharp,沉默的爆发,华法琳+铃兰+海蒂,300,8298,1.339,0.0
4,新约能天使,开火成瘾症,凛御银灰+灵知+海蒂,300,8291,1.025,7.5
4,灵知,失温症,初雪+濯尘芙蓉+空,300,8276,1.093,4.5
4,灵知,失温症,巫恋+濯尘芙蓉+空,300,8276,1.093,4.5
4,灵知,失温症,铃兰+双月+空,300,8276,1.093,0.0
4,涤火杰西卡,掩蔽护卫,灵知+华法琳+空,300,8271,1.873,0.0
4,涤火杰西卡,饱和迸射,初雪+灵知+浊心斯卡蒂,300,8269,1.284,0.0
4,涤火杰西卡,饱和迸射,巫恋+灵知+浊心斯卡蒂,300,8269,1.284,0.0
4,领主·Sharp,沉默的爆发,华法琳+铃兰+空,300,8267,1.33,0.0
4,涤火杰西卡,饱和迸射,初雪+灵知+华法琳,1200,8264,1.649,0.0
4,涤火杰西卡,饱和迸射,巫恋+灵知+华法琳,1200,8264,1.649,0.0
4,艾拉,“博萨克风暴”,灵知+华法琳+空,300,8261,1.635,0.0
4,涤火杰西卡,饱和迸射,华法琳+铃兰+浊心斯卡蒂,1200,8257,1.646,0.0
4,涤火杰西卡,掩蔽护卫,初雪+巫恋+华法琳,300,8257,1.868,0.0
4,涤火杰西卡,饱和迸射,初雪+灵知+海蒂,300,8253,1.28,0.0
4,涤火杰西卡,饱和迸射,巫恋+灵知+海蒂,300,8253,1.28,0.0
4,真言,意识联协,初雪+华法琳+铃兰,300,8252,0.961,0.0
4,真言,意识联协,巫恋+华法琳+铃兰,300,8252,0.961,0.0
4,涤火杰西卡,饱和迸射,华法琳+铃兰+海蒂,1200,8245,1.642,0.0
4,百炼嘉维尔,丛林之魂,凛御银灰+华法琳+双月,300,8243,1.381,7.5
4,新约能天使,开火成瘾症,凛御银灰+灵知+空,300,8242,1.013,7.5
4,艾拉,“博萨克风暴”,初雪+灵知+华法琳,300,8242,1.629,0.0
4,艾拉,“博萨克风暴”,巫恋+灵知+华法琳,300,8242,1.629,0.0
4,领主·Sharp,沉默的爆发,华法琳+双月+浊心斯卡蒂,300,8239,1.322,0.0
3,新约能天使,开火成瘾症,凛御银灰+华法琳,300,8237,1.012,7.5
4,新约能天使,开火成瘾症,凛御银灰+华法琳+阿斯卡纶,300,8237,1.012,13.5
4,新约能天使,开火成瘾症,凛御银灰+华法琳+予愿安洁莉娜,300,8237,1.012,13.5
4,新约能天使,开火成瘾症,凛御银灰+华法琳+泥岩,300,8237,1.012,13.5
4,新约能天使,开火成瘾症,凛御银灰+华法琳+极境,300,8237,1.012,13.5
4,新约能天使,开火成瘾症,凛御银灰+华法琳+和弦,300,8237,1.012,13.5
4,新约能天使,开火成瘾症,凛御银灰+华法琳+夜魔,300,8237,1.012,13.5
4,新约能天使,开火成瘾症,凛御银灰+华法琳+烛煌,300,8237,1.012,15.0
4,烛煌,众恶的焚场,濯尘芙蓉+灵知+华法琳,300,8237,1.141,4.5
4,领主·Sharp,沉默的爆发,华法琳+双月+海蒂,300,8231,1.32,0.0
4,灵知,失温症,濯尘芙蓉+华法琳+铃兰,300,8221,1.079,4.5
4,涤火杰西卡,掩蔽护卫,凛御银灰+华法琳+浊心斯卡蒂,300,8217,1.854,7.5
4,涤火杰西卡,饱和迸射,初雪+濯尘芙蓉+华法琳,300,8214,1.269,4.5
4,涤火杰西卡,饱和迸射,巫恋+濯尘芙蓉+华法琳,300,8214,1.269,4.5
4,涤火杰西卡,饱和迸射,华法琳+铃兰+双月,300,8214,1.269,0.0
4,领主·Sharp,沉默的爆发,初雪+濯尘芙蓉+华法琳,300,8213,1.315,4.5
4,领主·Sharp,沉默的爆发,巫恋+濯尘芙蓉+华法琳,300,8213,1.315,4.5
4,领主·Sharp,沉默的爆发,华法琳+铃兰+双月,300,8213,1.315,0.0
4,涤火杰西卡,掩蔽护卫,凛御银灰+华法琳+海蒂,300,8204,1.85,7.5
4,百炼嘉维尔,丛林之魂,华法琳+铃兰+浊心斯卡蒂,300,8201,1.369,0.0
4,涤火杰西卡,饱和迸射,华法琳+铃兰+空,1200,8200,1.628,0.0
4,领主·Sharp,沉默的爆发,华法琳+双月+空,300,8200,1.311,0.0
4,真言,意识联协,初雪+华法琳+双月,300,8199,0.949,0.0
4,真言,意识联协,巫恋+华法琳+双月,300,8199,0.949,0.0
4,艾拉,“博萨克风暴”,凛御银灰+华法琳+浊心斯卡蒂,300,8199,1.616,7.5
4,涤火杰西卡,饱和迸射,初雪+灵知+空,300,8195,1.264,0.0
4,涤火杰西卡,饱和迸射,巫恋+灵知+空,300,8195,1.264,0.0
4,百炼嘉维尔,丛林之魂,华法琳+铃兰+海蒂,300,8192,1.366,0.0
4,涤火杰西卡,饱和迸射,华法琳+双月+浊心斯卡蒂,1200,8190,1.625,0.0
4,艾拉,“博萨克风暴”,凛御银灰+华法琳+海蒂,300,8188,1.612,7.5
4,新约能天使,开火成瘾症,灵知+铃兰+浊心斯卡蒂,300,8180,0.998,0.0
4,涤火杰西卡,饱和迸射,初雪+凛御银灰+浊心斯卡蒂,300,8179,1.259,7.5
4,涤火杰西卡,饱和迸射,巫恋+凛御银灰+浊心斯卡蒂,300,8179,1.259,7.5
4,涤火杰西卡,饱和迸射,华法琳+双月+海蒂,1200,8178,1.621,0.0
4,能天使,过载模式,灵知+华法琳+铃兰,300,8176,1.811,0.0
4,涤火杰西卡,饱和迸射,初雪+凛御银灰+华法琳,1200,8174,1.62,7.5
4,涤火杰西卡,饱和迸射,巫恋+凛御银灰+华法琳,1200,8174,1.62,7.5
4,新约能天使,开火成瘾症,灵知+华法琳+浊心斯卡蒂,1200,8172,2.15,0.0
4,新约能天使,开火成瘾症,灵知+铃兰+海蒂,300,8168,0.995,0.0
4,涤火杰西卡,饱和迸射,初雪+凛御银灰+海蒂,300,8164,1.255,7.5
4,涤火杰西卡,饱和迸射,巫恋+凛御银灰+海蒂,300,8164,1.255,7.5
4,百炼嘉维尔,丛林之魂,华法琳+铃兰+空,300,8162,1.357,0.0
4,新约能天使,开火成瘾症,灵知+华法琳+海蒂,1200,8161,2.146,0.0
4,灵知,失温症,濯尘芙蓉+华法琳+双月,300,8160,1.064,4.5
4,涤火杰西卡,掩蔽护卫,凛御银灰+华法琳+空,300,8158,1.833,7.5
4,忍冬,隐狐之艺,初雪+巫恋+华法琳,300,8155,1.796,0.0
4,艾拉,“博萨克风暴”,初雪+凛御银灰+华法琳,300,8153,1.601,7.5
4,艾拉,“博萨克风暴”,巫恋+凛御银灰+华法琳,300,8153,1.601,7.5
4,烛煌,众恶的焚场,初雪+灵知+浊心斯卡蒂,300,8152,1.118,0.0
4,烛煌,众恶的焚场,巫恋+灵知+浊心斯卡蒂,300,8152,1.118,0.0
4,艾拉,“博萨克风暴”,凛御银灰+华法琳+空,300,8148,1.599,7.5
4,烛煌,众恶的焚场,初雪+灵知+海蒂,300,8139,1.115,0.0
4,烛煌,众恶的焚场,巫恋+灵知+海蒂,300,8139,1.115,0.0
4,烛煌,众恶的焚场,凛御银灰+濯尘芙蓉+华法琳,300,8135,1.114,12.0
4,涤火杰西卡,饱和迸射,华法琳+双月+空,1200,8134,1.607,0.0
4,百炼嘉维尔,丛林之魂,华法琳+双月+浊心斯卡蒂,300,8134,1.349,0.0
4,新约能天使,开火成瘾症,灵知+双月+浊心斯卡蒂,300,8126,0.985,0.0
4,百炼嘉维尔,丛林之魂,华法琳+双月+海蒂,300,8126,1.347,0.0
4,忍冬,隐狐之艺,灵知+华法琳+浊心斯卡蒂,300,8124,1.785,0.0
4,能天使,过载模式,灵知+华法琳+双月,300,8122,1.793,0.0
4,新约能天使,开火成瘾症,初雪+灵知+华法琳,1200,8121,2.13,0.0
4,新约能天使,开火成瘾症,巫恋+灵知+华法琳,1200,8121,2.13,0.0
4,新约能天使,开火成瘾症,灵知+华法琳+空,1200,8121,2.13,0.0
4,真言,意识联协,初雪+巫恋+灵知,300,8120,0.93,0.0
4,新约能天使,开火成瘾症,灵知+铃兰+空,300,8120,0.983,0.0
4,百炼嘉维尔,丛林之魂,初雪+濯尘芙蓉+华法琳,300,8116,1.344,4.5
4,百炼嘉维尔,丛林之魂,巫恋+濯尘芙蓉+华法琳,300,8116,1.344,4.5
4,百炼嘉维尔,丛林之魂,华法琳+铃兰+双月,300,8116,1.344,0.0
4,能天使,过载模式,濯尘芙蓉+华法琳+浊心斯卡蒂,300,8114,1.79,4.5
4,新约能天使,开火成瘾症,灵知+双月+海蒂,300,8113,0.981,0.0
4,忍冬,隐狐之艺,灵知+华法琳+海蒂,300,8112,1.781,0.0
4,涤火杰西卡,饱和迸射,初雪+凛御银灰+空,300,8106,1.239,7.5
4,涤火杰西卡,饱和迸射,巫恋+凛御银灰+空,300,8106,1.239,7.5
4,能天使,过载模式,濯尘芙蓉+华法琳+海蒂,300,8102,1.786,4.5
3,灵知,失温症,初雪+华法琳,300,8100,1.048,0.0
3,灵知,失温症,巫恋+华法琳,300,8100,1.048,0.0
4,灵知,失温症,初雪+华法琳+阿斯卡纶,300,8100,1.048,6.0
4,灵知,失温症,初雪+华法琳+予愿安洁莉娜,300,8100,1.048,6.0
4,灵知,失温症,初雪+华法琳+泥岩,300,8100,1.048,6.0
4,灵知,失温症,初雪+华法琳+极境,300,8100,1.048,6.0
4,灵知,失温症,初雪+华法琳+和弦,300,8100,1.048,6.0
4,灵知,失温症,初雪+华法琳+夜魔,300,8100,1.048,6.0
4,灵知,失温症,初雪+华法琳+烛煌,300,8100,1.048,7.5
4,灵知,失温症,巫恋+华法琳+阿斯卡纶,300,8100,1.048,6.0
4,灵知,失温症,巫恋+华法琳+予愿安洁莉娜,300,8100,1.048,6.0
4,灵知,失温症,巫恋+华法琳+泥岩,300,8100,1.048,6.0
4,灵知,失温症,巫恋+华法琳+极境,300,8100,1.048,6.0
4,灵知,失温症,巫恋+华法琳+和弦,300,8100,1.048,6.0
4,灵知,失温症,巫恋+华法琳+夜魔,300,8100,1.048,6.0
4,灵知,失温症,巫恋+华法琳+烛煌,300,8100,1.048,7.5
4,百炼嘉维尔,丛林之魂,华法琳+双月+空,300,8095,1.338,0.0
4,烛煌,众恶的焚场,初雪+灵知+空,300,8093,1.103,0.0
4,烛煌,众恶的焚场,巫恋+灵知+空,300,8093,1.103,0.0
3,新约能天使,开火成瘾症,华法琳+铃兰,300,8088,0.975,0.0
4,新约能天使,开火成瘾症,华法琳+阿斯卡纶+铃兰,300,8088,0.975,6.0
4,新约能天使,开火成瘾症,华法琳+予愿安洁莉娜+铃兰,300,8088,0.975,6.0
4,新约能天使,开火成瘾症,华法琳+泥岩+铃兰,300,8088,0.975,6.0
4,新约能天使,开火成瘾症,华法琳+极境+铃兰,300,8088,0.975,6.0
4,新约能天使,开火成瘾症,华法琳+和弦+铃兰,300,8088,0.975,6.0
4,新约能天使,开火成瘾症,华法琳+夜魔+铃兰,300,8088,0.975,6.0
4,新约能天使,开火成瘾症,华法琳+铃兰+烛煌,300,8088,0.975,7.5
4,新约能天使,开火成瘾症,凛御银灰+铃兰+浊心斯卡蒂,300,8086,0.975,7.5
4,能天使,过载模式,凛御银灰+华法琳+铃兰,300,8082,1.779,7.5
4,涤火杰西卡,饱和迸射,濯尘芙蓉+华法琳+浊心斯卡蒂,300,8078,1.231,4.5
4,新约能天使,开火成瘾症,凛御银灰+铃兰+海蒂,300,8073,0.972,7.5
4,涤火杰西卡,饱和迸射,濯尘芙蓉+华法琳+海蒂,300,8068,1.229,4.5
4,涤火杰西卡,掩蔽护卫,华法琳+铃兰+浊心斯卡蒂,300,8068,1.802,0.0
4,忍冬,隐狐之艺,灵知+华法琳+空,300,8068,1.766,0.0
4,新约能天使,开火成瘾症,灵知+双月+空,300,8066,0.97,0.0
4,烛煌,众恶的焚场,初雪+凛御银灰+浊心斯卡蒂,300,8063,1.095,7.5
4,烛煌,众恶的焚场,巫恋+凛御银灰+浊心斯卡蒂,300,8063,1.095,7.5
4,涤火杰西卡,饱和迸射,初雪+铃兰+浊心斯卡蒂,300,8062,1.227,0.0
4,涤火杰西卡,饱和迸射,巫恋+铃兰+浊心斯卡蒂,300,8062,1.227,0.0
4,新约能天使,开火成瘾症,凛御银灰+华法琳+浊心斯卡蒂,1200,8060,2.107,7.5
4,真言,意识联协,初雪+巫恋+浊心斯卡蒂,300,8059,0.915,0.0
4,涤火杰西卡,饱和迸射,初雪+华法琳+铃兰,1200,8057,1.582,0.0
4,涤火杰西卡,饱和迸射,巫恋+华法琳+铃兰,1200,8057,1.582,0.0
4,涤火杰西卡,掩蔽护卫,华法琳+铃兰+海蒂,300,8056,1.798,0.0
4,真言,意识联协,凛御银灰+灵知+华法琳,300,8055,0.914,7.5
4,能天使,过载模式,濯尘芙蓉+华法琳+空,300,8055,1.769,4.5
4,真言,意识联协,初雪+巫恋+海蒂,300,8052,0.914,0.0
4,烛煌,众恶的焚场,初雪+凛御银灰+海蒂,300,8051,1.092,7.5
4,烛煌,众恶的焚场,巫恋+凛御银灰+海蒂,300,8051,1.092,7.5
4,艾拉,“博萨克风暴”,华法琳+铃兰+浊心斯卡蒂,300,8051,1.568,0.0
4,新约能天使,开火成瘾症,凛御银灰+华法琳+海蒂,1200,8050,2.103,7.5
4,真言,意识联协,初雪+巫恋+凛御银灰,300,8047,0.913,7.5
4,涤火杰西卡,饱和迸射,初雪+铃兰+海蒂,300,8047,1.223,0.0
4,涤火杰西卡,饱和迸射,巫恋+铃兰+海蒂,300,8047,1.223,0.0
4,艾拉,“博萨克风暴”,华法琳+铃兰+海蒂,300,8041,1.565,0.0
4,艾拉,“博萨克风暴”,初雪+华法琳+铃兰,300,8036,1.564,0.0
4,艾拉,“博萨克风暴”,巫恋+华法琳+铃兰,300,8036,1.564,0.0
4,烛煌,众恶的焚场,濯尘芙蓉+华法琳+浊心斯卡蒂,300,8034,1.088,4.5
4,新约能天使,开火成瘾症,初雪+凛御银灰+华法琳,1200,8033,2.096,7.5
4,新约能天使,开火成瘾症,巫恋+凛御银灰+华法琳,1200,8033,2.096,7.5
4,新约能天使,开火成瘾症,凛御银灰+双月+浊心斯卡蒂,300,8031,0.961,7.5
4,真言,意识联协,初雪+巫恋+空,300,8027,0.908,0.0
4,涤火杰西卡,饱和迸射,濯尘芙蓉+华法琳+空,300,8027,1.217,4.5
4,能天使,过载模式,凛御银灰+华法琳+双月,300,8027,1.76,7.5
4,新约能天使,开火成瘾症,凛御银灰+铃兰+空,300,8026,0.96,7.5
4,烛煌,众恶的焚场,濯尘芙蓉+华法琳+海蒂,300,8025,1.085,4.5
3,新约能天使,开火成瘾症,华法琳+双月,300,8022,0.959,0.0
4,新约能天使,开火成瘾症,华法琳+阿斯卡纶+双月,300,8022,0.959,6.0
4,新约能天使,开火成瘾症,华法琳+予愿安洁莉娜+双月,300,8022,0.959,6.0
4,新约能天使,开火成瘾症,华法琳+泥岩+双月,300,8022,0.959,6.0
4,新约能天使,开火成瘾症,华法琳+极境+双月,300,8022,0.959,6.0
4,新约能天使,开火成瘾症,华法琳+和弦+双月,300,8022,0.959,6.0
4,新约能天使,开火成瘾症,华法琳+夜魔+双月,300,8022,0.959,6.0
4,新约能天使,开火成瘾症,华法琳+烛煌+双月,300,8022,0.959,7.5
4,新约能天使,开火成瘾症,凛御银灰+双月+海蒂,300,8019,0.958,7.5
4,能天使,扫射模式,初雪+华法琳+浊心斯卡蒂,300,8019,2.176,0.0
4,能天使,扫射模式,巫恋+华法琳+浊心斯卡蒂,300,8019,2.176,0.0
4,忍冬,隐狐之艺,凛御银灰+华法琳+浊心斯卡蒂,300,8012,1.747,7.5
4,新约能天使,开火成瘾症,凛御银灰+华法琳+空,1200,8010,2.087,7.5
4,涤火杰西卡,饱和迸射,初雪+双月+浊心斯卡蒂,300,8010,1.213,0.0
4,涤火杰西卡,饱和迸射,巫恋+双月+浊心斯卡蒂,300,8010,1.213,0.0
4,涤火杰西卡,掩蔽护卫,华法琳+铃兰+空,300,8010,1.782,0.0
4,能天使,扫射模式,初雪+华法琳+海蒂,300,8007,2.171,0.0
4,能天使,扫射模式,巫恋+华法琳+海蒂,300,8007,2.171,0.0
4,涤火杰西卡,饱和迸射,初雪+华法琳+双月,1200,8006,1.566,0.0
4,涤火杰西卡,饱和迸射,巫恋+华法琳+双月,1200,8006,1.566,0.0
4,烛煌,众恶的焚场,初雪+凛御银灰+空,300,8005,1.08,7.5
4,烛煌,众恶的焚场,巫恋+凛御银灰+空,300,8005,1.08,7.5
4,涤火杰西卡,掩蔽护卫,华法琳+双月+浊心斯卡蒂,300,8002,1.779,0.0
4,忍冬,隐狐之艺,凛御银灰+华法琳+海蒂,300,8001,1.743,7.5
4,烛煌,众恶的焚场,濯尘芙蓉+华法琳+铃兰,300,8000,1.079,4.5
4,艾拉,“博萨克风暴”,华法琳+铃兰+空,300,8000,1.552,0.0
4,涤火杰西卡,饱和迸射,初雪+双月+海蒂,300,7995,1.209,0.0
4,涤火杰西卡,饱和迸射,巫恋+双月+海蒂,300,7995,1.209,0.0
4,烛煌,众恶的焚场,濯尘芙蓉+华法琳+空,300,7992,1.077,4.5
4,涤火杰西卡,饱和迸射,初雪+铃兰+空,300,7990,1.207,0.0
4,涤火杰西卡,饱和迸射,巫恋+铃兰+空,300,7990,1.207,0.0
4,涤火杰西卡,掩蔽护卫,华法琳+双月+海蒂,300,7990,1.775,0.0
4,艾拉,“博萨克风暴”,华法琳+双月+浊心斯卡蒂,300,7986,1.548,0.0
4,艾拉,“博萨克风暴”,初雪+华法琳+双月,300,7985,1.547,0.0
4,艾拉,“博萨克风暴”,巫恋+华法琳+双月,300,7985,1.547,0.0
4,艾拉,“博萨克风暴”,华法琳+双月+海蒂,300,7975,1.544,0.0
4,新约能天使,开火成瘾症,凛御银灰+双月+空,300,7972,0.947,7.5
4,能天使,扫射模式,初雪+华法琳+空,300,7962,2.153,0.0
4,能天使,扫射模式,巫恋+华法琳+空,300,7962,2.153,0.0
4,涤火杰西卡,掩蔽护卫,初雪+灵知+华法琳,300,7958,1.764,0.0
4,涤火杰西卡,掩蔽护卫,巫恋+灵知+华法琳,300,7958,1.764,0.0
4,忍冬,隐狐之艺,凛御银灰+华法琳+空,300,7957,1.729,7.5
4,真言,意识联协,初雪+巫恋+铃兰,300,7952,0.89,0.0
4,烛煌,众恶的焚场,初雪+铃兰+浊心斯卡蒂,300,7948,1.065,0.0
4,烛煌,众恶的焚场,巫恋+铃兰+浊心斯卡蒂,300,7948,1.065,0.0
4,涤火杰西卡,掩蔽护卫,华法琳+双月+空,300,7945,1.76,0.0
4,烛煌,众恶的焚场,濯尘芙蓉+华法琳+双月,300,7941,1.064,4.5
4,涤火杰西卡,饱和迸射,初雪+双月+空,300,7939,1.193,0.0
4,涤火杰西卡,饱和迸射,巫恋+双月+空,300,7939,1.193,0.0
4,谬因,混沌的本质,初雪+巫恋+华法琳,300,7937,1.556,0.0
4,烛煌,众恶的焚场,初雪+铃兰+海蒂,300,7936,1.062,0.0
4,烛煌,众恶的焚场,巫恋+铃兰+海蒂,300,7936,1.062,0.0
4,真言,意识联协,灵知+华法琳+铃兰,300,7935,0.886,0.0
3,新约能天使,开火成瘾症,华法琳+浊心斯卡蒂,300,7935,0.938,0.0
4,新约能天使,开火成瘾症,华法琳+阿斯卡纶+浊心斯卡蒂,300,7935,0.938,6.0
4,新约能天使,开火成瘾症,华法琳+予愿安洁莉娜+浊心斯卡蒂,300,7935,0.938,6.0
4,新约能天使,开火成瘾症,华法琳+泥岩+浊心斯卡蒂,300,7935,0.938,6.0
4,新约能天使,开火成瘾症,华法琳+极境+浊心斯卡蒂,300,7935,0.938,6.0
4,新约能天使,开火成瘾症,华法琳+和弦+浊心斯卡蒂,300,7935,0.938,6.0
4,新约能天使,开火成瘾症,华法琳+夜魔+浊心斯卡蒂,300,7935,0.938,6.0
4,新约能天使,开火成瘾症,华法琳+烛煌+浊心斯卡蒂,300,7935,0.938,7.5
4,新约能天使,开火成瘾症,华法琳+浊心斯卡蒂+海蒂,300,7935,0.938,0.0
4,新约能天使,开火成瘾症,华法琳+浊心斯卡蒂+空,300,7935,0.938,0.0
4,艾拉,“博萨克风暴”,华法琳+双月+空,300,7935,1.532,0.0
3,新约能天使,开火成瘾症,华法琳+海蒂,300,7926,0.936,0.0
4,新约能天使,开火成瘾症,华法琳+阿斯卡纶+海蒂,300,7926,0.936,6.0
4,新约能天使,开火成瘾症,华法琳+予愿安洁莉娜+海蒂,300,7926,0.936,6.0
4,新约能天使,开火成瘾症,华法琳+泥岩+海蒂,300,7926,0.936,6.0
4,新约能天使,开火成瘾症,华法琳+极境+海蒂,300,7926,0.936,6.0
4,新约能天使,开火成瘾症,华法琳+和弦+海蒂,300,7926,0.936,6.0
4,新约能天使,开火成瘾症,华法琳+夜魔+海蒂,300,7926,0.936,6.0
4,新约能天使,开火成瘾症,华法琳+烛煌+海蒂,300,7926,0.936,7.5
4,新约能天使,开火成瘾症,华法琳+海蒂+空,300,7926,0.936,0.0
4,新约能天使,开火成瘾症,初雪+华法琳+铃兰,1200,7918,2.052,0.0
4,新约能天使,开火成瘾症,巫恋+华法琳+铃兰,1200,7918,2.052,0.0
4,新约能天使,开火成瘾症,华法琳+铃兰+浊心斯卡蒂,1200,7914,2.05,0.0
4,真言,意识联协,初雪+巫恋+双月,300,7910,0.88,0.0
4,重岳,拂尘,初雪+华法琳+浊心斯卡蒂,300,7910,1.67,0.0
4,重岳,拂尘,巫恋+华法琳+浊心斯卡蒂,300,7910,1.67,0.0
4,新约能天使,开火成瘾症,初雪+濯尘芙蓉+浊心斯卡蒂,300,7908,0.931,4.5
4,新约能天使,开火成瘾症,巫恋+濯尘芙蓉+浊心斯卡蒂,300,7908,0.931,4.5
4,新约能天使,开火成瘾症,铃兰+双月+浊心斯卡蒂,300,7908,0.931,0.0
4,灵知,失温症,凛御银灰+濯尘芙蓉+浊心斯卡蒂,300,7908,1.0,12.0
4,新约能天使,开火成瘾症,华法琳+铃兰+海蒂,1200,7904,2.046,0.0
4,能天使,过载模式,初雪+濯尘芙蓉+华法琳,300,7904,1.718,4.5
4,能天使,过载模式,巫恋+濯尘芙蓉+华法琳,300,7904,1.718,4.5
4,能天使,过载模式,华法琳+铃兰+双月,300,7904,1.718,0.0
4,新约能天使,开火成瘾症,初雪+巫恋+灵知,300,7902,0.93,0.0
4,重岳,拂尘,初雪+华法琳+海蒂,300,7900,1.667,0.0
4,重岳,拂尘,巫恋+华法琳+海蒂,300,7900,1.667,0.0
4,烛煌,众恶的焚场,初雪+双月+浊心斯卡蒂,300,7897,1.052,0.0
4,烛煌,众恶的焚场,巫恋+双月+浊心斯卡蒂,300,7897,1.052,0.0
4,真言,意识联协,初雪+华法琳+浊心斯卡蒂,300,7896,0.877,0.0
4,真言,意识联协,巫恋+华法琳+浊心斯卡蒂,300,7896,0.877,0.0
3,灵知,失温症,华法琳+浊心斯卡蒂,300,7896,0.997,0.0
4,灵知,失温症,华法琳+阿斯卡纶+浊心斯卡蒂,300,7896,0.997,6.0
4,灵知,失温症,华法琳+予愿安洁莉娜+浊心斯卡蒂,300,7896,0.997,6.0
4,灵知,失温症,华法琳+泥岩+浊心斯卡蒂,300,7896,0.997,6.0
4,灵知,失温症,华法琳+极境+浊心斯卡蒂,300,7896,0.997,6.0
4,灵知,失温症,华法琳+和弦+浊心斯卡蒂,300,7896,0.997,6.0
4,灵知,失温症,华法琳+夜魔+浊心斯卡蒂,300,7896,0.997,6.0
4,灵知,失温症,华法琳+烛煌+浊心斯卡蒂,300,7896,0.997,7.5
4,灵知,失温症,华法琳+浊心斯卡蒂+海蒂,300,7896,0.997,0.0
4,灵知,失温症,华法琳+浊心斯卡蒂+空,300,7896,0.997,0.0
4,新约能天使,开火成瘾症,初雪+濯尘芙蓉+海蒂,300,7895,0.928,4.5
4,新约能天使,开火成瘾症,巫恋+濯尘芙蓉+海蒂,300,7895,0.928,4.5
4,新约能天使,开火成瘾症,铃兰+双月+海蒂,300,7895,0.928,0.0
3,新约能天使,开火成瘾症,华法琳+空,300,7894,0.928,0.0
4,新约能天使,开火成瘾症,华法琳+阿斯卡纶+空,300,7894,0.928,6.0
4,新约能天使,开火成瘾症,华法琳+予愿安洁莉娜+空,300,7894,0.928,6.0
4,新约能天使,开火成瘾症,华法琳+泥岩+空,300,7894,0.928,6.0
4,新约能天使,开火成瘾症,华法琳+极境+空,300,7894,0.928,6.0
4,新约能天使,开火成瘾症,华法琳+和弦+空,300,7894,0.928,6.0
4,新约能天使,开火成瘾症,华法琳+夜魔+空,300,7894,0.928,6.0
4,新约能天使,开火成瘾症,华法琳+烛煌+空,300,7894,0.928,7.5
4,灵知,失温症,凛御银灰+濯尘芙蓉+海蒂,300,7892,0.996,12.0
4,真言,意识联协,初雪+华法琳+海蒂,300,7891,0.875,0.0
4,真言,意识联协,巫恋+华法琳+海蒂,300,7891,0.875,0.0
4,烛煌,众恶的焚场,初雪+铃兰+空,300,7890,1.05,0.0
4,烛煌,众恶的焚场,巫恋+铃兰+空,300,7890,1.05,0.0
3,灵知,失温症,华法琳+海蒂,300,7885,0.994,0.0
4,灵知,失温症,华法琳+阿斯卡纶+海蒂,300,7885,0.994,6.0
4,灵知,失温症,华法琳+予愿安洁莉娜+海蒂,300,7885,0.994,6.0
4,灵知,失温症,华法琳+泥岩+海蒂,300,7885,0.994,6.0
4,灵知,失温症,华法琳+极境+海蒂,300,7885,0.994,6.0
4,灵知,失温症,华法琳+和弦+海蒂,300,7885,0.994,6.0
4,灵知,失温症,华法琳+夜魔+海蒂,300,7885,0.994,6.0
4,灵知,失温症,华法琳+烛煌+海蒂,300,7885,0.994,7.5
4,灵知,失温症,华法琳+海蒂+空,300,7885,0.994,0.0
4,烛煌,众恶的焚场,初雪+双月+海蒂,300,7885,1.049,0.0
4,烛煌,众恶的焚场,巫恋+双月+海蒂,300,7885,1.049,0.0
4,真言,意识联协,灵知+华法琳+双月,300,7882,0.873,0.0
3,烛煌,众恶的焚场,初雪+华法琳,300,7882,1.048,0.0
3,烛煌,众恶的焚场,巫恋+华法琳,300,7882,1.048,0.0
4,烛煌,众恶的焚场,初雪+华法琳+阿斯卡纶,300,7882,1.048,6.0
4,烛煌,众恶的焚场,初雪+华法琳+予愿安洁莉娜,300,7882,1.048,6.0
4,烛煌,众恶的焚场,初雪+华法琳+泥岩,300,7882,1.048,6.0
4,烛煌,众恶的焚场,初雪+华法琳+极境,300,7882,1.048,6.0
4,烛煌,众恶的焚场,初雪+华法琳+和弦,300,7882,1.048,6.0
4,烛煌,众恶的焚场,初雪+华法琳+夜魔,300,7882,1.048,6.0
4,烛煌,众恶的焚场,巫恋+华法琳+阿斯卡纶,300,7882,1.048,6.0
4,烛煌,众恶的焚场,巫恋+华法琳+予愿安洁莉娜,300,7882,1.048,6.0
4,烛煌,众恶的焚场,巫恋+华法琳+泥岩,300,7882,1.048,6.0
4,烛煌,众恶的焚场,巫恋+华法琳+极境,300,7882,1.048,6.0
4,烛煌,众恶的焚场,巫恋+华法琳+和弦,300,7882,1.048,6.0
4,烛煌,众恶的焚场,巫恋+华法琳+夜魔,300,7882,1.048,6.0
4,涤火杰西卡,饱和迸射,濯尘芙蓉+灵知+华法琳,300,7874,1.175,4.5
4,领主·Sharp,沉默的爆发,濯尘芙蓉+灵知+华法琳,300,7873,1.219,4.5
4,涤火杰西卡,掩蔽护卫,初雪+凛御银灰+华法琳,300,7872,1.734,7.5
4,涤火杰西卡,掩蔽护卫,巫恋+凛御银灰+华法琳,300,7872,1.734,7.5
4,真言,意识联协,初雪+华法琳+空,300,7871,0.871,0.0
4,真言,意识联协,巫恋+华法琳+空,300,7871,0.871,0.0
4,涤火杰西卡,饱和迸射,凛御银灰+灵知+浊心斯卡蒂,300,7869,1.174,7.5
4,忍冬,隐狐之艺,华法琳+铃兰+浊心斯卡蒂,300,7868,1.698,0.0
4,新约能天使,开火成瘾症,初雪+华法琳+双月,1200,7867,2.032,0.0
4,新约能天使,开火成瘾症,巫恋+华法琳+双月,1200,7867,2.032,0.0
4,新约能天使,开火成瘾症,华法琳+铃兰+空,1200,7865,2.031,0.0
4,涤火杰西卡,饱和迸射,凛御银灰+灵知+华法琳,1200,7864,1.521,7.5
4,重岳,拂尘,初雪+华法琳+空,300,7862,1.654,0.0
4,重岳,拂尘,巫恋+华法琳+空,300,7862,1.654,0.0
4,忍冬,隐狐之艺,初雪+灵知+华法琳,300,7860,1.695,0.0
4,忍冬,隐狐之艺,巫恋+灵知+华法琳,300,7860,1.695,0.0
4,忍冬,隐狐之艺,华法琳+铃兰+海蒂,300,7856,1.694,0.0
4,涤火杰西卡,饱和迸射,凛御银灰+灵知+海蒂,300,7854,1.17,7.5
4,新约能天使,开火成瘾症,华法琳+双月+浊心斯卡蒂,1200,7850,2.026,0.0
4,新约能天使,开火成瘾症,初雪+濯尘芙蓉+空,300,7849,0.917,4.5
4,新约能天使,开火成瘾症,巫恋+濯尘芙蓉+空,300,7849,0.917,4.5
4,新约能天使,开火成瘾症,铃兰+双月+空,300,7849,0.917,0.0
4,艾拉,“博萨克风暴”,凛御银灰+灵知+华法琳,300,7844,1.502,7.5
4,真言,意识联协,凛御银灰+华法琳+铃兰,300,7843,0.864,7.5
3,灵知,失温症,华法琳+空,300,7843,0.983,0.0
4,灵知,失温症,华法琳+阿斯卡纶+空,300,7843,0.983,6.0
4,灵知,失温症,华法琳+予愿安洁莉娜+空,300,7843,0.983,6.0
4,灵知,失温症,华法琳+泥岩+空,300,7843,0.983,6.0
4,灵知,失温症,华法琳+极境+空,300,7843,0.983,6.0
4,灵知,失温症,华法琳+和弦+空,300,7843,0.983,6.0
4,灵知,失温症,华法琳+夜魔+空,300,7843,0.983,6.0
4,灵知,失温症,华法琳+烛煌+空,300,7843,0.983,7.5
4,重岳,拂尘,初雪+巫恋+华法琳,300,7842,1.647,0.0
4,新约能天使,开火成瘾症,华法琳+双月+海蒂,1200,7840,2.022,0.0
4,烛煌,众恶的焚场,初雪+双月+空,300,7840,1.037,0.0
4,烛煌,众恶的焚场,巫恋+双月+空,300,7840,1.037,0.0
4,灵知,失温症,凛御银灰+濯尘芙蓉+空,300,7834,0.981,12.0
4,新约能天使,开火成瘾症,初雪+巫恋+凛御银灰,300,7831,0.913,7.5
4,忍冬,隐狐之艺,华法琳+铃兰+空,300,7814,1.679,0.0
4,能天使,过载模式,初雪+巫恋+浊心斯卡蒂,300,7806,1.684,0.0
4,忍冬,隐狐之艺,华法琳+双月+浊心斯卡蒂,300,7804,1.676,0.0
4,新约能天使,开火成瘾症,华法琳+双月+空,1200,7801,2.007,0.0
4,佩佩,阻遏混乱锤,初雪+巫恋+华法琳,300,7801,1.648,0.0
4,涤火杰西卡,饱和迸射,凛御银灰+灵知+空,300,7799,1.154,7.5
4,真言,意识联协,初雪+凛御银灰+灵知,300,7795,0.853,7.5
4,真言,意识联协,巫恋+凛御银灰+灵知,300,7795,0.853,7.5
4,忍冬,隐狐之艺,华法琳+双月+海蒂,300,7792,1.672,0.0
4,真言,意识联协,凛御银灰+华法琳+双月,300,7790,0.852,7.5
4,能天使,过载模式,初雪+巫恋+海蒂,300,7787,1.677,0.0
4,百炼嘉维尔,丛林之魂,濯尘芙蓉+灵知+华法琳,300,7780,1.247,4.5
4,灵知,失温症,濯尘芙蓉+铃兰+浊心斯卡蒂,300,7777,0.967,4.5
4,涤火杰西卡,饱和迸射,凛御银灰+濯尘芙蓉+华法琳,300,7776,1.148,12.0
4,领主·Sharp,沉默的爆发,凛御银灰+濯尘芙蓉+华法琳,300,7775,1.191,12.0
4,忍冬,隐狐之艺,初雪+凛御银灰+华法琳,300,7775,1.666,7.5
4,忍冬,隐狐之艺,巫恋+凛御银灰+华法琳,300,7775,1.666,7.5
4,真言,意识联协,初雪+灵知+浊心斯卡蒂,300,7767,0.846,0.0
4,真言,意识联协,巫恋+灵知+浊心斯卡蒂,300,7767,0.846,0.0
4,灵知,失温症,濯尘芙蓉+铃兰+海蒂,300,7762,0.963,4.5
4,真言,意识联协,初雪+灵知+海蒂,300,7761,0.845,0.0
4,真言,意识联协,巫恋+灵知+海蒂,300,7761,0.845,0.0
4,涤火杰西卡,掩蔽护卫,初雪+华法琳+铃兰,300,7759,1.695,0.0
4,涤火杰西卡,掩蔽护卫,巫恋+华法琳+铃兰,300,7759,1.695,0.0
4,烛煌,众恶的焚场,凛御银灰+灵知+浊心斯卡蒂,300,7758,1.016,7.5
4,涤火杰西卡,饱和迸射,灵知+铃兰+浊心斯卡蒂,300,7752,1.141,0.0
4,忍冬,隐狐之艺,华法琳+双月+空,300,7750,1.657,0.0
4,涤火杰西卡,饱和迸射,初雪+巫恋+浊心斯卡蒂,1200,7749,1.483,0.0
4,涤火杰西卡,饱和迸射,灵知+华法琳+铃兰,1200,7748,1.483,0.0
4,烛煌,众恶的焚场,凛御银灰+灵知+海蒂,300,7746,1.013,7.5
4,新约能天使,开火成瘾症,初雪+巫恋+铃兰,300,7739,0.89,0.0
4,真言,意识联协,初雪+灵知+空,300,7737,0.839,0.0
4,真言,意识联协,巫恋+灵知+空,300,7737,0.839,0.0
4,涤火杰西卡,饱和迸射,灵知+铃兰+海蒂,300,7737,1.137,0.0
4,涤火杰西卡,饱和迸射,初雪+巫恋+海蒂,1200,7733,1.478,0.0
4,新约能天使,开火成瘾症,凛御银灰+灵知+华法琳,1200,7728,1.979,7.5
4,艾拉,“博萨克风暴”,灵知+华法琳+铃兰,300,7727,1.465,0.0
4,灵知,失温症,濯尘芙蓉+双月+浊心斯卡蒂,300,7720,0.952,4.5
4,能天使,过载模式,初雪+巫恋+空,300,7718,1.654,0.0
4,涤火杰西卡,掩蔽护卫,初雪+华法琳+双月,300,7710,1.678,0.0
4,涤火杰西卡,掩蔽护卫,巫恋+华法琳+双月,300,7710,1.678,0.0
4,灵知,失温症,濯尘芙蓉+铃兰+空,300,7705,0.948,4.5
4,灵知,失温症,濯尘芙蓉+双月+海蒂,300,7705,0.948,4.5
4,烛煌,众恶的焚场,凛御银灰+灵知+空,300,7701,1.001,7.5
4,真言,意识联协,初雪+灵知+铃兰,300,7700,0.83,0.0
4,真言,意识联协,巫恋+灵知+铃兰,300,7700,0.83,0.0
4,涤火杰西卡,饱和迸射,灵知+双月+浊心斯卡蒂,300,7700,1.127,0.0
4,新约能天使,开火成瘾症,初雪+巫恋+双月,300,7698,0.88,0.0
4,领主·Sharp,沉默的爆发,初雪+巫恋+浊心斯卡蒂,300,7698,1.17,0.0
4,涤火杰西卡,饱和迸射,灵知+华法琳+双月,1200,7696,1.467,0.0
4,领主·Sharp,沉默的爆发,初雪+巫恋+海蒂,300,7687,1.167,0.0
4,涤火杰西卡,饱和迸射,灵知+双月+海蒂,300,7686,1.123,0.0
4,真言,意识联协,初雪+凛御银灰+浊心斯卡蒂,300,7683,0.826,7.5
4,真言,意识联协,巫恋+凛御银灰+浊心斯卡蒂,300,7683,0.826,7.5
4,涤火杰西卡,饱和迸射,灵知+铃兰+空,300,7683,1.122,0.0
4,百炼嘉维尔,丛林之魂,凛御银灰+濯尘芙蓉+华法琳,300,7683,1.219,12.0
4,真言,意识联协,初雪+凛御银灰+海蒂,300,7677,0.825,7.5
4,真言,意识联协,巫恋+凛御银灰+海蒂,300,7677,0.825,7.5
4,艾拉,“博萨克风暴”,灵知+华法琳+双月,300,7676,1.449,0.0
4,涤火杰西卡,饱和迸射,初雪+巫恋+空,1200,7673,1.459,0.0
4,贝洛内,军师的手段,初雪+华法琳+浊心斯卡蒂,300,7672,1.837,0.0
4,贝洛内,军师的手段,巫恋+华法琳+浊心斯卡蒂,300,7672,1.837,0.0
4,赤刃明霄陈,赤霄·绝影-驰,初雪+巫恋+华法琳,300,7672,1.556,0.0
4,真言,意识联协,初雪+濯尘芙蓉+华法琳,300,7670,0.823,4.5
4,真言,意识联协,巫恋+濯尘芙蓉+华法琳,300,7670,0.823,4.5
4,真言,意识联协,华法琳+铃兰+双月,300,7670,0.823,0.0
4,忍冬,隐狐之艺,初雪+华法琳+铃兰,300,7663,1.628,0.0
4,忍冬,隐狐之艺,巫恋+华法琳+铃兰,300,7663,1.628,0.0
4,涤火杰西卡,饱和迸射,凛御银灰+铃兰+浊心斯卡蒂,300,7662,1.117,7.5
4,贝洛内,军师的手段,初雪+华法琳+海蒂,300,7662,1.833,0.0
4,贝洛内,军师的手段,巫恋+华法琳+海蒂,300,7662,1.833,0.0
3,灵知,失温症,初雪+浊心斯卡蒂,300,7662,0.938,0.0
3,灵知,失温症,巫恋+浊心斯卡蒂,300,7662,0.938,0.0
4,灵知,失温症,初雪+阿斯卡纶+浊心斯卡蒂,300,7662,0.938,6.0
4,灵知,失温症,初雪+予愿安洁莉娜+浊心斯卡蒂,300,7662,0.938,6.0
4,灵知,失温症,初雪+泥岩+浊心斯卡蒂,300,7662,0.938,6.0
4,灵知,失温症,初雪+极境+浊心斯卡蒂,300,7662,0.938,6.0
4,灵知,失温症,初雪+和弦+浊心斯卡蒂,300,7662,0.938,6.0
4,灵知,失温症,初雪+夜魔+浊心斯卡蒂,300,7662,0.938,6.0
4,灵知,失温症,初雪+烛煌+浊心斯卡蒂,300,7662,0.938,7.5
4,灵知,失温症,初雪+浊心斯卡蒂+海蒂,300,7662,0.938,0.0
4,灵知,失温症,初雪+浊心斯卡蒂+空,300,7662,0.938,0.0
4,灵知,失温症,巫恋+阿斯卡纶+浊心斯卡蒂,300,7662,0.938,6.0
4,灵知,失温症,巫恋+予愿安洁莉娜+浊心斯卡蒂,300,7662,0.938,6.0
4,灵知,失温症,巫恋+泥岩+浊心斯卡蒂,300,7662,0.938,6.0
4,灵知,失温症,巫恋+极境+浊心斯卡蒂,300,7662,0.938,6.0
4,灵知,失温症,巫恋+和弦+浊心斯卡蒂,300,7662,0.938,6.0
4,灵知,失温症,巫恋+夜魔+浊心斯卡蒂,300,7662,0.938,6.0
4,灵知,失温症,巫恋+烛煌+浊心斯卡蒂,300,7662,0.938,7.5
4,灵知,失温症,巫恋+浊心斯卡蒂+海蒂,300,7662,0.938,0.0
4,灵知,失温症,巫恋+浊心斯卡蒂+空,300,7662,0.938,0.0
4,真言,意识联协,初雪+灵知+双月,300,7658,0.82,0.0
4,真言,意识联协,巫恋+灵知+双月,300,7658,0.82,0.0
4,涤火杰西卡,饱和迸射,凛御银灰+华法琳+铃兰,1200,7658,1.454,7.5
4,能天使,扫射模式,灵知+华法琳+浊心斯卡蒂,300,7657,2.033,0.0
4,真言,意识联协,初雪+凛御银灰+空,300,7653,0.819,7.5
4,真言,意识联协,巫恋+凛御银灰+空,300,7653,0.819,7.5
4,谬因,混沌的本质,初雪+灵知+华法琳,300,7650,1.464,0.0
4,谬因,混沌的本质,巫恋+灵知+华法琳,300,7650,1.464,0.0
4,涤火杰西卡,饱和迸射,凛御银灰+铃兰+海蒂,300,7648,1.113,7.5
4,涤火杰西卡,饱和迸射,濯尘芙蓉+华法琳+铃兰,300,7648,1.113,4.5
4,灵知,失温症,濯尘芙蓉+双月+空,300,7648,0.934,4.5
3,灵知,失温症,初雪+海蒂,300,7647,0.934,0.0
3,灵知,失温症,巫恋+海蒂,300,7647,0.934,0.0
4,灵知,失温症,初雪+阿斯卡纶+海蒂,300,7647,0.934,6.0
4,灵知,失温症,初雪+予愿安洁莉娜+海蒂,300,7647,0.934,6.0
4,灵知,失温症,初雪+泥岩+海蒂,300,7647,0.934,6.0
4,灵知,失温症,初雪+极境+海蒂,300,7647,0.934,6.0
4,灵知,失温症,初雪+和弦+海蒂,300,7647,0.934,6.0
4,灵知,失温症,初雪+夜魔+海蒂,300,7647,0.934,6.0
4,灵知,失温症,初雪+烛煌+海蒂,300,7647,0.934,7.5
4,灵知,失温症,初雪+海蒂+空,300,7647,0.934,0.0
4,灵知,失温症,巫恋+阿斯卡纶+海蒂,300,7647,0.934,6.0
4,灵知,失温症,巫恋+予愿安洁莉娜+海蒂,300,7647,0.934,6.0
4,灵知,失温症,巫恋+泥岩+海蒂,300,7647,0.934,6.0
4,灵知,失温症,巫恋+极境+海蒂,300,7647,0.934,6.0
4,灵知,失温症,巫恋+和弦+海蒂,300,7647,0.934,6.0
4,灵知,失温症,巫恋+夜魔+海蒂,300,7647,0.934,6.0
4,灵知,失温症,巫恋+烛煌+海蒂,300,7647,0.934,7.5
4,灵知,失温症,巫恋+海蒂+空,300,7647,0.934,0.0
4,领主·Sharp,沉默的爆发,濯尘芙蓉+华法琳+铃兰,300,7646,1.155,4.5
4,领主·Sharp,沉默的爆发,初雪+巫恋+空,300,7645,1.155,0.0
4,能天使,扫射模式,灵知+华法琳+海蒂,300,7645,2.028,0.0
4,烛煌,众恶的焚场,灵知+铃兰+浊心斯卡蒂,300,7642,0.986,0.0
4,艾拉,“博萨克风暴”,凛御银灰+华法琳+铃兰,300,7638,1.436,7.5
4,涤火杰西卡,饱和迸射,灵知+双月+空,300,7632,1.108,0.0
4,烛煌,众恶的焚场,灵知+铃兰+海蒂,300,7631,0.983,0.0
3,灵知,失温症,凛御银灰+华法琳,300,7628,0.929,7.5
4,灵知,失温症,凛御银灰+华法琳+阿斯卡纶,300,7628,0.929,13.5
4,灵知,失温症,凛御银灰+华法琳+予愿安洁莉娜,300,7628,0.929,13.5
4,灵知,失温症,凛御银灰+华法琳+泥岩,300,7628,0.929,13.5
4,灵知,失温症,凛御银灰+华法琳+极境,300,7628,0.929,13.5
4,灵知,失温症,凛御银灰+华法琳+和弦,300,7628,0.929,13.5
4,灵知,失温症,凛御银灰+华法琳+夜魔,300,7628,0.929,13.5
4,灵知,失温症,凛御银灰+华法琳+烛煌,300,7628,0.929,15.0
4,真言,意识联协,初雪+凛御银灰+铃兰,300,7627,0.813,7.5
4,真言,意识联协,巫恋+凛御银灰+铃兰,300,7627,0.813,7.5
4,贝洛内,军师的手段,初雪+华法琳+空,300,7624,1.819,0.0
4,贝洛内,军师的手段,巫恋+华法琳+空,300,7624,1.819,0.0
4,予愿安洁莉娜,酸橙的心事,初雪+巫恋+华法琳,300,7622,1.618,0.0
4,忍冬,隐狐之艺,初雪+华法琳+双月,300,7614,1.611,0.0
4,忍冬,隐狐之艺,巫恋+华法琳+双月,300,7614,1.611,0.0
4,新约能天使,开火成瘾症,灵知+华法琳+铃兰,1200,7613,1.934,0.0
4,涤火杰西卡,饱和迸射,凛御银灰+双月+浊心斯卡蒂,300,7610,1.102,7.5
4,涤火杰西卡,饱和迸射,凛御银灰+华法琳+双月,1200,7606,1.438,7.5
4,能天使,扫射模式,初雪+巫恋+华法琳,300,7602,2.011,0.0
4,能天使,扫射模式,灵知+华法琳+空,300,7602,2.011,0.0
4,涤火杰西卡,饱和迸射,凛御银灰+双月+海蒂,300,7596,1.098,7.5
4,涤火杰西卡,饱和迸射,凛御银灰+铃兰+空,300,7594,1.098,7.5
4,涤火杰西卡,饱和迸射,濯尘芙蓉+华法琳+双月,300,7591,1.097,4.5
3,灵知,失温症,初雪+空,300,7591,0.92,0.0
3,灵知,失温症,巫恋+空,300,7591,0.92,0.0
4,灵知,失温症,初雪+阿斯卡纶+空,300,7591,0.92,6.0
4,灵知,失温症,初雪+予愿安洁莉娜+空,300,7591,0.92,6.0
4,灵知,失温症,初雪+泥岩+空,300,7591,0.92,6.0
4,灵知,失温症,初雪+极境+空,300,7591,0.92,6.0
4,灵知,失温症,初雪+和弦+空,300,7591,0.92,6.0
4,灵知,失温症,初雪+夜魔+空,300,7591,0.92,6.0
4,灵知,失温症,初雪+烛煌+空,300,7591,0.92,7.5
4,灵知,失温症,巫恋+阿斯卡纶+空,300,7591,0.92,6.0
4,灵知,失温症,巫恋+予愿安洁莉娜+空,300,7591,0.92,6.0
4,灵知,失温症,巫恋+泥岩+空,300,7591,0.92,6.0
4,灵知,失温症,巫恋+极境+空,300,7591,0.92,6.0
4,灵知,失温症,巫恋+和弦+空,300,7591,0.92,6.0
4,灵知,失温症,巫恋+夜魔+空,300,7591,0.92,6.0
4,灵知,失温症,巫恋+烛煌+空,300,7591,0.92,7.5
4,烛煌,众恶的焚场,灵知+双月+浊心斯卡蒂,300,7591,0.973,0.0
4,领主·Sharp,沉默的爆发,濯尘芙蓉+华法琳+双月,300,7590,1.139,4.5
4,烛煌,众恶的焚场,灵知+铃兰+空,300,7587,0.972,0.0
4,新约能天使,开火成瘾症,初雪+凛御银灰+灵知,300,7586,0.853,7.5
4,新约能天使,开火成瘾症,巫恋+凛御银灰+灵知,300,7586,0.853,7.5
4,艾拉,“博萨克风暴”,凛御银灰+华法琳+双月,300,7586,1.42,7.5
4,真言,意识联协,初雪+凛御银灰+双月,300,7584,0.803,7.5
4,真言,意识联协,巫恋+凛御银灰+双月,300,7584,0.803,7.5
4,新约能天使,开火成瘾症,濯尘芙蓉+灵知+浊心斯卡蒂,300,7580,0.851,4.5
4,烛煌,众恶的焚场,灵知+双月+海蒂,300,7580,0.97,0.0
4,能天使,过载模式,濯尘芙蓉+灵知+华法琳,300,7577,1.605,4.5
4,真言,意识联协,初雪+铃兰+浊心斯卡蒂,300,7573,0.8,0.0
4,真言,意识联协,巫恋+铃兰+浊心斯卡蒂,300,7573,0.8,0.0
4,涤火杰西卡,掩蔽护卫,凛御银灰+灵知+华法琳,300,7573,1.63,7.5
4,新约能天使,开火成瘾症,濯尘芙蓉+灵知+海蒂,300,7569,0.848,4.5
4,真言,意识联协,初雪+铃兰+海蒂,300,7567,0.798,0.0
4,真言,意识联协,巫恋+铃兰+海蒂,300,7567,0.798,0.0
4,谬因,混沌的本质,初雪+凛御银灰+华法琳,300,7567,1.437,7.5
4,谬因,混沌的本质,巫恋+凛御银灰+华法琳,300,7567,1.437,7.5
4,领主·Sharp,沉默的爆发,濯尘芙蓉+华法琳+浊心斯卡蒂,300,7564,1.132,4.5
4,新约能天使,开火成瘾症,灵知+华法琳+双月,1200,7563,1.915,0.0
4,灵知,失温症,初雪+巫恋+凛御银灰,300,7563,0.913,7.5
4,领主·Sharp,沉默的爆发,初雪+巫恋+华法琳,1200,7560,2.101,0.0
4,重岳,拂尘,初雪+灵知+华法琳,300,7559,1.551,0.0
4,重岳,拂尘,巫恋+灵知+华法琳,300,7559,1.551,0.0
4,百炼嘉维尔,丛林之魂,濯尘芙蓉+华法琳+铃兰,300,7556,1.183,4.5
4,领主·Sharp,沉默的爆发,濯尘芙蓉+华法琳+海蒂,300,7556,1.13,4.5
4,烛煌,众恶的焚场,凛御银灰+铃兰+浊心斯卡蒂,300,7554,0.963,7.5
4,重岳,拂尘,灵知+华法琳+浊心斯卡蒂,300,7553,1.55,0.0
4,能天使,扫射模式,凛御银灰+华法琳+浊心斯卡蒂,300,7552,1.991,7.5
4,真言,意识联协,初雪+铃兰+空,300,7543,0.793,0.0
4,真言,意识联协,巫恋+铃兰+空,300,7543,0.793,0.0
4,重岳,拂尘,灵知+华法琳+海蒂,300,7543,1.546,0.0
4,涤火杰西卡,饱和迸射,凛御银灰+双月+空,300,7543,1.084,7.5
4,烛煌,众恶的焚场,凛御银灰+铃兰+海蒂,300,7542,0.96,7.5
4,能天使,扫射模式,凛御银灰+华法琳+海蒂,300,7541,1.987,7.5
4,真言,意识联协,灵知+华法琳+浊心斯卡蒂,300,7540,0.792,0.0
4,烛煌,众恶的焚场,灵知+双月+空,300,7536,0.958,0.0
4,真言,意识联协,灵知+华法琳+海蒂,300,7535,0.791,0.0
3,涤火杰西卡,饱和迸射,初雪+华法琳,300,7534,1.081,0.0
3,涤火杰西卡,饱和迸射,巫恋+华法琳,300,7534,1.081,0.0
4,涤火杰西卡,饱和迸射,初雪+华法琳+阿斯卡纶,300,7534,1.081,6.0
4,涤火杰西卡,饱和迸射,初雪+华法琳+予愿安洁莉娜,300,7534,1.081,6.0
4,涤火杰西卡,饱和迸射,初雪+华法琳+泥岩,300,7534,1.081,6.0
4,涤火杰西卡,饱和迸射,初雪+华法琳+极境,300,7534,1.081,6.0
4,涤火杰西卡,饱和迸射,初雪+华法琳+和弦,300,7534,1.081,6.0
4,涤火杰西卡,饱和迸射,初雪+华法琳+夜魔,300,7534,1.081,6.0
4,涤火杰西卡,饱和迸射,初雪+华法琳+烛煌,300,7534,1.081,7.5
4,涤火杰西卡,饱和迸射,巫恋+华法琳+阿斯卡纶,300,7534,1.081,6.0
4,涤火杰西卡,饱和迸射,巫恋+华法琳+予愿安洁莉娜,300,7534,1.081,6.0
4,涤火杰西卡,饱和迸射,巫恋+华法琳+泥岩,300,7534,1.081,6.0
4,涤火杰西卡,饱和迸射,巫恋+华法琳+极境,300,7534,1.081,6.0
4,涤火杰西卡,饱和迸射,巫恋+华法琳+和弦,300,7534,1.081,6.0
4,涤火杰西卡,饱和迸射,巫恋+华法琳+夜魔,300,7534,1.081,6.0
4,涤火杰西卡,饱和迸射,巫恋+华法琳+烛煌,300,7534,1.081,7.5
3,领主·Sharp,沉默的爆发,初雪+华法琳,300,7533,1.123,0.0
3,领主·Sharp,沉默的爆发,巫恋+华法琳,300,7533,1.123,0.0
4,领主·Sharp,沉默的爆发,初雪+华法琳+阿斯卡纶,300,7533,1.123,6.0
4,领主·Sharp,沉默的爆发,初雪+华法琳+予愿安洁莉娜,300,7533,1.123,6.0
4,领主·Sharp,沉默的爆发,初雪+华法琳+泥岩,300,7533,1.123,6.0
4,领主·Sharp,沉默的爆发,初雪+华法琳+极境,300,7533,1.123,6.0
4,领主·Sharp,沉默的爆发,初雪+华法琳+和弦,300,7533,1.123,6.0
4,领主·Sharp,沉默的爆发,初雪+华法琳+夜魔,300,7533,1.123,6.0
4,领主·Sharp,沉默的爆发,初雪+华法琳+烛煌,300,7533,1.123,7.5
4,领主·Sharp,沉默的爆发,巫恋+华法琳+阿斯卡纶,300,7533,1.123,6.0
4,领主·Sharp,沉默的爆发,巫恋+华法琳+予愿安洁莉娜,300,7533,1.123,6.0
4,领主·Sharp,沉默的爆发,巫恋+华法琳+泥岩,300,7533,1.123,6.0
4,领主·Sharp,沉默的爆发,巫恋+华法琳+极境,300,7533,1.123,6.0
4,领主·Sharp,沉默的爆发,巫恋+华法琳+和弦,300,7533,1.123,6.0
4,领主·Sharp,沉默的爆发,巫恋+华法琳+夜魔,300,7533,1.123,6.0
4,领主·Sharp,沉默的爆发,巫恋+华法琳+烛煌,300,7533,1.123,7.5
4,领主·Sharp,沉默的爆发,濯尘芙蓉+华法琳+空,300,7528,1.122,4.5
3,烛煌,众恶的焚场,灵知+华法琳,300,7526,0.956,0.0
4,烛煌,众恶的焚场,灵知+华法琳+阿斯卡纶,300,7526,0.956,6.0
4,烛煌,众恶的焚场,灵知+华法琳+予愿安洁莉娜,300,7526,0.956,6.0
4,烛煌,众恶的焚场,灵知+华法琳+泥岩,300,7526,0.956,6.0
4,烛煌,众恶的焚场,灵知+华法琳+极境,300,7526,0.956,6.0
4,烛煌,众恶的焚场,灵知+华法琳+和弦,300,7526,0.956,6.0
4,烛煌,众恶的焚场,灵知+华法琳+夜魔,300,7526,0.956,6.0
4,真言,意识联协,初雪+双月+浊心斯卡蒂,300,7525,0.788,0.0
4,真言,意识联协,巫恋+双月+浊心斯卡蒂,300,7525,0.788,0.0
4,新约能天使,开火成瘾症,凛御银灰+华法琳+铃兰,1200,7525,1.9,7.5
4,贝洛内,军师的手段,初雪+巫恋+华法琳,300,7525,1.782,0.0
4,新约能天使,开火成瘾症,濯尘芙蓉+灵知+空,300,7524,0.838,4.5
4,能天使,过载模式,初雪+灵知+浊心斯卡蒂,300,7524,1.587,0.0
4,能天使,过载模式,巫恋+灵知+浊心斯卡蒂,300,7524,1.587,0.0
4,百炼嘉维尔,丛林之魂,初雪+巫恋+浊心斯卡蒂,300,7523,1.173,0.0
4,佩佩,阻遏混乱锤,初雪+灵知+华法琳,300,7519,1.552,0.0
4,佩佩,阻遏混乱锤,巫恋+灵知+华法琳,300,7519,1.552,0.0
4,真言,意识联协,初雪+双月+海蒂,300,7518,0.787,0.0
4,真言,意识联协,巫恋+双月+海蒂,300,7518,0.787,0.0
4,涤火杰西卡,饱和迸射,濯尘芙蓉+华法琳+浊心斯卡蒂,1200,7518,1.41,4.5
4,艾拉,“博萨克风暴”,初雪+巫恋+浊心斯卡蒂,300,7518,1.398,0.0
4,真言,意识联协,灵知+华法琳+空,300,7516,0.786,0.0
4,百炼嘉维尔,丛林之魂,初雪+巫恋+海蒂,300,7512,1.17,0.0
4,涤火杰西卡,饱和迸射,濯尘芙蓉+华法琳+海蒂,1200,7508,1.406,4.5
4,重岳,拂尘,灵知+华法琳+空,300,7507,1.534,0.0
4,能天使,过载模式,初雪+灵知+海蒂,300,7506,1.581,0.0
4,能天使,过载模式,巫恋+灵知+海蒂,300,7506,1.581,0.0
4,领主·Sharp,沉默的爆发,初雪+华法琳+浊心斯卡蒂,1200,7506,2.078,0.0
4,领主·Sharp,沉默的爆发,巫恋+华法琳+浊心斯卡蒂,1200,7506,2.078,0.0
4,艾拉,“博萨克风暴”,初雪+巫恋+海蒂,300,7504,1.394,0.0
4,烛煌,众恶的焚场,凛御银灰+双月+浊心斯卡蒂,300,7503,0.95,7.5
4,百炼嘉维尔,丛林之魂,濯尘芙蓉+华法琳+双月,300,7500,1.166,4.5
4,烛煌,众恶的焚场,凛御银灰+铃兰+空,300,7499,0.949,7.5
4,能天使,扫射模式,凛御银灰+华法琳+空,300,7498,1.97,7.5
4,领主·Sharp,沉默的爆发,初雪+华法琳+海蒂,1200,7497,2.075,0.0
4,领主·Sharp,沉默的爆发,巫恋+华法琳+海蒂,1200,7497,2.075,0.0
4,真言,意识联协,初雪+双月+空,300,7495,0.781,0.0
4,真言,意识联协,巫恋+双月+空,300,7495,0.781,0.0
4,新约能天使,开火成瘾症,初雪+灵知+铃兰,300,7493,0.83,0.0
4,新约能天使,开火成瘾症,巫恋+灵知+铃兰,300,7493,0.83,0.0
4,涤火杰西卡,饱和迸射,初雪+濯尘芙蓉+浊心斯卡蒂,300,7493,1.07,4.5
4,涤火杰西卡,饱和迸射,巫恋+濯尘芙蓉+浊心斯卡蒂,300,7493,1.07,4.5
4,涤火杰西卡,饱和迸射,铃兰+双月+浊心斯卡蒂,300,7493,1.07,0.0
3,灵知,失温症,华法琳+铃兰,300,7491,0.894,0.0
4,灵知,失温症,华法琳+阿斯卡纶+铃兰,300,7491,0.894,6.0
4,灵知,失温症,华法琳+予愿安洁莉娜+铃兰,300,7491,0.894,6.0
4,灵知,失温症,华法琳+泥岩+铃兰,300,7491,0.894,6.0
4,灵知,失温症,华法琳+极境+铃兰,300,7491,0.894,6.0
4,灵知,失温症,华法琳+和弦+铃兰,300,7491,0.894,6.0
4,灵知,失温症,华法琳+夜魔+铃兰,300,7491,0.894,6.0
4,灵知,失温症,华法琳+铃兰+烛煌,300,7491,0.894,7.5
4,烛煌,众恶的焚场,凛御银灰+双月+海蒂,300,7491,0.947,7.5
4,真言,意识联协,初雪+巫恋+濯尘芙蓉,300,7489,0.78,4.5
4,真言,意识联协,初雪+铃兰+双月,300,7489,0.78,0.0
4,真言,意识联协,巫恋+铃兰+双月,300,7489,0.78,0.0
4,涤火杰西卡,饱和迸射,初雪+濯尘芙蓉+华法琳,1200,7489,1.4,4.5
4,涤火杰西卡,饱和迸射,巫恋+濯尘芙蓉+华法琳,1200,7489,1.4,4.5
4,涤火杰西卡,饱和迸射,华法琳+铃兰+双月,1200,7489,1.4,0.0
4,新约能天使,开火成瘾症,凛御银灰+濯尘芙蓉+浊心斯卡蒂,300,7486,0.828,12.0
4,能天使,过载模式,凛御银灰+濯尘芙蓉+华法琳,300,7482,1.573,12.0
4,忍冬,隐狐之艺,凛御银灰+灵知+华法琳,300,7480,1.565,7.5
4,涤火杰西卡,饱和迸射,初雪+濯尘芙蓉+海蒂,300,7479,1.066,4.5
4,涤火杰西卡,饱和迸射,巫恋+濯尘芙蓉+海蒂,300,7479,1.066,4.5
4,涤火杰西卡,饱和迸射,铃兰+双月+海蒂,300,7479,1.066,0.0
4,重岳,拂尘,初雪+凛御银灰+华法琳,300,7477,1.524,7.5
4,重岳,拂尘,巫恋+凛御银灰+华法琳,300,7477,1.524,7.5
4,新约能天使,开火成瘾症,凛御银灰+濯尘芙蓉+海蒂,300,7474,0.825,12.0
4,新约能天使,开火成瘾症,凛御银灰+华法琳+双月,1200,7474,1.881,7.5
4,灵知,失温症,初雪+巫恋+铃兰,300,7474,0.89,0.0
4,百炼嘉维尔,丛林之魂,初雪+巫恋+空,300,7470,1.158,0.0
4,涤火杰西卡,饱和迸射,初雪+灵知+浊心斯卡蒂,1200,7469,1.394,0.0
4,涤火杰西卡,饱和迸射,巫恋+灵知+浊心斯卡蒂,1200,7469,1.394,0.0
4,艾拉,“博萨克风暴”,初雪+濯尘芙蓉+华法琳,300,7469,1.383,4.5
4,艾拉,“博萨克风暴”,巫恋+濯尘芙蓉+华法琳,300,7469,1.383,4.5
4,艾拉,“博萨克风暴”,华法琳+铃兰+双月,300,7469,1.383,0.0
4,涤火杰西卡,饱和迸射,濯尘芙蓉+华法琳+空,1200,7467,1.393,4.5
4,百炼嘉维尔,丛林之魂,濯尘芙蓉+华法琳+浊心斯卡蒂,300,7467,1.157,4.5
4,真言,无言为真,初雪+巫恋+华法琳,300,7466,1.556,0.0
4,领主·Sharp,沉默的爆发,初雪+华法琳+空,1200,7463,2.061,0.0
4,领主·Sharp,沉默的爆发,巫恋+华法琳+空,1200,7463,2.061,0.0
4,涤火杰西卡,掩蔽护卫,灵知+华法琳+铃兰,300,7461,1.591,0.0
4,百炼嘉维尔,丛林之魂,濯尘芙蓉+华法琳+海蒂,300,7460,1.155,4.5
4,谬因,混沌的本质,初雪+华法琳+铃兰,300,7459,1.402,0.0
4,谬因,混沌的本质,巫恋+华法琳+铃兰,300,7459,1.402,0.0
4,涤火杰西卡,饱和迸射,初雪+灵知+海蒂,1200,7453,1.389,0.0
4,涤火杰西卡,饱和迸射,巫恋+灵知+海蒂,1200,7453,1.389,0.0
4,新约能天使,开火成瘾症,初雪+灵知+双月,300,7452,0.82,0.0
4,新约能天使,开火成瘾症,巫恋+灵知+双月,300,7452,0.82,0.0
4,重岳,拂尘,凛御银灰+华法琳+浊心斯卡蒂,300,7450,1.515,7.5
4,艾拉,“博萨克风暴”,初雪+巫恋+空,300,7450,1.377,0.0
4,烛煌,众恶的焚场,凛御银灰+双月+空,300,7449,0.936,7.5
3,百炼嘉维尔,丛林之魂,初雪+华法琳,300,7444,1.15,0.0
3,百炼嘉维尔,丛林之魂,巫恋+华法琳,300,7444,1.15,0.0
4,百炼嘉维尔,丛林之魂,初雪+华法琳+阿斯卡纶,300,7444,1.15,6.0
4,百炼嘉维尔,丛林之魂,初雪+华法琳+予愿安洁莉娜,300,7444,1.15,6.0
4,百炼嘉维尔,丛林之魂,初雪+华法琳+泥岩,300,7444,1.15,6.0
4,百炼嘉维尔,丛林之魂,初雪+华法琳+极境,300,7444,1.15,6.0
4,百炼嘉维尔,丛林之魂,初雪+华法琳+和弦,300,7444,1.15,6.0
4,百炼嘉维尔,丛林之魂,初雪+华法琳+夜魔,300,7444,1.15,6.0
4,百炼嘉维尔,丛林之魂,初雪+华法琳+烛煌,300,7444,1.15,7.5
4,百炼嘉维尔,丛林之魂,巫恋+华法琳+阿斯卡纶,300,7444,1.15,6.0
4,百炼嘉维尔,丛林之魂,巫恋+华法琳+予愿安洁莉娜,300,7444,1.15,6.0
4,百炼嘉维尔,丛林之魂,巫恋+华法琳+泥岩,300,7444,1.15,6.0
4,百炼嘉维尔,丛林之魂,巫恋+华法琳+极境,300,7444,1.15,6.0
4,百炼嘉维尔,丛林之魂,巫恋+华法琳+和弦,300,7444,1.15,6.0
4,百炼嘉维尔,丛林之魂,巫恋+华法琳+夜魔,300,7444,1.15,6.0
4,百炼嘉维尔,丛林之魂,巫恋+华法琳+烛煌,300,7444,1.15,7.5
4,能天使,过载模式,初雪+凛御银灰+浊心斯卡蒂,300,7442,1.559,7.5
4,能天使,过载模式,巫恋+凛御银灰+浊心斯卡蒂,300,7442,1.559,7.5
4,重岳,拂尘,凛御银灰+华法琳+海蒂,300,7440,1.511,7.5
4,能天使,过载模式,初雪+灵知+空,300,7439,1.558,0.0
4,能天使,过载模式,巫恋+灵知+空,300,7439,1.558,0.0
4,佩佩,阻遏混乱锤,初雪+凛御银灰+华法琳,300,7438,1.524,7.5
4,佩佩,阻遏混乱锤,巫恋+凛御银灰+华法琳,300,7438,1.524,7.5
4,真言,意识联协,凛御银灰+华法琳+浊心斯卡蒂,300,7437,0.768,7.5
4,灵知,失温症,初雪+巫恋+双月,300,7434,0.88,0.0
4,真言,意识联协,凛御银灰+华法琳+海蒂,300,7432,0.766,7.5
4,百炼嘉维尔,丛林之魂,濯尘芙蓉+华法琳+空,300,7432,1.147,4.5
4,新约能天使,开火成瘾症,凛御银灰+濯尘芙蓉+空,300,7430,0.815,12.0
3,灵知,失温症,华法琳+双月,300,7430,0.879,0.0
4,灵知,失温症,华法琳+阿斯卡纶+双月,300,7430,0.879,6.0
4,灵知,失温症,华法琳+予愿安洁莉娜+双月,300,7430,0.879,6.0
4,灵知,失温症,华法琳+泥岩+双月,300,7430,0.879,6.0
4,灵知,失温症,华法琳+极境+双月,300,7430,0.879,6.0
4,灵知,失温症,华法琳+和弦+双月,300,7430,0.879,6.0
4,灵知,失温症,华法琳+夜魔+双月,300,7430,0.879,6.0
4,灵知,失温症,华法琳+烛煌+双月,300,7430,0.879,7.5
4,涤火杰西卡,饱和迸射,初雪+濯尘芙蓉+空,300,7427,1.052,4.5
4,涤火杰西卡,饱和迸射,巫恋+濯尘芙蓉+空,300,7427,1.052,4.5
4,涤火杰西卡,饱和迸射,铃兰+双月+空,300,7427,1.052,0.0
4,烛煌,众恶的焚场,初雪+巫恋+灵知,300,7427,0.93,0.0
4,能天使,过载模式,初雪+凛御银灰+海蒂,300,7424,1.553,7.5
4,能天使,过载模式,巫恋+凛御银灰+海蒂,300,7424,1.553,7.5
3,烛煌,众恶的焚场,凛御银灰+华法琳,300,7423,0.929,7.5
4,烛煌,众恶的焚场,凛御银灰+华法琳+阿斯卡纶,300,7423,0.929,13.5
4,烛煌,众恶的焚场,凛御银灰+华法琳+予愿安洁莉娜,300,7423,0.929,13.5
4,烛煌,众恶的焚场,凛御银灰+华法琳+泥岩,300,7423,0.929,13.5
4,烛煌,众恶的焚场,凛御银灰+华法琳+极境,300,7423,0.929,13.5
4,烛煌,众恶的焚场,凛御银灰+华法琳+和弦,300,7423,0.929,13.5
4,烛煌,众恶的焚场,凛御银灰+华法琳+夜魔,300,7423,0.929,13.5
4,新约能天使,开火成瘾症,初雪+凛御银灰+铃兰,300,7422,0.813,7.5
4,新约能天使,开火成瘾症,巫恋+凛御银灰+铃兰,300,7422,0.813,7.5
4,领主·Sharp,沉默的爆发,初雪+灵知+浊心斯卡蒂,300,7420,1.091,0.0
4,领主·Sharp,沉默的爆发,巫恋+灵知+浊心斯卡蒂,300,7420,1.091,0.0
4,能天使,扫射模式,华法琳+铃兰+浊心斯卡蒂,300,7416,1.937,0.0
4,真言,意识联协,凛御银灰+华法琳+空,300,7413,0.762,7.5
4,谬因,混沌的本质,初雪+华法琳+双月,300,7411,1.387,0.0
4,谬因,混沌的本质,巫恋+华法琳+双月,300,7411,1.387,0.0
4,涤火杰西卡,掩蔽护卫,初雪+巫恋+浊心斯卡蒂,300,7411,1.574,0.0
4,涤火杰西卡,掩蔽护卫,灵知+华法琳+双月,300,7411,1.574,0.0
4,领主·Sharp,沉默的爆发,初雪+灵知+海蒂,300,7409,1.088,0.0
4,领主·Sharp,沉默的爆发,巫恋+灵知+海蒂,300,7409,1.088,0.0
4,重岳,拂尘,凛御银灰+华法琳+空,300,7405,1.499,7.5
4,能天使,扫射模式,华法琳+铃兰+海蒂,300,7405,1.933,0.0
4,涤火杰西卡,饱和迸射,初雪+灵知+空,1200,7395,1.37,0.0
4,涤火杰西卡,饱和迸射,巫恋+灵知+空,1200,7395,1.37,0.0
4,涤火杰西卡,掩蔽护卫,初雪+巫恋+海蒂,300,7395,1.568,0.0
4,赤刃明霄陈,赤霄·绝影-驰,初雪+灵知+华法琳,300,7395,1.464,0.0
4,赤刃明霄陈,赤霄·绝影-驰,巫恋+灵知+华法琳,300,7395,1.464,0.0
4,真言,意识联协,凛御银灰+灵知+浊心斯卡蒂,300,7392,0.757,7.5
4,涤火杰西卡,饱和迸射,初雪+凛御银灰+浊心斯卡蒂,1200,7388,1.368,7.5
4,涤火杰西卡,饱和迸射,巫恋+凛御银灰+浊心斯卡蒂,1200,7388,1.368,7.5
4,烛煌,众恶的焚场,初雪+濯尘芙蓉+浊心斯卡蒂,300,7388,0.92,4.5
4,烛煌,众恶的焚场,巫恋+濯尘芙蓉+浊心斯卡蒂,300,7388,0.92,4.5
4,烛煌,众恶的焚场,铃兰+双月+浊心斯卡蒂,300,7388,0.92,0.0
4,真言,意识联协,凛御银灰+灵知+海蒂,300,7386,0.755,7.5
4,新约能天使,开火成瘾症,初雪+凛御银灰+双月,300,7381,0.803,7.5
4,新约能天使,开火成瘾症,巫恋+凛御银灰+双月,300,7381,0.803,7.5
4,烛煌,众恶的焚场,初雪+濯尘芙蓉+海蒂,300,7376,0.917,4.5
4,烛煌,众恶的焚场,巫恋+濯尘芙蓉+海蒂,300,7376,0.917,4.5
4,烛煌,众恶的焚场,铃兰+双月+海蒂,300,7376,0.917,0.0
4,真言,意识联协,凛御银灰+灵知+铃兰,300,7374,0.753,7.5
4,涤火杰西卡,掩蔽护卫,凛御银灰+华法琳+铃兰,300,7374,1.561,7.5
4,涤火杰西卡,饱和迸射,初雪+凛御银灰+海蒂,1200,7372,1.363,7.5
4,涤火杰西卡,饱和迸射,巫恋+凛御银灰+海蒂,1200,7372,1.363,7.5
4,重岳,拂尘,初雪+华法琳+铃兰,300,7370,1.488,0.0
4,重岳,拂尘,巫恋+华法琳+铃兰,300,7370,1.488,0.0
4,领主·Sharp,沉默的爆发,初雪+灵知+空,300,7369,1.077,0.0
4,领主·Sharp,沉默的爆发,巫恋+灵知+空,300,7369,1.077,0.0
4,忍冬,隐狐之艺,灵知+华法琳+铃兰,300,7369,1.527,0.0
3,新约能天使,开火成瘾症,濯尘芙蓉+华法琳,300,7365,0.799,4.5
4,新约能天使,开火成瘾症,濯尘芙蓉+华法琳+阿斯卡纶,300,7365,0.799,10.5
4,新约能天使,开火成瘾症,濯尘芙蓉+华法琳+予愿安洁莉娜,300,7365,0.799,10.5
4,新约能天使,开火成瘾症,濯尘芙蓉+华法琳+泥岩,300,7365,0.799,10.5
4,新约能天使,开火成瘾症,濯尘芙蓉+华法琳+极境,300,7365,0.799,10.5
4,新约能天使,开火成瘾症,濯尘芙蓉+华法琳+和弦,300,7365,0.799,10.5
4,新约能天使,开火成瘾症,濯尘芙蓉+华法琳+夜魔,300,7365,0.799,10.5
4,新约能天使,开火成瘾症,濯尘芙蓉+华法琳+烛煌,300,7365,0.799,12.0
4,真言,意识联协,凛御银灰+灵知+空,300,7363,0.75,7.5
4,能天使,扫射模式,华法琳+铃兰+空,300,7363,1.916,0.0
4,新约能天使,开火成瘾症,濯尘芙蓉+铃兰+浊心斯卡蒂,300,7362,0.798,4.5
4,新约能天使,开火成瘾症,初雪+濯尘芙蓉+华法琳,1200,7360,1.837,4.5
4,新约能天使,开火成瘾症,巫恋+濯尘芙蓉+华法琳,1200,7360,1.837,4.5
4,新约能天使,开火成瘾症,华法琳+铃兰+双月,1200,7360,1.837,0.0
4,烛煌,众恶的焚场,初雪+巫恋+凛御银灰,300,7360,0.913,7.5
4,能天使,过载模式,濯尘芙蓉+华法琳+铃兰,300,7359,1.53,4.5
4,能天使,过载模式,初雪+凛御银灰+空,300,7358,1.53,7.5
4,能天使,过载模式,巫恋+凛御银灰+空,300,7358,1.53,7.5
4,能天使,扫射模式,华法琳+双月+浊心斯卡蒂,300,7355,1.913,0.0
4,真言,意识联协,濯尘芙蓉+灵知+华法琳,300,7353,0.748,4.5
4,新约能天使,开火成瘾症,濯尘芙蓉+铃兰+海蒂,300,7351,0.795,4.5
4,涤火杰西卡,掩蔽护卫,濯尘芙蓉+华法琳+浊心斯卡蒂,300,7347,1.552,4.5
4,予愿安洁莉娜,酸橙的心事,初雪+灵知+华法琳,300,7346,1.523,0.0
4,予愿安洁莉娜,酸橙的心事,巫恋+灵知+华法琳,300,7346,1.523,0.0
4,能天使,扫射模式,华法琳+双月+海蒂,300,7344,1.909,0.0
4,领主·Sharp,沉默的爆发,初雪+凛御银灰+浊心斯卡蒂,300,7340,1.069,7.5
4,领主·Sharp,沉默的爆发,巫恋+凛御银灰+浊心斯卡蒂,300,7340,1.069,7.5
4,涤火杰西卡,掩蔽护卫,濯尘芙蓉+华法琳+海蒂,300,7336,1.548,4.5
4,能天使,过载模式,初雪+铃兰+浊心斯卡蒂,300,7336,1.522,0.0
4,能天使,过载模式,巫恋+铃兰+浊心斯卡蒂,300,7336,1.522,0.0
4,烛煌,众恶的焚场,初雪+濯尘芙蓉+空,300,7334,0.906,4.5
4,烛煌,众恶的焚场,巫恋+濯尘芙蓉+空,300,7334,0.906,4.5
4,烛煌,众恶的焚场,铃兰+双月+空,300,7334,0.906,0.0
4,涤火杰西卡,掩蔽护卫,初雪+巫恋+空,300,7333,1.547,0.0
4,真言,意识联协,凛御银灰+灵知+双月,300,7332,0.743,7.5
4,佩佩,阻遏混乱锤,初雪+华法琳+铃兰,300,7331,1.488,0.0
4,佩佩,阻遏混乱锤,巫恋+华法琳+铃兰,300,7331,1.488,0.0
4,艾拉,“博萨克风暴”,濯尘芙蓉+华法琳+浊心斯卡蒂,300,7331,1.339,4.5
4,领主·Sharp,沉默的爆发,初雪+凛御银灰+海蒂,300,7329,1.066,7.5
4,领主·Sharp,沉默的爆发,巫恋+凛御银灰+海蒂,300,7329,1.066,7.5
4,能天使,扫射模式,初雪+灵知+华法琳,300,7327,1.902,0.0
4,能天使,扫射模式,巫恋+灵知+华法琳,300,7327,1.902,0.0
4,贝洛内,军师的手段,灵知+华法琳+浊心斯卡蒂,300,7326,1.709,0.0
4,涤火杰西卡,掩蔽护卫,凛御银灰+华法琳+双月,300,7325,1.544,7.5
4,重岳,拂尘,初雪+华法琳+双月,300,7323,1.472,0.0
4,重岳,拂尘,巫恋+华法琳+双月,300,7323,1.472,0.0
4,艾拉,“博萨克风暴”,濯尘芙蓉+华法琳+海蒂,300,7321,1.336,4.5
4,忍冬,隐狐之艺,灵知+华法琳+双月,300,7320,1.51,0.0
4,能天使,过载模式,初雪+铃兰+海蒂,300,7318,1.516,0.0
4,能天使,过载模式,巫恋+铃兰+海蒂,300,7318,1.516,0.0
4,贝洛内,军师的手段,灵知+华法琳+海蒂,300,7316,1.705,0.0
4,重岳,拂尘,华法琳+铃兰+浊心斯卡蒂,300,7315,1.469,0.0
4,涤火杰西卡,饱和迸射,初雪+凛御银灰+空,1200,7315,1.344,7.5
4,涤火杰西卡,饱和迸射,巫恋+凛御银灰+空,1200,7315,1.344,7.5
4,赤刃明霄陈,赤霄·绝影-驰,初雪+凛御银灰+华法琳,300,7315,1.437,7.5
4,赤刃明霄陈,赤霄·绝影-驰,巫恋+凛御银灰+华法琳,300,7315,1.437,7.5
4,可露希尔,Q.E.D.,初雪+华法琳+浊心斯卡蒂,300,7314,1.952,0.0
4,可露希尔,Q.E.D.,巫恋+华法琳+浊心斯卡蒂,300,7314,1.952,0.0
4,新约能天使,开火成瘾症,濯尘芙蓉+铃兰+空,300,7308,0.785,4.5
4,新约能天使,开火成瘾症,濯尘芙蓉+双月+浊心斯卡蒂,300,7308,0.785,4.5
4,重岳,拂尘,华法琳+铃兰+海蒂,300,7306,1.466,0.0
4,忍冬,隐狐之艺,初雪+巫恋+浊心斯卡蒂,300,7305,1.505,0.0
4,能天使,过载模式,濯尘芙蓉+华法琳+双月,300,7304,1.511,4.5
4,赤刃明霄陈,赤霄·绝影-驰,初雪+华法琳+浊心斯卡蒂,300,7304,1.434,0.0
4,赤刃明霄陈,赤霄·绝影-驰,巫恋+华法琳+浊心斯卡蒂,300,7304,1.434,0.0
4,真言,意识联协,华法琳+铃兰+浊心斯卡蒂,300,7303,0.736,0.0
4,可露希尔,Q.E.D.,初雪+华法琳+海蒂,300,7303,1.947,0.0
4,可露希尔,Q.E.D.,巫恋+华法琳+海蒂,300,7303,1.947,0.0
4,能天使,扫射模式,华法琳+双月+空,300,7303,1.893,0.0
4,真言,意识联协,华法琳+铃兰+海蒂,300,7298,0.734,0.0
4,予愿安洁莉娜,酸橙的心事,初雪+华法琳+浊心斯卡蒂,300,7297,1.506,0.0
4,予愿安洁莉娜,酸橙的心事,巫恋+华法琳+浊心斯卡蒂,300,7297,1.506,0.0
4,赤刃明霄陈,赤霄·绝影-驰,初雪+华法琳+海蒂,300,7297,1.431,0.0
4,赤刃明霄陈,赤霄·绝影-驰,巫恋+华法琳+海蒂,300,7297,1.431,0.0
4,新约能天使,开火成瘾症,濯尘芙蓉+双月+海蒂,300,7296,0.782,4.5
4,涤火杰西卡,掩蔽护卫,濯尘芙蓉+华法琳+空,300,7294,1.533,4.5
4,予愿安洁莉娜,酸橙的心事,初雪+华法琳+海蒂,300,7290,1.504,0.0
4,予愿安洁莉娜,酸橙的心事,巫恋+华法琳+海蒂,300,7290,1.504,0.0
4,能天使,过载模式,初雪+双月+浊心斯卡蒂,300,7289,1.506,0.0
4,能天使,过载模式,巫恋+双月+浊心斯卡蒂,300,7289,1.506,0.0
4,领主·Sharp,沉默的爆发,初雪+凛御银灰+空,300,7289,1.054,7.5
4,领主·Sharp,沉默的爆发,巫恋+凛御银灰+空,300,7289,1.054,7.5
3,烛煌,众恶的焚场,华法琳+铃兰,300,7289,0.894,0.0
4,烛煌,众恶的焚场,华法琳+阿斯卡纶+铃兰,300,7289,0.894,6.0
4,烛煌,众恶的焚场,华法琳+予愿安洁莉娜+铃兰,300,7289,0.894,6.0
4,烛煌,众恶的焚场,华法琳+泥岩+铃兰,300,7289,0.894,6.0
4,烛煌,众恶的焚场,华法琳+极境+铃兰,300,7289,0.894,6.0
4,烛煌,众恶的焚场,华法琳+和弦+铃兰,300,7289,0.894,6.0
4,烛煌,众恶的焚场,华法琳+夜魔+铃兰,300,7289,0.894,6.0
4,忍冬,隐狐之艺,初雪+巫恋+海蒂,300,7289,1.499,0.0
4,新约能天使,开火成瘾症,初雪+巫恋+濯尘芙蓉,300,7288,0.78,4.5
4,新约能天使,开火成瘾症,初雪+铃兰+双月,300,7288,0.78,0.0
4,新约能天使,开火成瘾症,巫恋+铃兰+双月,300,7288,0.78,0.0
4,领主·Sharp,沉默的爆发,初雪+灵知+华法琳,1200,7286,1.988,0.0
4,领主·Sharp,沉默的爆发,巫恋+灵知+华法琳,1200,7286,1.988,0.0
4,艾拉,“博萨克风暴”,濯尘芙蓉+华法琳+空,300,7285,1.324,4.5
4,佩佩,阻遏混乱锤,初雪+华法琳+双月,300,7284,1.472,0.0
4,佩佩,阻遏混乱锤,巫恋+华法琳+双月,300,7284,1.472,0.0
4,忍冬,隐狐之艺,凛御银灰+华法琳+铃兰,300,7283,1.497,7.5
4,真言,意识联协,灵知+铃兰+浊心斯卡蒂,300,7282,0.731,0.0
4,涤火杰西卡,饱和迸射,初雪+铃兰+浊心斯卡蒂,1200,7282,1.334,0.0
4,涤火杰西卡,饱和迸射,巫恋+铃兰+浊心斯卡蒂,1200,7282,1.334,0.0
4,谬因,混沌的本质,凛御银灰+灵知+华法琳,300,7280,1.345,7.5
4,贝洛内,军师的手段,灵知+华法琳+空,300,7280,1.692,0.0
4,真言,意识联协,华法琳+铃兰+空,300,7279,0.73,0.0
4,真言,意识联协,灵知+铃兰+海蒂,300,7276,0.729,0.0
4,烛煌,众恶的焚场,初雪+巫恋+铃兰,300,7273,0.89,0.0
4,重岳,拂尘,华法琳+铃兰+空,300,7271,1.454,0.0
4,能天使,过载模式,初雪+双月+海蒂,300,7271,1.5,0.0
4,能天使,过载模式,巫恋+双月+海蒂,300,7271,1.5,0.0
4,赤刃明霄陈,赤霄·绝影-驰,初雪+华法琳+空,300,7270,1.422,0.0
4,赤刃明霄陈,赤霄·绝影-驰,巫恋+华法琳+空,300,7270,1.422,0.0
4,涤火杰西卡,饱和迸射,初雪+铃兰+海蒂,1200,7267,1.329,0.0
4,涤火杰西卡,饱和迸射,巫恋+铃兰+海蒂,1200,7267,1.329,0.0
4,予愿安洁莉娜,酸橙的心事,初雪+凛御银灰+华法琳,300,7266,1.496,7.5
4,予愿安洁莉娜,酸橙的心事,巫恋+凛御银灰+华法琳,300,7266,1.496,7.5
4,予愿安洁莉娜,酸橙的心事,初雪+华法琳+空,300,7262,1.494,0.0
4,予愿安洁莉娜,酸橙的心事,巫恋+华法琳+空,300,7262,1.494,0.0
4,真言,意识联协,凛御银灰+濯尘芙蓉+华法琳,300,7261,0.726,12.0
4,可露希尔,Q.E.D.,初雪+华法琳+空,300,7260,1.93,0.0
4,可露希尔,Q.E.D.,巫恋+华法琳+空,300,7260,1.93,0.0
4,重岳,拂尘,华法琳+双月+浊心斯卡蒂,300,7256,1.449,0.0
4,新约能天使,开火成瘾症,濯尘芙蓉+双月+空,300,7254,0.772,4.5
4,真言,意识联协,灵知+铃兰+空,300,7253,0.724,0.0
3,新约能天使,开火成瘾症,初雪+浊心斯卡蒂,300,7253,0.771,0.0
3,新约能天使,开火成瘾症,巫恋+浊心斯卡蒂,300,7253,0.771,0.0
4,新约能天使,开火成瘾症,初雪+阿斯卡纶+浊心斯卡蒂,300,7253,0.771,6.0
4,新约能天使,开火成瘾症,初雪+予愿安洁莉娜+浊心斯卡蒂,300,7253,0.771,6.0
4,新约能天使,开火成瘾症,初雪+泥岩+浊心斯卡蒂,300,7253,0.771,6.0
4,新约能天使,开火成瘾症,初雪+极境+浊心斯卡蒂,300,7253,0.771,6.0
4,新约能天使,开火成瘾症,初雪+和弦+浊心斯卡蒂,300,7253,0.771,6.0
4,新约能天使,开火成瘾症,初雪+夜魔+浊心斯卡蒂,300,7253,0.771,6.0
4,新约能天使,开火成瘾症,初雪+烛煌+浊心斯卡蒂,300,7253,0.771,7.5
4,新约能天使,开火成瘾症,初雪+浊心斯卡蒂+海蒂,300,7253,0.771,0.0
4,新约能天使,开火成瘾症,初雪+浊心斯卡蒂+空,300,7253,0.771,0.0
4,新约能天使,开火成瘾症,巫恋+阿斯卡纶+浊心斯卡蒂,300,7253,0.771,6.0
4,新约能天使,开火成瘾症,巫恋+予愿安洁莉娜+浊心斯卡蒂,300,7253,0.771,6.0
4,新约能天使,开火成瘾症,巫恋+泥岩+浊心斯卡蒂,300,7253,0.771,6.0
4,新约能天使,开火成瘾症,巫恋+极境+浊心斯卡蒂,300,7253,0.771,6.0
4,新约能天使,开火成瘾症,巫恋+和弦+浊心斯卡蒂,300,7253,0.771,6.0
4,新约能天使,开火成瘾症,巫恋+夜魔+浊心斯卡蒂,300,7253,0.771,6.0
4,新约能天使,开火成瘾症,巫恋+烛煌+浊心斯卡蒂,300,7253,0.771,7.5
4,新约能天使,开火成瘾症,巫恋+浊心斯卡蒂+海蒂,300,7253,0.771,0.0
4,新约能天使,开火成瘾症,巫恋+浊心斯卡蒂+空,300,7253,0.771,0.0
4,能天使,过载模式,初雪+铃兰+空,300,7253,1.494,0.0
4,能天使,过载模式,巫恋+铃兰+空,300,7253,1.494,0.0
4,贝洛内,军师的手段,初雪+灵知+华法琳,300,7253,1.682,0.0
4,贝洛内,军师的手段,巫恋+灵知+华法琳,300,7253,1.682,0.0
4,百炼嘉维尔,丛林之魂,初雪+灵知+浊心斯卡蒂,300,7251,1.094,0.0
4,百炼嘉维尔,丛林之魂,巫恋+灵知+浊心斯卡蒂,300,7251,1.094,0.0
3,能天使,过载模式,初雪+华法琳,300,7250,1.493,0.0
3,能天使,过载模式,巫恋+华法琳,300,7250,1.493,0.0
4,能天使,过载模式,初雪+华法琳+阿斯卡纶,300,7250,1.493,6.0
4,能天使,过载模式,初雪+华法琳+予愿安洁莉娜,300,7250,1.493,6.0
4,能天使,过载模式,初雪+华法琳+泥岩,300,7250,1.493,6.0
4,能天使,过载模式,初雪+华法琳+极境,300,7250,1.493,6.0
4,能天使,过载模式,初雪+华法琳+和弦,300,7250,1.493,6.0
4,能天使,过载模式,初雪+华法琳+夜魔,300,7250,1.493,6.0
4,能天使,过载模式,初雪+华法琳+烛煌,300,7250,1.493,7.5
4,能天使,过载模式,巫恋+华法琳+阿斯卡纶,300,7250,1.493,6.0
4,能天使,过载模式,巫恋+华法琳+予愿安洁莉娜,300,7250,1.493,6.0
4,能天使,过载模式,巫恋+华法琳+泥岩,300,7250,1.493,6.0
4,能天使,过载模式,巫恋+华法琳+极境,300,7250,1.493,6.0
4,能天使,过载模式,巫恋+华法琳+和弦,300,7250,1.493,6.0
4,能天使,过载模式,巫恋+华法琳+夜魔,300,7250,1.493,6.0
4,能天使,过载模式,巫恋+华法琳+烛煌,300,7250,1.493,7.5
4,能天使,扫射模式,初雪+凛御银灰+华法琳,300,7247,1.871,7.5
4,能天使,扫射模式,巫恋+凛御银灰+华法琳,300,7247,1.871,7.5
4,重岳,拂尘,华法琳+双月+海蒂,300,7246,1.446,0.0
4,艾拉,“博萨克风暴”,初雪+灵知+浊心斯卡蒂,300,7246,1.312,0.0
4,艾拉,“博萨克风暴”,巫恋+灵知+浊心斯卡蒂,300,7246,1.312,0.0
3,能天使,过载模式,华法琳+浊心斯卡蒂,300,7245,1.491,0.0
4,能天使,过载模式,华法琳+阿斯卡纶+浊心斯卡蒂,300,7245,1.491,6.0
4,能天使,过载模式,华法琳+予愿安洁莉娜+浊心斯卡蒂,300,7245,1.491,6.0
4,能天使,过载模式,华法琳+泥岩+浊心斯卡蒂,300,7245,1.491,6.0
4,能天使,过载模式,华法琳+极境+浊心斯卡蒂,300,7245,1.491,6.0
4,能天使,过载模式,华法琳+和弦+浊心斯卡蒂,300,7245,1.491,6.0
4,能天使,过载模式,华法琳+夜魔+浊心斯卡蒂,300,7245,1.491,6.0
4,能天使,过载模式,华法琳+烛煌+浊心斯卡蒂,300,7245,1.491,7.5
4,能天使,过载模式,华法琳+浊心斯卡蒂+海蒂,300,7245,1.491,0.0
4,能天使,过载模式,华法琳+浊心斯卡蒂+空,300,7245,1.491,0.0
4,真言,意识联协,华法琳+双月+浊心斯卡蒂,300,7243,0.722,0.0
3,新约能天使,开火成瘾症,初雪+海蒂,300,7242,0.769,0.0
3,新约能天使,开火成瘾症,巫恋+海蒂,300,7242,0.769,0.0
4,新约能天使,开火成瘾症,初雪+阿斯卡纶+海蒂,300,7242,0.769,6.0
4,新约能天使,开火成瘾症,初雪+予愿安洁莉娜+海蒂,300,7242,0.769,6.0
4,新约能天使,开火成瘾症,初雪+泥岩+海蒂,300,7242,0.769,6.0
4,新约能天使,开火成瘾症,初雪+极境+海蒂,300,7242,0.769,6.0
4,新约能天使,开火成瘾症,初雪+和弦+海蒂,300,7242,0.769,6.0
4,新约能天使,开火成瘾症,初雪+夜魔+海蒂,300,7242,0.769,6.0
4,新约能天使,开火成瘾症,初雪+烛煌+海蒂,300,7242,0.769,7.5
4,新约能天使,开火成瘾症,初雪+海蒂+空,300,7242,0.769,0.0
4,新约能天使,开火成瘾症,巫恋+阿斯卡纶+海蒂,300,7242,0.769,6.0
4,新约能天使,开火成瘾症,巫恋+予愿安洁莉娜+海蒂,300,7242,0.769,6.0
4,新约能天使,开火成瘾症,巫恋+泥岩+海蒂,300,7242,0.769,6.0
4,新约能天使,开火成瘾症,巫恋+极境+海蒂,300,7242,0.769,6.0
4,新约能天使,开火成瘾症,巫恋+和弦+海蒂,300,7242,0.769,6.0
4,新约能天使,开火成瘾症,巫恋+夜魔+海蒂,300,7242,0.769,6.0
4,新约能天使,开火成瘾症,巫恋+烛煌+海蒂,300,7242,0.769,7.5
4,新约能天使,开火成瘾症,巫恋+海蒂+空,300,7242,0.769,0.0
4,百炼嘉维尔,丛林之魂,初雪+灵知+海蒂,300,7240,1.091,0.0
4,百炼嘉维尔,丛林之魂,巫恋+灵知+海蒂,300,7240,1.091,0.0
4,真言,意识联协,华法琳+双月+海蒂,300,7238,0.72,0.0
4,真言,意识联协,初雪+濯尘芙蓉+灵知,300,7237,0.72,4.5
4,真言,意识联协,巫恋+濯尘芙蓉+灵知,300,7237,0.72,4.5
4,真言,意识联协,灵知+铃兰+双月,300,7237,0.72,0.0
4,真言,无言为真,初雪+华法琳+浊心斯卡蒂,300,7236,1.478,0.0
4,真言,无言为真,巫恋+华法琳+浊心斯卡蒂,300,7236,1.478,0.0
4,涤火杰西卡,饱和迸射,初雪+双月+浊心斯卡蒂,1200,7235,1.319,0.0
4,涤火杰西卡,饱和迸射,巫恋+双月+浊心斯卡蒂,1200,7235,1.319,0.0
4,领主·Sharp,沉默的爆发,初雪+铃兰+浊心斯卡蒂,300,7235,1.039,0.0
4,领主·Sharp,沉默的爆发,巫恋+铃兰+浊心斯卡蒂,300,7235,1.039,0.0
4,烛煌,众恶的焚场,初雪+巫恋+双月,300,7235,0.88,0.0
3,能天使,过载模式,华法琳+海蒂,300,7234,1.487,0.0
4,能天使,过载模式,华法琳+阿斯卡纶+海蒂,300,7234,1.487,6.0
4,能天使,过载模式,华法琳+予愿安洁莉娜+海蒂,300,7234,1.487,6.0
4,能天使,过载模式,华法琳+泥岩+海蒂,300,7234,1.487,6.0
4,能天使,过载模式,华法琳+极境+海蒂,300,7234,1.487,6.0
4,能天使,过载模式,华法琳+和弦+海蒂,300,7234,1.487,6.0
4,能天使,过载模式,华法琳+夜魔+海蒂,300,7234,1.487,6.0
4,能天使,过载模式,华法琳+烛煌+海蒂,300,7234,1.487,7.5
4,能天使,过载模式,华法琳+海蒂+空,300,7234,1.487,0.0
4,忍冬,隐狐之艺,凛御银灰+华法琳+双月,300,7234,1.481,7.5
4,真言,意识联协,灵知+双月+浊心斯卡蒂,300,7233,0.719,0.0
4,忍冬,隐狐之艺,初雪+巫恋+空,300,7232,1.48,0.0
4,艾拉,“博萨克风暴”,初雪+灵知+海蒂,300,7232,1.307,0.0
4,艾拉,“博萨克风暴”,巫恋+灵知+海蒂,300,7232,1.307,0.0
3,烛煌,众恶的焚场,华法琳+双月,300,7230,0.879,0.0
4,烛煌,众恶的焚场,华法琳+阿斯卡纶+双月,300,7230,0.879,6.0
4,烛煌,众恶的焚场,华法琳+予愿安洁莉娜+双月,300,7230,0.879,6.0
4,烛煌,众恶的焚场,华法琳+泥岩+双月,300,7230,0.879,6.0
4,烛煌,众恶的焚场,华法琳+极境+双月,300,7230,0.879,6.0
4,烛煌,众恶的焚场,华法琳+和弦+双月,300,7230,0.879,6.0
4,烛煌,众恶的焚场,华法琳+夜魔+双月,300,7230,0.879,6.0
4,真言,无言为真,初雪+华法琳+海蒂,300,7228,1.475,0.0
4,真言,无言为真,巫恋+华法琳+海蒂,300,7228,1.475,0.0
4,真言,意识联协,灵知+双月+海蒂,300,7227,0.718,0.0
4,贝洛内,军师的手段,凛御银灰+华法琳+浊心斯卡蒂,300,7226,1.672,7.5
4,领主·Sharp,沉默的爆发,初雪+铃兰+海蒂,300,7224,1.036,0.0
4,领主·Sharp,沉默的爆发,巫恋+铃兰+海蒂,300,7224,1.036,0.0
4,真言,意识联协,华法琳+双月+空,300,7220,0.716,0.0
4,涤火杰西卡,饱和迸射,初雪+双月+海蒂,1200,7220,1.314,0.0
4,涤火杰西卡,饱和迸射,巫恋+双月+海蒂,1200,7220,1.314,0.0
4,贝洛内,军师的手段,凛御银灰+华法琳+海蒂,300,7216,1.668,7.5
3,灵知,失温症,凛御银灰+浊心斯卡蒂,300,7216,0.825,7.5
4,灵知,失温症,凛御银灰+阿斯卡纶+浊心斯卡蒂,300,7216,0.825,13.5
4,灵知,失温症,凛御银灰+予愿安洁莉娜+浊心斯卡蒂,300,7216,0.825,13.5
4,灵知,失温症,凛御银灰+泥岩+浊心斯卡蒂,300,7216,0.825,13.5
4,灵知,失温症,凛御银灰+极境+浊心斯卡蒂,300,7216,0.825,13.5
4,灵知,失温症,凛御银灰+和弦+浊心斯卡蒂,300,7216,0.825,13.5
4,灵知,失温症,凛御银灰+夜魔+浊心斯卡蒂,300,7216,0.825,13.5
4,灵知,失温症,凛御银灰+烛煌+浊心斯卡蒂,300,7216,0.825,15.0
4,灵知,失温症,凛御银灰+浊心斯卡蒂+海蒂,300,7216,0.825,7.5
4,灵知,失温症,凛御银灰+浊心斯卡蒂+空,300,7216,0.825,7.5
4,予愿安洁莉娜,重力自定义,初雪+巫恋+华法琳,300,7214,1.556,0.0
3,涤火杰西卡,饱和迸射,华法琳+浊心斯卡蒂,300,7213,0.992,0.0
4,涤火杰西卡,饱和迸射,华法琳+阿斯卡纶+浊心斯卡蒂,300,7213,0.992,6.0
4,涤火杰西卡,饱和迸射,华法琳+予愿安洁莉娜+浊心斯卡蒂,300,7213,0.992,6.0
4,涤火杰西卡,饱和迸射,华法琳+泥岩+浊心斯卡蒂,300,7213,0.992,6.0
4,涤火杰西卡,饱和迸射,华法琳+极境+浊心斯卡蒂,300,7213,0.992,6.0
4,涤火杰西卡,饱和迸射,华法琳+和弦+浊心斯卡蒂,300,7213,0.992,6.0
4,涤火杰西卡,饱和迸射,华法琳+夜魔+浊心斯卡蒂,300,7213,0.992,6.0
4,涤火杰西卡,饱和迸射,华法琳+烛煌+浊心斯卡蒂,300,7213,0.992,7.5
4,涤火杰西卡,饱和迸射,华法琳+浊心斯卡蒂+海蒂,300,7213,0.992,0.0
4,涤火杰西卡,饱和迸射,华法琳+浊心斯卡蒂+空,300,7213,0.992,0.0
4,重岳,拂尘,华法琳+双月+空,300,7212,1.434,0.0
4,涤火杰西卡,掩蔽护卫,初雪+濯尘芙蓉+华法琳,300,7212,1.505,4.5
4,涤火杰西卡,掩蔽护卫,巫恋+濯尘芙蓉+华法琳,300,7212,1.505,4.5
4,涤火杰西卡,掩蔽护卫,华法琳+铃兰+双月,300,7212,1.505,0.0
4,涤火杰西卡,饱和迸射,初雪+铃兰+空,1200,7210,1.311,0.0
4,涤火杰西卡,饱和迸射,巫恋+铃兰+空,1200,7210,1.311,0.0
4,赤刃明霄陈,赤霄·绝影-驰,初雪+华法琳+铃兰,300,7210,1.402,0.0
4,赤刃明霄陈,赤霄·绝影-驰,巫恋+华法琳+铃兰,300,7210,1.402,0.0
4,新约能天使,开火成瘾症,濯尘芙蓉+华法琳+浊心斯卡蒂,1200,7207,1.778,4.5
4,领主·Sharp,沉默的爆发,初雪+凛御银灰+华法琳,1200,7207,1.956,7.5
4,领主·Sharp,沉默的爆发,巫恋+凛御银灰+华法琳,1200,7207,1.956,7.5
4,能天使,过载模式,初雪+双月+空,300,7206,1.478,0.0
4,能天使,过载模式,巫恋+双月+空,300,7206,1.478,0.0
4,真言,意识联协,灵知+双月+空,300,7205,0.712,0.0
3,涤火杰西卡,饱和迸射,华法琳+海蒂,300,7203,0.99,0.0
4,涤火杰西卡,饱和迸射,华法琳+阿斯卡纶+海蒂,300,7203,0.99,6.0
4,涤火杰西卡,饱和迸射,华法琳+予愿安洁莉娜+海蒂,300,7203,0.99,6.0
4,涤火杰西卡,饱和迸射,华法琳+泥岩+海蒂,300,7203,0.99,6.0
4,涤火杰西卡,饱和迸射,华法琳+极境+海蒂,300,7203,0.99,6.0
4,涤火杰西卡,饱和迸射,华法琳+和弦+海蒂,300,7203,0.99,6.0
4,涤火杰西卡,饱和迸射,华法琳+夜魔+海蒂,300,7203,0.99,6.0
4,涤火杰西卡,饱和迸射,华法琳+烛煌+海蒂,300,7203,0.99,7.5
4,涤火杰西卡,饱和迸射,华法琳+海蒂+空,300,7203,0.99,0.0
3,灵知,失温症,凛御银灰+海蒂,300,7202,0.821,7.5
4,灵知,失温症,凛御银灰+阿斯卡纶+海蒂,300,7202,0.821,13.5
4,灵知,失温症,凛御银灰+予愿安洁莉娜+海蒂,300,7202,0.821,13.5
4,灵知,失温症,凛御银灰+泥岩+海蒂,300,7202,0.821,13.5
4,灵知,失温症,凛御银灰+极境+海蒂,300,7202,0.821,13.5
4,灵知,失温症,凛御银灰+和弦+海蒂,300,7202,0.821,13.5
4,灵知,失温症,凛御银灰+夜魔+海蒂,300,7202,0.821,13.5
4,灵知,失温症,凛御银灰+烛煌+海蒂,300,7202,0.821,15.0
4,灵知,失温症,凛御银灰+海蒂+空,300,7202,0.821,7.5
3,新约能天使,开火成瘾症,初雪+空,300,7200,0.758,0.0
3,新约能天使,开火成瘾症,巫恋+空,300,7200,0.758,0.0
4,新约能天使,开火成瘾症,初雪+阿斯卡纶+空,300,7200,0.758,6.0
4,新约能天使,开火成瘾症,初雪+予愿安洁莉娜+空,300,7200,0.758,6.0
4,新约能天使,开火成瘾症,初雪+泥岩+空,300,7200,0.758,6.0
4,新约能天使,开火成瘾症,初雪+极境+空,300,7200,0.758,6.0
4,新约能天使,开火成瘾症,初雪+和弦+空,300,7200,0.758,6.0
4,新约能天使,开火成瘾症,初雪+夜魔+空,300,7200,0.758,6.0
4,新约能天使,开火成瘾症,初雪+烛煌+空,300,7200,0.758,7.5
4,新约能天使,开火成瘾症,巫恋+阿斯卡纶+空,300,7200,0.758,6.0
4,新约能天使,开火成瘾症,巫恋+予愿安洁莉娜+空,300,7200,0.758,6.0
4,新约能天使,开火成瘾症,巫恋+泥岩+空,300,7200,0.758,6.0
4,新约能天使,开火成瘾症,巫恋+极境+空,300,7200,0.758,6.0
4,新约能天使,开火成瘾症,巫恋+和弦+空,300,7200,0.758,6.0
4,新约能天使,开火成瘾症,巫恋+夜魔+空,300,7200,0.758,6.0
4,新约能天使,开火成瘾症,巫恋+烛煌+空,300,7200,0.758,7.5
4,百炼嘉维尔,丛林之魂,初雪+灵知+空,300,7200,1.08,0.0
4,百炼嘉维尔,丛林之魂,巫恋+灵知+空,300,7200,1.08,0.0
4,真言,无言为真,初雪+华法琳+空,300,7199,1.465,0.0
4,真言,无言为真,巫恋+华法琳+空,300,7199,1.465,0.0
4,真言,意识联协,凛御银灰+铃兰+浊心斯卡蒂,300,7197,0.711,7.5
4,新约能天使,开火成瘾症,濯尘芙蓉+华法琳+海蒂,1200,7197,1.774,4.5
4,真言,无言为真,初雪+灵知+华法琳,300,7197,1.464,0.0
4,真言,无言为真,巫恋+灵知+华法琳,300,7197,1.464,0.0
3,涤火杰西卡,饱和迸射,灵知+华法琳,300,7195,0.987,0.0
4,涤火杰西卡,饱和迸射,灵知+华法琳+阿斯卡纶,300,7195,0.987,6.0
4,涤火杰西卡,饱和迸射,灵知+华法琳+予愿安洁莉娜,300,7195,0.987,6.0
4,涤火杰西卡,饱和迸射,灵知+华法琳+泥岩,300,7195,0.987,6.0
4,涤火杰西卡,饱和迸射,灵知+华法琳+极境,300,7195,0.987,6.0
4,涤火杰西卡,饱和迸射,灵知+华法琳+和弦,300,7195,0.987,6.0
4,涤火杰西卡,饱和迸射,灵知+华法琳+夜魔,300,7195,0.987,6.0
4,涤火杰西卡,饱和迸射,灵知+华法琳+烛煌,300,7195,0.987,7.5
4,重岳,拂尘,凛御银灰+灵知+华法琳,300,7193,1.428,7.5
3,领主·Sharp,沉默的爆发,灵知+华法琳,300,7193,1.027,0.0
4,领主·Sharp,沉默的爆发,灵知+华法琳+阿斯卡纶,300,7193,1.027,6.0
4,领主·Sharp,沉默的爆发,灵知+华法琳+予愿安洁莉娜,300,7193,1.027,6.0
4,领主·Sharp,沉默的爆发,灵知+华法琳+泥岩,300,7193,1.027,6.0
4,领主·Sharp,沉默的爆发,灵知+华法琳+极境,300,7193,1.027,6.0
4,领主·Sharp,沉默的爆发,灵知+华法琳+和弦,300,7193,1.027,6.0
4,领主·Sharp,沉默的爆发,灵知+华法琳+夜魔,300,7193,1.027,6.0
4,领主·Sharp,沉默的爆发,灵知+华法琳+烛煌,300,7193,1.027,7.5
4,真言,意识联协,凛御银灰+铃兰+海蒂,300,7192,0.709,7.5
3,能天使,过载模式,华法琳+空,300,7192,1.473,0.0
4,能天使,过载模式,华法琳+阿斯卡纶+空,300,7192,1.473,6.0
4,能天使,过载模式,华法琳+予愿安洁莉娜+空,300,7192,1.473,6.0
4,能天使,过载模式,华法琳+泥岩+空,300,7192,1.473,6.0
4,能天使,过载模式,华法琳+极境+空,300,7192,1.473,6.0
4,能天使,过载模式,华法琳+和弦+空,300,7192,1.473,6.0
4,能天使,过载模式,华法琳+夜魔+空,300,7192,1.473,6.0
4,能天使,过载模式,华法琳+烛煌+空,300,7192,1.473,7.5
4,领主·Sharp,沉默的爆发,初雪+双月+浊心斯卡蒂,300,7188,1.026,0.0
4,领主·Sharp,沉默的爆发,巫恋+双月+浊心斯卡蒂,300,7188,1.026,0.0
4,领主·Sharp,沉默的爆发,初雪+铃兰+空,300,7184,1.025,0.0
4,领主·Sharp,沉默的爆发,巫恋+铃兰+空,300,7184,1.025,0.0
4,涤火杰西卡,饱和迸射,濯尘芙蓉+灵知+浊心斯卡蒂,300,7183,0.984,4.5
4,贝洛内,军师的手段,凛御银灰+华法琳+空,300,7180,1.655,7.5
4,艾拉,“博萨克风暴”,初雪+灵知+空,300,7180,1.291,0.0
4,艾拉,“博萨克风暴”,巫恋+灵知+空,300,7180,1.291,0.0
4,涤火杰西卡,饱和迸射,濯尘芙蓉+灵知+华法琳,1200,7179,1.301,4.5
4,领主·Sharp,沉默的爆发,初雪+双月+海蒂,300,7178,1.023,0.0
4,领主·Sharp,沉默的爆发,巫恋+双月+海蒂,300,7178,1.023,0.0
4,佩佩,时光震荡,初雪+巫恋+华法琳,300,7177,1.605,0.0
4,新约能天使,开火成瘾症,凛御银灰+灵知+铃兰,300,7176,0.753,7.5
4,贝洛内,军师的手段,初雪+凛御银灰+华法琳,300,7174,1.653,7.5
4,贝洛内,军师的手段,巫恋+凛御银灰+华法琳,300,7174,1.653,7.5
3,烛煌,众恶的焚场,华法琳+浊心斯卡蒂,300,7173,0.864,0.0
4,烛煌,众恶的焚场,华法琳+阿斯卡纶+浊心斯卡蒂,300,7173,0.864,6.0
4,烛煌,众恶的焚场,华法琳+予愿安洁莉娜+浊心斯卡蒂,300,7173,0.864,6.0
4,烛煌,众恶的焚场,华法琳+泥岩+浊心斯卡蒂,300,7173,0.864,6.0
4,烛煌,众恶的焚场,华法琳+极境+浊心斯卡蒂,300,7173,0.864,6.0
4,烛煌,众恶的焚场,华法琳+和弦+浊心斯卡蒂,300,7173,0.864,6.0
4,烛煌,众恶的焚场,华法琳+夜魔+浊心斯卡蒂,300,7173,0.864,6.0
4,烛煌,众恶的焚场,华法琳+浊心斯卡蒂+海蒂,300,7173,0.864,0.0
4,烛煌,众恶的焚场,华法琳+浊心斯卡蒂+空,300,7173,0.864,0.0
4,谬因,混沌的本质,灵知+华法琳+铃兰,300,7172,1.31,0.0
4,百炼嘉维尔,丛林之魂,初雪+凛御银灰+浊心斯卡蒂,300,7172,1.072,7.5
4,百炼嘉维尔,丛林之魂,巫恋+凛御银灰+浊心斯卡蒂,300,7172,1.072,7.5
4,涤火杰西卡,饱和迸射,濯尘芙蓉+灵知+海蒂,300,7170,0.981,4.5
4,真言,意识联协,凛御银灰+铃兰+空,300,7169,0.704,7.5
4,灵知,失温症,初雪+凛御银灰+铃兰,300,7168,0.813,7.5
4,灵知,失温症,巫恋+凛御银灰+铃兰,300,7168,0.813,7.5
4,艾拉,“博萨克风暴”,初雪+凛御银灰+浊心斯卡蒂,300,7168,1.287,7.5
4,艾拉,“博萨克风暴”,巫恋+凛御银灰+浊心斯卡蒂,300,7168,1.287,7.5
3,涤火杰西卡,饱和迸射,华法琳+空,300,7167,0.98,0.0
4,涤火杰西卡,饱和迸射,华法琳+阿斯卡纶+空,300,7167,0.98,6.0
4,涤火杰西卡,饱和迸射,华法琳+予愿安洁莉娜+空,300,7167,0.98,6.0
4,涤火杰西卡,饱和迸射,华法琳+泥岩+空,300,7167,0.98,6.0
4,涤火杰西卡,饱和迸射,华法琳+极境+空,300,7167,0.98,6.0
4,涤火杰西卡,饱和迸射,华法琳+和弦+空,300,7167,0.98,6.0
4,涤火杰西卡,饱和迸射,华法琳+夜魔+空,300,7167,0.98,6.0
4,涤火杰西卡,饱和迸射,华法琳+烛煌+空,300,7167,0.98,7.5
4,领主·Sharp,沉默的爆发,灵知+华法琳+浊心斯卡蒂,1200,7167,1.94,0.0
3,烛煌,众恶的焚场,华法琳+海蒂,300,7165,0.862,0.0
4,烛煌,众恶的焚场,华法琳+阿斯卡纶+海蒂,300,7165,0.862,6.0
4,烛煌,众恶的焚场,华法琳+予愿安洁莉娜+海蒂,300,7165,0.862,6.0
4,烛煌,众恶的焚场,华法琳+泥岩+海蒂,300,7165,0.862,6.0
4,烛煌,众恶的焚场,华法琳+极境+海蒂,300,7165,0.862,6.0
4,烛煌,众恶的焚场,华法琳+和弦+海蒂,300,7165,0.862,6.0
4,烛煌,众恶的焚场,华法琳+夜魔+海蒂,300,7165,0.862,6.0
4,烛煌,众恶的焚场,华法琳+海蒂+空,300,7165,0.862,0.0
4,真言,意识联协,初雪+凛御银灰+濯尘芙蓉,300,7164,0.703,12.0
4,真言,意识联协,巫恋+凛御银灰+濯尘芙蓉,300,7164,0.703,12.0
4,真言,意识联协,凛御银灰+铃兰+双月,300,7164,0.703,7.5
4,涤火杰西卡,饱和迸射,初雪+双月+空,1200,7164,1.296,0.0
4,涤火杰西卡,饱和迸射,巫恋+双月+空,1200,7164,1.296,0.0
4,忍冬,隐狐之艺,濯尘芙蓉+华法琳+浊心斯卡蒂,300,7164,1.456,4.5
4,赤刃明霄陈,赤霄·绝影-驰,初雪+华法琳+双月,300,7164,1.387,0.0
4,赤刃明霄陈,赤霄·绝影-驰,巫恋+华法琳+双月,300,7164,1.387,0.0
4,新约能天使,开火成瘾症,濯尘芙蓉+华法琳+空,1200,7162,1.76,4.5
4,百炼嘉维尔,丛林之魂,初雪+凛御银灰+海蒂,300,7162,1.069,7.5
4,百炼嘉维尔,丛林之魂,巫恋+凛御银灰+海蒂,300,7162,1.069,7.5
4,予愿安洁莉娜,酸橙的心事,初雪+华法琳+铃兰,300,7162,1.46,0.0
4,予愿安洁莉娜,酸橙的心事,巫恋+华法琳+铃兰,300,7162,1.46,0.0
4,能天使,过载模式,凛御银灰+灵知+浊心斯卡蒂,300,7160,1.462,7.5
4,艾拉,“博萨克风暴”,濯尘芙蓉+灵知+华法琳,300,7160,1.284,4.5
4,领主·Sharp,沉默的爆发,灵知+华法琳+海蒂,1200,7159,1.936,0.0
4,佩佩,阻遏混乱锤,凛御银灰+灵知+华法琳,300,7156,1.429,7.5
4,忍冬,隐狐之艺,濯尘芙蓉+华法琳+海蒂,300,7154,1.453,4.5
4,艾拉,“博萨克风暴”,初雪+凛御银灰+海蒂,300,7154,1.282,7.5
4,艾拉,“博萨克风暴”,巫恋+凛御银灰+海蒂,300,7154,1.282,7.5
4,真言,意识联协,凛御银灰+双月+浊心斯卡蒂,300,7149,0.699,7.5
3,灵知,失温症,凛御银灰+空,300,7149,0.808,7.5
4,灵知,失温症,凛御银灰+阿斯卡纶+空,300,7149,0.808,13.5
4,灵知,失温症,凛御银灰+予愿安洁莉娜+空,300,7149,0.808,13.5
4,灵知,失温症,凛御银灰+泥岩+空,300,7149,0.808,13.5
4,灵知,失温症,凛御银灰+极境+空,300,7149,0.808,13.5
4,灵知,失温症,凛御银灰+和弦+空,300,7149,0.808,13.5
4,灵知,失温症,凛御银灰+夜魔+空,300,7149,0.808,13.5
4,灵知,失温症,凛御银灰+烛煌+空,300,7149,0.808,15.0
4,谬因,混沌的本质,初雪+华法琳+浊心斯卡蒂,300,7146,1.302,0.0
4,谬因,混沌的本质,巫恋+华法琳+浊心斯卡蒂,300,7146,1.302,0.0
4,能天使,扫射模式,初雪+华法琳+铃兰,300,7144,1.829,0.0
4,能天使,扫射模式,巫恋+华法琳+铃兰,300,7144,1.829,0.0
4,真言,意识联协,凛御银灰+双月+海蒂,300,7143,0.698,7.5
4,涤火杰西卡,掩蔽护卫,初雪+灵知+浊心斯卡蒂,300,7143,1.481,0.0
4,涤火杰西卡,掩蔽护卫,巫恋+灵知+浊心斯卡蒂,300,7143,1.481,0.0
4,能天使,过载模式,凛御银灰+灵知+海蒂,300,7143,1.456,7.5
4,真言,意识联协,濯尘芙蓉+华法琳+铃兰,300,7141,0.697,4.5
4,谬因,混沌的本质,初雪+华法琳+海蒂,300,7141,1.3,0.0
4,谬因,混沌的本质,巫恋+华法琳+海蒂,300,7141,1.3,0.0
4,领主·Sharp,沉默的爆发,初雪+双月+空,300,7138,1.012,0.0
4,领主·Sharp,沉默的爆发,巫恋+双月+空,300,7138,1.012,0.0
3,烛煌,众恶的焚场,华法琳+空,300,7136,0.854,0.0
4,烛煌,众恶的焚场,华法琳+阿斯卡纶+空,300,7136,0.854,6.0
4,烛煌,众恶的焚场,华法琳+予愿安洁莉娜+空,300,7136,0.854,6.0
4,烛煌,众恶的焚场,华法琳+泥岩+空,300,7136,0.854,6.0
4,烛煌,众恶的焚场,华法琳+极境+空,300,7136,0.854,6.0
4,烛煌,众恶的焚场,华法琳+和弦+空,300,7136,0.854,6.0
4,烛煌,众恶的焚场,华法琳+夜魔+空,300,7136,0.854,6.0
4,新约能天使,开火成瘾症,凛御银灰+灵知+双月,300,7135,0.743,7.5
4,烛煌,众恶的焚场,初雪+凛御银灰+灵知,300,7129,0.853,7.5
4,烛煌,众恶的焚场,巫恋+凛御银灰+灵知,300,7129,0.853,7.5
4,涤火杰西卡,掩蔽护卫,初雪+灵知+海蒂,300,7128,1.476,0.0
4,涤火杰西卡,掩蔽护卫,巫恋+灵知+海蒂,300,7128,1.476,0.0
4,灵知,失温症,初雪+凛御银灰+双月,300,7128,0.803,7.5
4,灵知,失温症,巫恋+凛御银灰+双月,300,7128,0.803,7.5
4,领主·Sharp,沉默的爆发,灵知+华法琳+空,1200,7126,1.923,0.0
4,谬因,混沌的本质,灵知+华法琳+双月,300,7124,1.295,0.0
4,谬因,混沌的本质,初雪+华法琳+空,300,7123,1.294,0.0
4,谬因,混沌的本质,巫恋+华法琳+空,300,7123,1.294,0.0
4,忍冬,隐狐之艺,初雪+濯尘芙蓉+华法琳,300,7123,1.442,4.5
4,忍冬,隐狐之艺,巫恋+濯尘芙蓉+华法琳,300,7123,1.442,4.5
4,忍冬,隐狐之艺,华法琳+铃兰+双月,300,7123,1.442,0.0
4,百炼嘉维尔,丛林之魂,初雪+凛御银灰+空,300,7122,1.057,7.5
4,百炼嘉维尔,丛林之魂,巫恋+凛御银灰+空,300,7122,1.057,7.5
4,真言,意识联协,凛御银灰+双月+空,300,7121,0.692,7.5
4,涤火杰西卡,饱和迸射,濯尘芙蓉+灵知+空,300,7120,0.967,4.5
4,真言,无言为真,初雪+凛御银灰+华法琳,300,7118,1.437,7.5
4,真言,无言为真,巫恋+凛御银灰+华法琳,300,7118,1.437,7.5
4,予愿安洁莉娜,酸橙的心事,初雪+华法琳+双月,300,7116,1.445,0.0
4,予愿安洁莉娜,酸橙的心事,巫恋+华法琳+双月,300,7116,1.445,0.0
4,忍冬,隐狐之艺,濯尘芙蓉+华法琳+空,300,7115,1.44,4.5
3,百炼嘉维尔,丛林之魂,灵知+华法琳,300,7109,1.053,0.0
4,百炼嘉维尔,丛林之魂,灵知+华法琳+阿斯卡纶,300,7109,1.053,6.0
4,百炼嘉维尔,丛林之魂,灵知+华法琳+予愿安洁莉娜,300,7109,1.053,6.0
4,百炼嘉维尔,丛林之魂,灵知+华法琳+泥岩,300,7109,1.053,6.0
4,百炼嘉维尔,丛林之魂,灵知+华法琳+极境,300,7109,1.053,6.0
4,百炼嘉维尔,丛林之魂,灵知+华法琳+和弦,300,7109,1.053,6.0
4,百炼嘉维尔,丛林之魂,灵知+华法琳+夜魔,300,7109,1.053,6.0
4,百炼嘉维尔,丛林之魂,灵知+华法琳+烛煌,300,7109,1.053,7.5
4,涤火杰西卡,饱和迸射,凛御银灰+灵知+浊心斯卡蒂,1200,7107,1.278,7.5
4,领主·Sharp,沉默的爆发,初雪+华法琳+铃兰,1200,7104,1.914,0.0
4,领主·Sharp,沉默的爆发,巫恋+华法琳+铃兰,1200,7104,1.914,0.0
4,艾拉,“博萨克风暴”,初雪+凛御银灰+空,300,7102,1.266,7.5
4,艾拉,“博萨克风暴”,巫恋+凛御银灰+空,300,7102,1.266,7.5
4,能天使,扫射模式,初雪+华法琳+双月,300,7098,1.811,0.0
4,能天使,扫射模式,巫恋+华法琳+双月,300,7098,1.811,0.0
3,涤火杰西卡,饱和迸射,凛御银灰+华法琳,300,7096,0.96,7.5
4,涤火杰西卡,饱和迸射,凛御银灰+华法琳+阿斯卡纶,300,7096,0.96,13.5
4,涤火杰西卡,饱和迸射,凛御银灰+华法琳+予愿安洁莉娜,300,7096,0.96,13.5
4,涤火杰西卡,饱和迸射,凛御银灰+华法琳+泥岩,300,7096,0.96,13.5
4,涤火杰西卡,饱和迸射,凛御银灰+华法琳+极境,300,7096,0.96,13.5
4,涤火杰西卡,饱和迸射,凛御银灰+华法琳+和弦,300,7096,0.96,13.5
4,涤火杰西卡,饱和迸射,凛御银灰+华法琳+夜魔,300,7096,0.96,13.5
4,涤火杰西卡,饱和迸射,凛御银灰+华法琳+烛煌,300,7096,0.96,15.0
3,领主·Sharp,沉默的爆发,凛御银灰+华法琳,300,7095,1.0,7.5
4,领主·Sharp,沉默的爆发,凛御银灰+华法琳+阿斯卡纶,300,7095,1.0,13.5
4,领主·Sharp,沉默的爆发,凛御银灰+华法琳+予愿安洁莉娜,300,7095,1.0,13.5
4,领主·Sharp,沉默的爆发,凛御银灰+华法琳+泥岩,300,7095,1.0,13.5
4,领主·Sharp,沉默的爆发,凛御银灰+华法琳+极境,300,7095,1.0,13.5
4,领主·Sharp,沉默的爆发,凛御银灰+华法琳+和弦,300,7095,1.0,13.5
4,领主·Sharp,沉默的爆发,凛御银灰+华法琳+夜魔,300,7095,1.0,13.5
4,领主·Sharp,沉默的爆发,凛御银灰+华法琳+烛煌,300,7095,1.0,15.0
4,贝洛内,军师的手段,华法琳+铃兰+浊心斯卡蒂,300,7095,1.624,0.0
4,涤火杰西卡,饱和迸射,凛御银灰+濯尘芙蓉+浊心斯卡蒂,300,7094,0.959,12.0
4,涤火杰西卡,饱和迸射,凛御银灰+灵知+海蒂,1200,7093,1.273,7.5
4,涤火杰西卡,饱和迸射,凛御银灰+濯尘芙蓉+华法琳,1200,7090,1.272,12.0
4,真言,意识联协,濯尘芙蓉+华法琳+双月,300,7089,0.685,4.5
4,谬因,混沌的本质,凛御银灰+华法琳+铃兰,300,7089,1.283,7.5
4,重岳,拂尘,灵知+华法琳+铃兰,300,7086,1.392,0.0
4,贝洛内,军师的手段,华法琳+铃兰+海蒂,300,7086,1.62,0.0
3,灵知,失温症,铃兰+浊心斯卡蒂,300,7086,0.792,0.0
4,灵知,失温症,阿斯卡纶+铃兰+浊心斯卡蒂,300,7086,0.792,6.0
4,灵知,失温症,予愿安洁莉娜+铃兰+浊心斯卡蒂,300,7086,0.792,6.0
4,灵知,失温症,泥岩+铃兰+浊心斯卡蒂,300,7086,0.792,6.0
4,灵知,失温症,极境+铃兰+浊心斯卡蒂,300,7086,0.792,6.0
4,灵知,失温症,和弦+铃兰+浊心斯卡蒂,300,7086,0.792,6.0
4,灵知,失温症,夜魔+铃兰+浊心斯卡蒂,300,7086,0.792,6.0
4,灵知,失温症,铃兰+烛煌+浊心斯卡蒂,300,7086,0.792,7.5
4,灵知,失温症,铃兰+浊心斯卡蒂+海蒂,300,7086,0.792,0.0
4,灵知,失温症,铃兰+浊心斯卡蒂+空,300,7086,0.792,0.0
4,烛煌,众恶的焚场,濯尘芙蓉+灵知+浊心斯卡蒂,300,7082,0.84,4.5
4,涤火杰西卡,饱和迸射,凛御银灰+濯尘芙蓉+海蒂,300,7080,0.956,12.0
4,能天使,过载模式,凛御银灰+灵知+空,300,7079,1.434,7.5
4,贝洛内,军师的手段,初雪+华法琳+铃兰,300,7072,1.615,0.0
4,贝洛内,军师的手段,巫恋+华法琳+铃兰,300,7072,1.615,0.0
3,灵知,失温症,铃兰+海蒂,300,7072,0.788,0.0
4,灵知,失温症,阿斯卡纶+铃兰+海蒂,300,7072,0.788,6.0
4,灵知,失温症,予愿安洁莉娜+铃兰+海蒂,300,7072,0.788,6.0
4,灵知,失温症,泥岩+铃兰+海蒂,300,7072,0.788,6.0
4,灵知,失温症,极境+铃兰+海蒂,300,7072,0.788,6.0
4,灵知,失温症,和弦+铃兰+海蒂,300,7072,0.788,6.0
4,灵知,失温症,夜魔+铃兰+海蒂,300,7072,0.788,6.0
4,灵知,失温症,铃兰+烛煌+海蒂,300,7072,0.788,7.5
4,灵知,失温症,铃兰+海蒂+空,300,7072,0.788,0.0
4,烛煌,众恶的焚场,濯尘芙蓉+灵知+海蒂,300,7071,0.838,4.5
4,艾拉,“博萨克风暴”,凛御银灰+濯尘芙蓉+华法琳,300,7071,1.256,12.0
4,百炼嘉维尔,丛林之魂,初雪+铃兰+浊心斯卡蒂,300,7070,1.042,0.0
4,百炼嘉维尔,丛林之魂,巫恋+铃兰+浊心斯卡蒂,300,7070,1.042,0.0
4,领主·Sharp,沉默的爆发,凛御银灰+华法琳+浊心斯卡蒂,1200,7069,1.899,7.5
4,真言,意识联协,初雪+濯尘芙蓉+铃兰,300,7068,0.68,4.5
4,真言,意识联协,巫恋+濯尘芙蓉+铃兰,300,7068,0.68,4.5
4,涤火杰西卡,掩蔽护卫,初雪+灵知+空,300,7068,1.455,0.0
4,涤火杰西卡,掩蔽护卫,巫恋+灵知+空,300,7068,1.455,0.0
4,涤火杰西卡,掩蔽护卫,初雪+凛御银灰+浊心斯卡蒂,300,7066,1.454,7.5
4,涤火杰西卡,掩蔽护卫,巫恋+凛御银灰+浊心斯卡蒂,300,7066,1.454,7.5
4,艾拉,“博萨克风暴”,初雪+铃兰+浊心斯卡蒂,300,7065,1.254,0.0
4,艾拉,“博萨克风暴”,巫恋+铃兰+浊心斯卡蒂,300,7065,1.254,0.0
4,领主·Sharp,沉默的爆发,凛御银灰+灵知+浊心斯卡蒂,300,7061,0.99,7.5
4,领主·Sharp,沉默的爆发,凛御银灰+华法琳+海蒂,1200,7061,1.896,7.5
4,百炼嘉维尔,丛林之魂,初雪+铃兰+海蒂,300,7059,1.039,0.0
4,百炼嘉维尔,丛林之魂,巫恋+铃兰+海蒂,300,7059,1.039,0.0
4,领主·Sharp,沉默的爆发,初雪+华法琳+双月,1200,7059,1.895,0.0
4,领主·Sharp,沉默的爆发,巫恋+华法琳+双月,1200,7059,1.895,0.0
4,新约能天使,开火成瘾症,濯尘芙蓉+灵知+华法琳,1200,7055,1.719,4.5
4,能天使,过载模式,灵知+铃兰+浊心斯卡蒂,300,7053,1.425,0.0
4,艾拉,“博萨克风暴”,初雪+铃兰+海蒂,300,7052,1.25,0.0
4,艾拉,“博萨克风暴”,巫恋+铃兰+海蒂,300,7052,1.25,0.0
4,领主·Sharp,沉默的爆发,凛御银灰+灵知+海蒂,300,7051,0.987,7.5
4,涤火杰西卡,掩蔽护卫,初雪+凛御银灰+海蒂,300,7050,1.449,7.5
4,涤火杰西卡,掩蔽护卫,巫恋+凛御银灰+海蒂,300,7050,1.449,7.5
4,贝洛内,军师的手段,华法琳+铃兰+空,300,7050,1.607,0.0
4,佩佩,阻遏混乱锤,灵知+华法琳+铃兰,300,7049,1.392,0.0
4,新约能天使,开火成瘾症,初雪+濯尘芙蓉+灵知,300,7043,0.72,4.5
4,新约能天使,开火成瘾症,巫恋+濯尘芙蓉+灵知,300,7043,0.72,4.5
4,新约能天使,开火成瘾症,灵知+铃兰+双月,300,7043,0.72,0.0
4,烛煌,众恶的焚场,初雪+灵知+铃兰,300,7042,0.83,0.0
4,烛煌,众恶的焚场,巫恋+灵知+铃兰,300,7042,0.83,0.0
4,谬因,混沌的本质,凛御银灰+华法琳+双月,300,7041,1.268,7.5
4,忍冬,隐狐之艺,初雪+灵知+浊心斯卡蒂,300,7041,1.414,0.0
4,忍冬,隐狐之艺,巫恋+灵知+浊心斯卡蒂,300,7041,1.414,0.0
4,真言,意识联协,初雪+濯尘芙蓉+浊心斯卡蒂,300,7039,0.673,4.5
4,真言,意识联协,巫恋+濯尘芙蓉+浊心斯卡蒂,300,7039,0.673,4.5
4,真言,意识联协,铃兰+双月+浊心斯卡蒂,300,7039,0.673,0.0
4,重岳,拂尘,灵知+华法琳+双月,300,7039,1.376,0.0
4,灵知,失温症,初雪+巫恋+濯尘芙蓉,300,7039,0.78,4.5
4,灵知,失温症,初雪+铃兰+双月,300,7039,0.78,0.0
4,灵知,失温症,巫恋+铃兰+双月,300,7039,0.78,0.0
4,涤火杰西卡,饱和迸射,凛御银灰+灵知+空,1200,7038,1.256,7.5
4,贝洛内,军师的手段,华法琳+双月+浊心斯卡蒂,300,7038,1.602,0.0
4,赤刃明霄陈,赤霄·绝影-驰,凛御银灰+灵知+华法琳,300,7038,1.345,7.5
4,能天使,过载模式,灵知+铃兰+海蒂,300,7037,1.419,0.0
3,真言,意识联协,初雪+华法琳,300,7036,0.672,0.0
3,真言,意识联协,巫恋+华法琳,300,7036,0.672,0.0
4,真言,意识联协,初雪+华法琳+阿斯卡纶,300,7036,0.672,6.0
4,真言,意识联协,初雪+华法琳+予愿安洁莉娜,300,7036,0.672,6.0
4,真言,意识联协,初雪+华法琳+泥岩,300,7036,0.672,6.0
4,真言,意识联协,初雪+华法琳+极境,300,7036,0.672,6.0
4,真言,意识联协,初雪+华法琳+和弦,300,7036,0.672,6.0
4,真言,意识联协,初雪+华法琳+夜魔,300,7036,0.672,6.0
4,真言,意识联协,初雪+华法琳+烛煌,300,7036,0.672,7.5
4,真言,意识联协,巫恋+华法琳+阿斯卡纶,300,7036,0.672,6.0
4,真言,意识联协,巫恋+华法琳+予愿安洁莉娜,300,7036,0.672,6.0
4,真言,意识联协,巫恋+华法琳+泥岩,300,7036,0.672,6.0
4,真言,意识联协,巫恋+华法琳+极境,300,7036,0.672,6.0
4,真言,意识联协,巫恋+华法琳+和弦,300,7036,0.672,6.0
4,真言,意识联协,巫恋+华法琳+夜魔,300,7036,0.672,6.0
4,真言,意识联协,巫恋+华法琳+烛煌,300,7036,0.672,7.5
4,真言,意识联协,初雪+濯尘芙蓉+海蒂,300,7033,0.672,4.5
4,真言,意识联协,巫恋+濯尘芙蓉+海蒂,300,7033,0.672,4.5
4,真言,意识联协,铃兰+双月+海蒂,300,7033,0.672,0.0
4,涤火杰西卡,饱和迸射,凛御银灰+濯尘芙蓉+空,300,7031,0.942,12.0
4,烛煌,众恶的焚场,濯尘芙蓉+灵知+空,300,7031,0.827,4.5
4,领主·Sharp,沉默的爆发,凛御银灰+华法琳+空,1200,7029,1.883,7.5
4,贝洛内,军师的手段,华法琳+双月+海蒂,300,7028,1.599,0.0
3,灵知,失温症,双月+浊心斯卡蒂,300,7028,0.777,0.0
4,灵知,失温症,阿斯卡纶+双月+浊心斯卡蒂,300,7028,0.777,6.0
4,灵知,失温症,予愿安洁莉娜+双月+浊心斯卡蒂,300,7028,0.777,6.0
4,灵知,失温症,泥岩+双月+浊心斯卡蒂,300,7028,0.777,6.0
4,灵知,失温症,极境+双月+浊心斯卡蒂,300,7028,0.777,6.0
4,灵知,失温症,和弦+双月+浊心斯卡蒂,300,7028,0.777,6.0
4,灵知,失温症,夜魔+双月+浊心斯卡蒂,300,7028,0.777,6.0
4,灵知,失温症,烛煌+双月+浊心斯卡蒂,300,7028,0.777,7.5
4,灵知,失温症,双月+浊心斯卡蒂+海蒂,300,7028,0.777,0.0
4,灵知,失温症,双月+浊心斯卡蒂+空,300,7028,0.777,0.0
4,真言,意识联协,初雪+濯尘芙蓉+双月,300,7026,0.67,4.5
4,真言,意识联协,巫恋+濯尘芙蓉+双月,300,7026,0.67,4.5
4,贝洛内,军师的手段,初雪+华法琳+双月,300,7026,1.598,0.0
4,贝洛内,军师的手段,巫恋+华法琳+双月,300,7026,1.598,0.0
4,忍冬,隐狐之艺,初雪+灵知+海蒂,300,7026,1.409,0.0
4,忍冬,隐狐之艺,巫恋+灵知+海蒂,300,7026,1.409,0.0
4,百炼嘉维尔,丛林之魂,初雪+双月+浊心斯卡蒂,300,7024,1.029,0.0
4,百炼嘉维尔,丛林之魂,巫恋+双月+浊心斯卡蒂,300,7024,1.029,0.0
4,百炼嘉维尔,丛林之魂,初雪+铃兰+空,300,7020,1.028,0.0
4,百炼嘉维尔,丛林之魂,巫恋+铃兰+空,300,7020,1.028,0.0
3,灵知,失温症,铃兰+空,300,7020,0.775,0.0
4,灵知,失温症,阿斯卡纶+铃兰+空,300,7020,0.775,6.0
4,灵知,失温症,予愿安洁莉娜+铃兰+空,300,7020,0.775,6.0
4,灵知,失温症,泥岩+铃兰+空,300,7020,0.775,6.0
4,灵知,失温症,极境+铃兰+空,300,7020,0.775,6.0
4,灵知,失温症,和弦+铃兰+空,300,7020,0.775,6.0
4,灵知,失温症,夜魔+铃兰+空,300,7020,0.775,6.0
4,灵知,失温症,铃兰+烛煌+空,300,7020,0.775,7.5
4,艾拉,“博萨克风暴”,初雪+双月+浊心斯卡蒂,300,7020,1.239,0.0
4,艾拉,“博萨克风暴”,巫恋+双月+浊心斯卡蒂,300,7020,1.239,0.0
4,真言,无言为真,初雪+华法琳+铃兰,300,7017,1.402,0.0
4,真言,无言为真,巫恋+华法琳+铃兰,300,7017,1.402,0.0
3,灵知,失温症,双月+海蒂,300,7015,0.774,0.0
4,灵知,失温症,阿斯卡纶+双月+海蒂,300,7015,0.774,6.0
4,灵知,失温症,予愿安洁莉娜+双月+海蒂,300,7015,0.774,6.0
4,灵知,失温症,泥岩+双月+海蒂,300,7015,0.774,6.0
4,灵知,失温症,极境+双月+海蒂,300,7015,0.774,6.0
4,灵知,失温症,和弦+双月+海蒂,300,7015,0.774,6.0
4,灵知,失温症,夜魔+双月+海蒂,300,7015,0.774,6.0
4,灵知,失温症,烛煌+双月+海蒂,300,7015,0.774,7.5
4,灵知,失温症,双月+海蒂+空,300,7015,0.774,0.0
4,百炼嘉维尔,丛林之魂,初雪+双月+海蒂,300,7014,1.026,0.0
4,百炼嘉维尔,丛林之魂,巫恋+双月+海蒂,300,7014,1.026,0.0
4,领主·Sharp,沉默的爆发,凛御银灰+灵知+空,300,7012,0.976,7.5
4,真言,意识联协,初雪+濯尘芙蓉+空,300,7011,0.666,4.5
4,真言,意识联协,巫恋+濯尘芙蓉+空,300,7011,0.666,4.5
4,真言,意识联协,铃兰+双月+空,300,7011,0.666,0.0
3,百炼嘉维尔,丛林之魂,凛御银灰+华法琳,300,7011,1.025,7.5
4,百炼嘉维尔,丛林之魂,凛御银灰+华法琳+阿斯卡纶,300,7011,1.025,13.5
4,百炼嘉维尔,丛林之魂,凛御银灰+华法琳+予愿安洁莉娜,300,7011,1.025,13.5
4,百炼嘉维尔,丛林之魂,凛御银灰+华法琳+泥岩,300,7011,1.025,13.5
4,百炼嘉维尔,丛林之魂,凛御银灰+华法琳+极境,300,7011,1.025,13.5
4,百炼嘉维尔,丛林之魂,凛御银灰+华法琳+和弦,300,7011,1.025,13.5
4,百炼嘉维尔,丛林之魂,凛御银灰+华法琳+夜魔,300,7011,1.025,13.5
4,百炼嘉维尔,丛林之魂,凛御银灰+华法琳+烛煌,300,7011,1.025,15.0
4,能天使,过载模式,灵知+双月+浊心斯卡蒂,300,7006,1.409,0.0
4,艾拉,“博萨克风暴”,初雪+双月+海蒂,300,7006,1.235,0.0
4,艾拉,“博萨克风暴”,巫恋+双月+海蒂,300,7006,1.235,0.0
4,重岳,拂尘,凛御银灰+华法琳+铃兰,300,7004,1.364,7.5
4,烛煌,众恶的焚场,初雪+灵知+双月,300,7004,0.82,0.0
4,烛煌,众恶的焚场,巫恋+灵知+双月,300,7004,0.82,0.0
4,涤火杰西卡,饱和迸射,灵知+铃兰+浊心斯卡蒂,1200,7002,1.244,0.0
4,佩佩,阻遏混乱锤,灵知+华法琳+双月,300,7002,1.377,0.0
4,艾拉,“博萨克风暴”,初雪+铃兰+空,300,7001,1.233,0.0
4,艾拉,“博萨克风暴”,巫恋+铃兰+空,300,7001,1.233,0.0
4,贝洛内,军师的手段,华法琳+双月+空,300,6993,1.586,0.0
4,烛煌,众恶的焚场,凛御银灰+濯尘芙蓉+浊心斯卡蒂,300,6993,0.817,12.0
4,涤火杰西卡,掩蔽护卫,初雪+凛御银灰+空,300,6992,1.428,7.5
4,涤火杰西卡,掩蔽护卫,巫恋+凛御银灰+空,300,6992,1.428,7.5
4,予愿安洁莉娜,酸橙的心事,凛御银灰+灵知+华法琳,300,6991,1.401,7.5
4,能天使,过载模式,灵知+双月+海蒂,300,6990,1.403,0.0
4,涤火杰西卡,饱和迸射,初雪+巫恋+灵知,300,6987,0.93,0.0
4,涤火杰西卡,饱和迸射,灵知+铃兰+海蒂,1200,6987,1.239,0.0
3,真言,意识联协,初雪+巫恋,300,6984,0.66,0.0
4,真言,意识联协,初雪+巫恋+阿斯卡纶,300,6984,0.66,6.0
4,真言,意识联协,初雪+巫恋+予愿安洁莉娜,300,6984,0.66,6.0
4,真言,意识联协,初雪+巫恋+泥岩,300,6984,0.66,6.0
4,真言,意识联协,初雪+巫恋+极境,300,6984,0.66,6.0
4,真言,意识联协,初雪+巫恋+和弦,300,6984,0.66,6.0
4,真言,意识联协,初雪+巫恋+夜魔,300,6984,0.66,6.0
4,真言,意识联协,初雪+巫恋+烛煌,300,6984,0.66,7.5
4,可露希尔,Q.E.D.,灵知+华法琳+浊心斯卡蒂,300,6984,1.818,0.0
4,烛煌,众恶的焚场,凛御银灰+濯尘芙蓉+海蒂,300,6983,0.815,12.0
4,涤火杰西卡,饱和迸射,濯尘芙蓉+铃兰+浊心斯卡蒂,300,6977,0.927,4.5
4,百炼嘉维尔,丛林之魂,初雪+双月+空,300,6975,1.015,0.0
4,百炼嘉维尔,丛林之魂,巫恋+双月+空,300,6975,1.015,0.0
4,烛煌,众恶的焚场,初雪+凛御银灰+铃兰,300,6975,0.813,7.5
4,烛煌,众恶的焚场,巫恋+凛御银灰+铃兰,300,6975,0.813,7.5
4,能天使,过载模式,灵知+铃兰+空,300,6974,1.398,0.0
4,赤刃明霄陈,赤霄·绝影-驰,灵知+华法琳+浊心斯卡蒂,300,6974,1.324,0.0
4,涤火杰西卡,饱和迸射,濯尘芙蓉+华法琳+铃兰,1200,6973,1.235,4.5
4,可露希尔,Q.E.D.,灵知+华法琳+海蒂,300,6973,1.814,0.0
4,能天使,扫射模式,凛御银灰+灵知+华法琳,300,6973,1.762,7.5
4,真言,无言为真,初雪+华法琳+双月,300,6972,1.387,0.0
4,真言,无言为真,巫恋+华法琳+双月,300,6972,1.387,0.0
4,能天使,过载模式,凛御银灰+铃兰+浊心斯卡蒂,300,6972,1.397,7.5
4,新约能天使,开火成瘾症,初雪+凛御银灰+濯尘芙蓉,300,6971,0.703,12.0
4,新约能天使,开火成瘾症,巫恋+凛御银灰+濯尘芙蓉,300,6971,0.703,12.0
4,新约能天使,开火成瘾症,凛御银灰+铃兰+双月,300,6971,0.703,7.5
4,忍冬,隐狐之艺,初雪+灵知+空,300,6970,1.39,0.0
4,忍冬,隐狐之艺,巫恋+灵知+空,300,6970,1.39,0.0
3,涤火杰西卡,饱和迸射,华法琳+铃兰,300,6968,0.925,0.0
4,涤火杰西卡,饱和迸射,华法琳+阿斯卡纶+铃兰,300,6968,0.925,6.0
4,涤火杰西卡,饱和迸射,华法琳+予愿安洁莉娜+铃兰,300,6968,0.925,6.0
4,涤火杰西卡,饱和迸射,华法琳+泥岩+铃兰,300,6968,0.925,6.0
4,涤火杰西卡,饱和迸射,华法琳+极境+铃兰,300,6968,0.925,6.0
4,涤火杰西卡,饱和迸射,华法琳+和弦+铃兰,300,6968,0.925,6.0
4,涤火杰西卡,饱和迸射,华法琳+夜魔+铃兰,300,6968,0.925,6.0
4,涤火杰西卡,饱和迸射,华法琳+铃兰+烛煌,300,6968,0.925,7.5
4,予愿安洁莉娜,酸橙的心事,灵知+华法琳+浊心斯卡蒂,300,6968,1.393,0.0
4,佩佩,阻遏混乱锤,凛御银灰+华法琳+铃兰,300,6968,1.365,7.5
4,赤刃明霄陈,赤霄·绝影-驰,灵知+华法琳+海蒂,300,6968,1.322,0.0
4,新约能天使,开火成瘾症,凛御银灰+濯尘芙蓉+华法琳,1200,6967,1.685,12.0
3,领主·Sharp,沉默的爆发,华法琳+铃兰,300,6967,0.963,0.0
4,领主·Sharp,沉默的爆发,华法琳+阿斯卡纶+铃兰,300,6967,0.963,6.0
4,领主·Sharp,沉默的爆发,华法琳+予愿安洁莉娜+铃兰,300,6967,0.963,6.0
4,领主·Sharp,沉默的爆发,华法琳+泥岩+铃兰,300,6967,0.963,6.0
4,领主·Sharp,沉默的爆发,华法琳+极境+铃兰,300,6967,0.963,6.0
4,领主·Sharp,沉默的爆发,华法琳+和弦+铃兰,300,6967,0.963,6.0
4,领主·Sharp,沉默的爆发,华法琳+夜魔+铃兰,300,6967,0.963,6.0
4,领主·Sharp,沉默的爆发,华法琳+铃兰+烛煌,300,6967,0.963,7.5
4,涤火杰西卡,掩蔽护卫,初雪+铃兰+浊心斯卡蒂,300,6965,1.419,0.0
4,涤火杰西卡,掩蔽护卫,巫恋+铃兰+浊心斯卡蒂,300,6965,1.419,0.0
4,涤火杰西卡,饱和迸射,濯尘芙蓉+铃兰+海蒂,300,6964,0.924,4.5
4,忍冬,隐狐之艺,初雪+凛御银灰+浊心斯卡蒂,300,6964,1.388,7.5
4,忍冬,隐狐之艺,巫恋+凛御银灰+浊心斯卡蒂,300,6964,1.388,7.5
3,灵知,失温症,双月+空,300,6963,0.761,0.0
4,灵知,失温症,阿斯卡纶+双月+空,300,6963,0.761,6.0
4,灵知,失温症,予愿安洁莉娜+双月+空,300,6963,0.761,6.0
4,灵知,失温症,泥岩+双月+空,300,6963,0.761,6.0
4,灵知,失温症,极境+双月+空,300,6963,0.761,6.0
4,灵知,失温症,和弦+双月+空,300,6963,0.761,6.0
4,灵知,失温症,夜魔+双月+空,300,6963,0.761,6.0
4,灵知,失温症,烛煌+双月+空,300,6963,0.761,7.5
4,予愿安洁莉娜,酸橙的心事,灵知+华法琳+海蒂,300,6961,1.391,0.0
4,重岳,拂尘,凛御银灰+华法琳+双月,300,6957,1.348,7.5
4,领主·Sharp,沉默的爆发,灵知+铃兰+浊心斯卡蒂,300,6956,0.961,0.0
4,艾拉,“博萨克风暴”,初雪+双月+空,300,6956,1.219,0.0
4,艾拉,“博萨克风暴”,巫恋+双月+空,300,6956,1.219,0.0
4,涤火杰西卡,饱和迸射,灵知+双月+浊心斯卡蒂,1200,6955,1.229,0.0
4,能天使,过载模式,凛御银灰+铃兰+海蒂,300,6955,1.391,7.5
4,予愿安洁莉娜,重力自定义,初雪+灵知+华法琳,300,6954,1.464,0.0
4,予愿安洁莉娜,重力自定义,巫恋+灵知+华法琳,300,6954,1.464,0.0
4,艾拉,“博萨克风暴”,濯尘芙蓉+华法琳+铃兰,300,6954,1.219,4.5
4,涤火杰西卡,掩蔽护卫,初雪+铃兰+海蒂,300,6950,1.414,0.0
4,涤火杰西卡,掩蔽护卫,巫恋+铃兰+海蒂,300,6950,1.414,0.0
4,忍冬,隐狐之艺,初雪+凛御银灰+海蒂,300,6950,1.383,7.5
4,忍冬,隐狐之艺,巫恋+凛御银灰+海蒂,300,6950,1.383,7.5
4,重岳,拂尘,初雪+巫恋+浊心斯卡蒂,300,6948,1.345,0.0
4,领主·Sharp,沉默的爆发,灵知+铃兰+海蒂,300,6946,0.958,0.0
4,烛煌,众恶的焚场,凛御银灰+濯尘芙蓉+空,300,6943,0.804,12.0
4,赤刃明霄陈,赤霄·绝影-驰,灵知+华法琳+空,300,6942,1.313,0.0
4,涤火杰西卡,饱和迸射,灵知+双月+海蒂,1200,6941,1.225,0.0
4,领主·Sharp,沉默的爆发,华法琳+铃兰+浊心斯卡蒂,1200,6941,1.847,0.0
4,佩佩,阻遏混乱锤,初雪+华法琳+浊心斯卡蒂,300,6937,1.354,0.0
4,佩佩,阻遏混乱锤,巫恋+华法琳+浊心斯卡蒂,300,6937,1.354,0.0
4,烛煌,众恶的焚场,初雪+凛御银灰+双月,300,6937,0.803,7.5
4,烛煌,众恶的焚场,巫恋+凛御银灰+双月,300,6937,0.803,7.5
4,重岳,拂尘,初雪+巫恋+海蒂,300,6935,1.341,0.0
4,予愿安洁莉娜,酸橙的心事,灵知+华法琳+空,300,6934,1.382,0.0
4,领主·Sharp,沉默的爆发,凛御银灰+灵知+华法琳,1200,6934,1.844,7.5
4,谬因,混沌的本质,初雪+濯尘芙蓉+华法琳,300,6933,1.233,4.5
4,谬因,混沌的本质,巫恋+濯尘芙蓉+华法琳,300,6933,1.233,4.5
4,谬因,混沌的本质,华法琳+铃兰+双月,300,6933,1.233,0.0
4,涤火杰西卡,饱和迸射,灵知+铃兰+空,1200,6933,1.222,0.0
4,领主·Sharp,沉默的爆发,华法琳+铃兰+海蒂,1200,6933,1.844,0.0
4,可露希尔,Q.E.D.,灵知+华法琳+空,300,6933,1.798,0.0
4,佩佩,阻遏混乱锤,初雪+华法琳+海蒂,300,6933,1.353,0.0
4,佩佩,阻遏混乱锤,巫恋+华法琳+海蒂,300,6933,1.353,0.0
4,赤刃明霄陈,赤霄·绝影-驰,灵知+华法琳+铃兰,300,6933,1.31,0.0
4,能天使,过载模式,灵知+双月+空,300,6927,1.382,0.0
3,新约能天使,开火成瘾症,灵知+浊心斯卡蒂,300,6926,0.692,0.0
4,新约能天使,开火成瘾症,灵知+阿斯卡纶+浊心斯卡蒂,300,6926,0.692,6.0
4,新约能天使,开火成瘾症,灵知+予愿安洁莉娜+浊心斯卡蒂,300,6926,0.692,6.0
4,新约能天使,开火成瘾症,灵知+泥岩+浊心斯卡蒂,300,6926,0.692,6.0
4,新约能天使,开火成瘾症,灵知+极境+浊心斯卡蒂,300,6926,0.692,6.0
4,新约能天使,开火成瘾症,灵知+和弦+浊心斯卡蒂,300,6926,0.692,6.0
4,新约能天使,开火成瘾症,灵知+夜魔+浊心斯卡蒂,300,6926,0.692,6.0
4,新约能天使,开火成瘾症,灵知+烛煌+浊心斯卡蒂,300,6926,0.692,7.5
4,新约能天使,开火成瘾症,灵知+浊心斯卡蒂+海蒂,300,6926,0.692,0.0
4,新约能天使,开火成瘾症,灵知+浊心斯卡蒂+空,300,6926,0.692,0.0
4,涤火杰西卡,饱和迸射,濯尘芙蓉+双月+浊心斯卡蒂,300,6925,0.913,4.5
4,能天使,过载模式,凛御银灰+双月+浊心斯卡蒂,300,6925,1.381,7.5
4,涤火杰西卡,饱和迸射,初雪+巫恋+凛御银灰,300,6924,0.913,7.5
3,能天使,过载模式,灵知+华法琳,300,6923,1.38,0.0
4,能天使,过载模式,灵知+华法琳+阿斯卡纶,300,6923,1.38,6.0
4,能天使,过载模式,灵知+华法琳+予愿安洁莉娜,300,6923,1.38,6.0
4,能天使,过载模式,灵知+华法琳+泥岩,300,6923,1.38,6.0
4,能天使,过载模式,灵知+华法琳+极境,300,6923,1.38,6.0
4,能天使,过载模式,灵知+华法琳+和弦,300,6923,1.38,6.0
4,能天使,过载模式,灵知+华法琳+夜魔,300,6923,1.38,6.0
4,能天使,过载模式,灵知+华法琳+烛煌,300,6923,1.38,7.5
4,涤火杰西卡,饱和迸射,凛御银灰+铃兰+浊心斯卡蒂,1200,6921,1.218,7.5
4,涤火杰西卡,饱和迸射,濯尘芙蓉+华法琳+双月,1200,6921,1.218,4.5
4,佩佩,阻遏混乱锤,凛御银灰+华法琳+双月,300,6921,1.349,7.5
4,涤火杰西卡,掩蔽护卫,初雪+双月+浊心斯卡蒂,300,6920,1.404,0.0
4,涤火杰西卡,掩蔽护卫,巫恋+双月+浊心斯卡蒂,300,6920,1.404,0.0
4,史尔特尔,黄昏,初雪+巫恋+华法琳,300,6918,1.638,0.0
4,佩佩,阻遏混乱锤,初雪+华法琳+空,300,6917,1.348,0.0
4,佩佩,阻遏混乱锤,巫恋+华法琳+空,300,6917,1.348,0.0
4,佩佩,时光震荡,初雪+灵知+华法琳,300,6917,1.511,0.0
4,佩佩,时光震荡,巫恋+灵知+华法琳,300,6917,1.511,0.0
3,新约能天使,开火成瘾症,灵知+海蒂,300,6915,0.689,0.0
4,新约能天使,开火成瘾症,灵知+阿斯卡纶+海蒂,300,6915,0.689,6.0
4,新约能天使,开火成瘾症,灵知+予愿安洁莉娜+海蒂,300,6915,0.689,6.0
4,新约能天使,开火成瘾症,灵知+泥岩+海蒂,300,6915,0.689,6.0
4,新约能天使,开火成瘾症,灵知+极境+海蒂,300,6915,0.689,6.0
4,新约能天使,开火成瘾症,灵知+和弦+海蒂,300,6915,0.689,6.0
4,新约能天使,开火成瘾症,灵知+夜魔+海蒂,300,6915,0.689,6.0
4,新约能天使,开火成瘾症,灵知+烛煌+海蒂,300,6915,0.689,7.5
4,新约能天使,开火成瘾症,灵知+海蒂+空,300,6915,0.689,0.0
4,涤火杰西卡,饱和迸射,濯尘芙蓉+铃兰+空,300,6915,0.91,4.5
4,涤火杰西卡,掩蔽护卫,濯尘芙蓉+灵知+华法琳,300,6914,1.401,4.5
4,涤火杰西卡,饱和迸射,濯尘芙蓉+双月+海蒂,300,6912,0.909,4.5
4,真言,意识联协,凛御银灰+濯尘芙蓉+灵知,300,6911,0.643,12.0
3,涤火杰西卡,饱和迸射,华法琳+双月,300,6911,0.909,0.0
4,涤火杰西卡,饱和迸射,华法琳+阿斯卡纶+双月,300,6911,0.909,6.0
4,涤火杰西卡,饱和迸射,华法琳+予愿安洁莉娜+双月,300,6911,0.909,6.0
4,涤火杰西卡,饱和迸射,华法琳+泥岩+双月,300,6911,0.909,6.0
4,涤火杰西卡,饱和迸射,华法琳+极境+双月,300,6911,0.909,6.0
4,涤火杰西卡,饱和迸射,华法琳+和弦+双月,300,6911,0.909,6.0
4,涤火杰西卡,饱和迸射,华法琳+夜魔+双月,300,6911,0.909,6.0
4,涤火杰西卡,饱和迸射,华法琳+烛煌+双月,300,6911,0.909,7.5
4,真言,无言为真,灵知+华法琳+浊心斯卡蒂,300,6910,1.366,0.0
3,领主·Sharp,沉默的爆发,华法琳+双月,300,6910,0.947,0.0
4,领主·Sharp,沉默的爆发,灵知+双月+浊心斯卡蒂,300,6910,0.948,0.0
4,领主·Sharp,沉默的爆发,华法琳+阿斯卡纶+双月,300,6910,0.947,6.0
4,领主·Sharp,沉默的爆发,华法琳+予愿安洁莉娜+双月,300,6910,0.947,6.0
4,领主·Sharp,沉默的爆发,华法琳+泥岩+双月,300,6910,0.947,6.0
4,领主·Sharp,沉默的爆发,华法琳+极境+双月,300,6910,0.947,6.0
4,领主·Sharp,沉默的爆发,华法琳+和弦+双月,300,6910,0.947,6.0
4,领主·Sharp,沉默的爆发,华法琳+夜魔+双月,300,6910,0.947,6.0
4,领主·Sharp,沉默的爆发,华法琳+烛煌+双月,300,6910,0.947,7.5
4,隐德来希,灵与欲的惜别,初雪+巫恋+华法琳,300,6910,1.721,0.0
4,能天使,过载模式,凛御银灰+双月+海蒂,300,6908,1.375,7.5
4,领主·Sharp,沉默的爆发,灵知+铃兰+空,300,6908,0.947,0.0
4,涤火杰西卡,饱和迸射,凛御银灰+铃兰+海蒂,1200,6907,1.214,7.5
4,涤火杰西卡,掩蔽护卫,初雪+双月+海蒂,300,6905,1.398,0.0
4,涤火杰西卡,掩蔽护卫,巫恋+双月+海蒂,300,6905,1.398,0.0
4,百炼嘉维尔,丛林之魂,初雪+华法琳+浊心斯卡蒂,1200,6904,2.476,0.0
4,百炼嘉维尔,丛林之魂,巫恋+华法琳+浊心斯卡蒂,1200,6904,2.476,0.0
4,艾拉,“博萨克风暴”,濯尘芙蓉+华法琳+双月,300,6903,1.202,4.5
4,真言,无言为真,灵知+华法琳+海蒂,300,6902,1.363,0.0
4,领主·Sharp,沉默的爆发,华法琳+铃兰+空,1200,6902,1.831,0.0
4,贝洛内,军师的手段,凛御银灰+灵知+华法琳,300,6902,1.552,7.5
4,百炼嘉维尔,丛林之魂,凛御银灰+灵知+浊心斯卡蒂,300,6900,0.993,7.5
4,领主·Sharp,沉默的爆发,灵知+双月+海蒂,300,6900,0.945,0.0
4,艾拉,“博萨克风暴”,凛御银灰+灵知+浊心斯卡蒂,300,6896,1.2,7.5
4,百炼嘉维尔,丛林之魂,初雪+华法琳+海蒂,1200,6895,2.472,0.0
4,百炼嘉维尔,丛林之魂,巫恋+华法琳+海蒂,1200,6895,2.472,0.0
4,忍冬,隐狐之艺,初雪+凛御银灰+空,300,6895,1.364,7.5
4,忍冬,隐狐之艺,巫恋+凛御银灰+空,300,6895,1.364,7.5
4,能天使,过载模式,凛御银灰+铃兰+空,300,6893,1.37,7.5
4,涤火杰西卡,掩蔽护卫,初雪+铃兰+空,300,6892,1.394,0.0
4,涤火杰西卡,掩蔽护卫,巫恋+铃兰+空,300,6892,1.394,0.0
4,百炼嘉维尔,丛林之魂,凛御银灰+灵知+海蒂,300,6890,0.99,7.5
4,重岳,拂尘,初雪+巫恋+空,300,6888,1.325,0.0
4,可露希尔,Q.E.D.,凛御银灰+华法琳+浊心斯卡蒂,300,6888,1.78,7.5
4,涤火杰西卡,饱和迸射,灵知+双月+空,1200,6887,1.207,0.0
4,予愿安洁莉娜,酸橙的心事,灵知+华法琳+铃兰,300,6887,1.366,0.0
4,赤刃明霄陈,赤霄·绝影-驰,灵知+华法琳+双月,300,6887,1.295,0.0
3,百炼嘉维尔,丛林之魂,华法琳+铃兰,300,6885,0.989,0.0
4,百炼嘉维尔,丛林之魂,华法琳+阿斯卡纶+铃兰,300,6885,0.989,6.0
4,百炼嘉维尔,丛林之魂,华法琳+予愿安洁莉娜+铃兰,300,6885,0.989,6.0
4,百炼嘉维尔,丛林之魂,华法琳+泥岩+铃兰,300,6885,0.989,6.0
4,百炼嘉维尔,丛林之魂,华法琳+极境+铃兰,300,6885,0.989,6.0
4,百炼嘉维尔,丛林之魂,华法琳+和弦+铃兰,300,6885,0.989,6.0
4,百炼嘉维尔,丛林之魂,华法琳+夜魔+铃兰,300,6885,0.989,6.0
4,百炼嘉维尔,丛林之魂,华法琳+铃兰+烛煌,300,6885,0.989,7.5
4,领主·Sharp,沉默的爆发,华法琳+双月+浊心斯卡蒂,1200,6885,1.824,0.0
4,艾拉,“博萨克风暴”,凛御银灰+灵知+海蒂,300,6883,1.196,7.5
4,新约能天使,开火成瘾症,初雪+濯尘芙蓉+铃兰,300,6879,0.68,4.5
4,新约能天使,开火成瘾症,巫恋+濯尘芙蓉+铃兰,300,6879,0.68,4.5
4,赤刃明霄陈,赤霄·绝影-驰,凛御银灰+华法琳+浊心斯卡蒂,300,6879,1.292,7.5
4,予愿安洁莉娜,重力自定义,初雪+凛御银灰+华法琳,300,6878,1.437,7.5
4,予愿安洁莉娜,重力自定义,巫恋+凛御银灰+华法琳,300,6878,1.437,7.5
4,可露希尔,Q.E.D.,凛御银灰+华法琳+海蒂,300,6878,1.776,7.5
4,烛煌,众恶的焚场,濯尘芙蓉+铃兰+浊心斯卡蒂,300,6878,0.787,4.5
4,领主·Sharp,沉默的爆发,华法琳+双月+海蒂,1200,6877,1.82,0.0
4,领主·Sharp,沉默的爆发,凛御银灰+铃兰+浊心斯卡蒂,300,6876,0.938,7.5
3,新约能天使,开火成瘾症,灵知+空,300,6875,0.679,0.0
4,新约能天使,开火成瘾症,灵知+阿斯卡纶+空,300,6875,0.679,6.0
4,新约能天使,开火成瘾症,灵知+予愿安洁莉娜+空,300,6875,0.679,6.0
4,新约能天使,开火成瘾症,灵知+泥岩+空,300,6875,0.679,6.0
4,新约能天使,开火成瘾症,灵知+极境+空,300,6875,0.679,6.0
4,新约能天使,开火成瘾症,灵知+和弦+空,300,6875,0.679,6.0
4,新约能天使,开火成瘾症,灵知+夜魔+空,300,6875,0.679,6.0
4,新约能天使,开火成瘾症,灵知+烛煌+空,300,6875,0.679,7.5
4,真言,无言为真,灵知+华法琳+空,300,6874,1.354,0.0
4,涤火杰西卡,饱和迸射,凛御银灰+双月+浊心斯卡蒂,1200,6874,1.203,7.5
3,涤火杰西卡,饱和迸射,初雪+浊心斯卡蒂,300,6873,0.899,0.0
3,涤火杰西卡,饱和迸射,巫恋+浊心斯卡蒂,300,6873,0.899,0.0
4,涤火杰西卡,饱和迸射,初雪+阿斯卡纶+浊心斯卡蒂,300,6873,0.899,6.0
4,涤火杰西卡,饱和迸射,初雪+予愿安洁莉娜+浊心斯卡蒂,300,6873,0.899,6.0
4,涤火杰西卡,饱和迸射,初雪+泥岩+浊心斯卡蒂,300,6873,0.899,6.0
4,涤火杰西卡,饱和迸射,初雪+极境+浊心斯卡蒂,300,6873,0.899,6.0
4,涤火杰西卡,饱和迸射,初雪+和弦+浊心斯卡蒂,300,6873,0.899,6.0
4,涤火杰西卡,饱和迸射,初雪+夜魔+浊心斯卡蒂,300,6873,0.899,6.0
4,涤火杰西卡,饱和迸射,初雪+烛煌+浊心斯卡蒂,300,6873,0.899,7.5
4,涤火杰西卡,饱和迸射,初雪+浊心斯卡蒂+海蒂,300,6873,0.899,0.0
4,涤火杰西卡,饱和迸射,初雪+浊心斯卡蒂+空,300,6873,0.899,0.0
4,涤火杰西卡,饱和迸射,巫恋+阿斯卡纶+浊心斯卡蒂,300,6873,0.899,6.0
4,涤火杰西卡,饱和迸射,巫恋+予愿安洁莉娜+浊心斯卡蒂,300,6873,0.899,6.0
4,涤火杰西卡,饱和迸射,巫恋+泥岩+浊心斯卡蒂,300,6873,0.899,6.0
4,涤火杰西卡,饱和迸射,巫恋+极境+浊心斯卡蒂,300,6873,0.899,6.0
4,涤火杰西卡,饱和迸射,巫恋+和弦+浊心斯卡蒂,300,6873,0.899,6.0
4,涤火杰西卡,饱和迸射,巫恋+夜魔+浊心斯卡蒂,300,6873,0.899,6.0
4,涤火杰西卡,饱和迸射,巫恋+烛煌+浊心斯卡蒂,300,6873,0.899,7.5
4,涤火杰西卡,饱和迸射,巫恋+浊心斯卡蒂+海蒂,300,6873,0.899,0.0
4,涤火杰西卡,饱和迸射,巫恋+浊心斯卡蒂+空,300,6873,0.899,0.0
4,可露希尔,Q.E.D.,初雪+巫恋+华法琳,300,6873,1.773,0.0
4,予愿安洁莉娜,酸橙的心事,凛御银灰+华法琳+浊心斯卡蒂,300,6872,1.361,7.5
4,赤刃明霄陈,赤霄·绝影-驰,凛御银灰+华法琳+海蒂,300,6872,1.29,7.5
3,涤火杰西卡,饱和迸射,初雪+华法琳,1200,6869,1.202,0.0
3,涤火杰西卡,饱和迸射,巫恋+华法琳,1200,6869,1.202,0.0
4,涤火杰西卡,饱和迸射,初雪+华法琳+阿斯卡纶,1200,6869,1.202,6.0
4,涤火杰西卡,饱和迸射,初雪+华法琳+予愿安洁莉娜,1200,6869,1.202,6.0
4,涤火杰西卡,饱和迸射,初雪+华法琳+泥岩,1200,6869,1.202,6.0
4,涤火杰西卡,饱和迸射,初雪+华法琳+极境,1200,6869,1.202,6.0
4,涤火杰西卡,饱和迸射,初雪+华法琳+和弦,1200,6869,1.202,6.0
4,涤火杰西卡,饱和迸射,初雪+华法琳+夜魔,1200,6869,1.202,6.0
4,涤火杰西卡,饱和迸射,初雪+华法琳+烛煌,1200,6869,1.202,7.5
4,涤火杰西卡,饱和迸射,巫恋+华法琳+阿斯卡纶,1200,6869,1.202,6.0
4,涤火杰西卡,饱和迸射,巫恋+华法琳+予愿安洁莉娜,1200,6869,1.202,6.0
4,涤火杰西卡,饱和迸射,巫恋+华法琳+泥岩,1200,6869,1.202,6.0
4,涤火杰西卡,饱和迸射,巫恋+华法琳+极境,1200,6869,1.202,6.0
4,涤火杰西卡,饱和迸射,巫恋+华法琳+和弦,1200,6869,1.202,6.0
4,涤火杰西卡,饱和迸射,巫恋+华法琳+夜魔,1200,6869,1.202,6.0
4,涤火杰西卡,饱和迸射,巫恋+华法琳+烛煌,1200,6869,1.202,7.5
4,能天使,扫射模式,灵知+华法琳+铃兰,300,6869,1.721,0.0
4,烛煌,众恶的焚场,濯尘芙蓉+铃兰+海蒂,300,6868,0.785,4.5
4,领主·Sharp,沉默的爆发,凛御银灰+铃兰+海蒂,300,6866,0.935,7.5
4,予愿安洁莉娜,酸橙的心事,凛御银灰+华法琳+海蒂,300,6865,1.358,7.5
4,忍冬,隐狐之艺,初雪+铃兰+浊心斯卡蒂,300,6865,1.354,0.0
4,忍冬,隐狐之艺,巫恋+铃兰+浊心斯卡蒂,300,6865,1.354,0.0
4,涤火杰西卡,饱和迸射,濯尘芙蓉+双月+空,300,6864,0.896,4.5
4,百炼嘉维尔,丛林之魂,初雪+华法琳+空,1200,6862,2.455,0.0
4,百炼嘉维尔,丛林之魂,巫恋+华法琳+空,1200,6862,2.455,0.0
4,领主·Sharp,沉默的爆发,灵知+双月+空,300,6862,0.934,0.0
3,涤火杰西卡,饱和迸射,初雪+海蒂,300,6861,0.895,0.0
3,涤火杰西卡,饱和迸射,巫恋+海蒂,300,6861,0.895,0.0
4,涤火杰西卡,饱和迸射,初雪+阿斯卡纶+海蒂,300,6861,0.895,6.0
4,涤火杰西卡,饱和迸射,初雪+予愿安洁莉娜+海蒂,300,6861,0.895,6.0
4,涤火杰西卡,饱和迸射,初雪+泥岩+海蒂,300,6861,0.895,6.0
4,涤火杰西卡,饱和迸射,初雪+极境+海蒂,300,6861,0.895,6.0
4,涤火杰西卡,饱和迸射,初雪+和弦+海蒂,300,6861,0.895,6.0
4,涤火杰西卡,饱和迸射,初雪+夜魔+海蒂,300,6861,0.895,6.0
4,涤火杰西卡,饱和迸射,初雪+烛煌+海蒂,300,6861,0.895,7.5
4,涤火杰西卡,饱和迸射,初雪+海蒂+空,300,6861,0.895,0.0
4,涤火杰西卡,饱和迸射,巫恋+阿斯卡纶+海蒂,300,6861,0.895,6.0
4,涤火杰西卡,饱和迸射,巫恋+予愿安洁莉娜+海蒂,300,6861,0.895,6.0
4,涤火杰西卡,饱和迸射,巫恋+泥岩+海蒂,300,6861,0.895,6.0
4,涤火杰西卡,饱和迸射,巫恋+极境+海蒂,300,6861,0.895,6.0
4,涤火杰西卡,饱和迸射,巫恋+和弦+海蒂,300,6861,0.895,6.0
4,涤火杰西卡,饱和迸射,巫恋+夜魔+海蒂,300,6861,0.895,6.0
4,涤火杰西卡,饱和迸射,巫恋+烛煌+海蒂,300,6861,0.895,7.5
4,涤火杰西卡,饱和迸射,巫恋+海蒂+空,300,6861,0.895,0.0
4,予愿安洁莉娜,重力自定义,初雪+华法琳+浊心斯卡蒂,300,6860,1.431,0.0
4,予愿安洁莉娜,重力自定义,巫恋+华法琳+浊心斯卡蒂,300,6860,1.431,0.0
4,涤火杰西卡,饱和迸射,凛御银灰+双月+海蒂,1200,6860,1.199,7.5
4,予愿安洁莉娜,重力自定义,初雪+华法琳+海蒂,300,6853,1.428,0.0
4,予愿安洁莉娜,重力自定义,巫恋+华法琳+海蒂,300,6853,1.428,0.0
4,涤火杰西卡,饱和迸射,凛御银灰+铃兰+空,1200,6853,1.196,7.5
4,隐德来希,灵与欲的惜别,初雪+华法琳+浊心斯卡蒂,300,6853,1.698,0.0
4,隐德来希,灵与欲的惜别,巫恋+华法琳+浊心斯卡蒂,300,6853,1.698,0.0
4,赤刃明霄陈,赤霄·绝影-驰,凛御银灰+华法琳+铃兰,300,6853,1.283,7.5
4,新约能天使,开火成瘾症,濯尘芙蓉+华法琳+铃兰,1200,6852,1.641,4.5
4,百炼嘉维尔,丛林之魂,凛御银灰+灵知+空,300,6852,0.979,7.5
3,艾拉,“博萨克风暴”,初雪+华法琳,300,6851,1.186,0.0
3,艾拉,“博萨克风暴”,巫恋+华法琳,300,6851,1.186,0.0
4,艾拉,“博萨克风暴”,初雪+华法琳+阿斯卡纶,300,6851,1.186,6.0
4,艾拉,“博萨克风暴”,初雪+华法琳+予愿安洁莉娜,300,6851,1.186,6.0
4,艾拉,“博萨克风暴”,初雪+华法琳+泥岩,300,6851,1.186,6.0
4,艾拉,“博萨克风暴”,初雪+华法琳+极境,300,6851,1.186,6.0
4,艾拉,“博萨克风暴”,初雪+华法琳+和弦,300,6851,1.186,6.0
4,艾拉,“博萨克风暴”,初雪+华法琳+夜魔,300,6851,1.186,6.0
4,艾拉,“博萨克风暴”,初雪+华法琳+烛煌,300,6851,1.186,7.5
4,艾拉,“博萨克风暴”,巫恋+华法琳+阿斯卡纶,300,6851,1.186,6.0
4,艾拉,“博萨克风暴”,巫恋+华法琳+予愿安洁莉娜,300,6851,1.186,6.0
4,艾拉,“博萨克风暴”,巫恋+华法琳+泥岩,300,6851,1.186,6.0
4,艾拉,“博萨克风暴”,巫恋+华法琳+极境,300,6851,1.186,6.0
4,艾拉,“博萨克风暴”,巫恋+华法琳+和弦,300,6851,1.186,6.0
4,艾拉,“博萨克风暴”,巫恋+华法琳+夜魔,300,6851,1.186,6.0
4,艾拉,“博萨克风暴”,巫恋+华法琳+烛煌,300,6851,1.186,7.5
4,重岳,拂尘,初雪+濯尘芙蓉+华法琳,300,6850,1.312,4.5
4,重岳,拂尘,巫恋+濯尘芙蓉+华法琳,300,6850,1.312,4.5
4,重岳,拂尘,华法琳+铃兰+双月,300,6850,1.312,0.0
4,烛煌,众恶的焚场,初雪+巫恋+濯尘芙蓉,300,6850,0.78,4.5
4,烛煌,众恶的焚场,初雪+铃兰+双月,300,6850,0.78,0.0
4,烛煌,众恶的焚场,巫恋+铃兰+双月,300,6850,0.78,0.0
4,忍冬,隐狐之艺,初雪+铃兰+海蒂,300,6850,1.349,0.0
4,忍冬,隐狐之艺,巫恋+铃兰+海蒂,300,6850,1.349,0.0
4,真言,无言为真,凛御银灰+灵知+华法琳,300,6849,1.345,7.5
4,涤火杰西卡,掩蔽护卫,初雪+双月+空,300,6848,1.378,0.0
4,涤火杰西卡,掩蔽护卫,巫恋+双月+空,300,6848,1.378,0.0
4,领主·Sharp,沉默的爆发,初雪+巫恋+灵知,300,6848,0.93,0.0
4,能天使,过载模式,凛御银灰+双月+空,300,6847,1.354,7.5
4,赤刃明霄陈,赤霄·绝影-驰,凛御银灰+华法琳+空,300,6847,1.281,7.5
4,领主·Sharp,沉默的爆发,华法琳+双月+空,1200,6846,1.808,0.0
4,隐德来希,灵与欲的惜别,初雪+华法琳+海蒂,300,6845,1.695,0.0
4,隐德来希,灵与欲的惜别,巫恋+华法琳+海蒂,300,6845,1.695,0.0
4,涤火杰西卡,饱和迸射,初雪+巫恋+铃兰,300,6842,0.89,0.0
4,佩佩,时光震荡,初雪+凛御银灰+华法琳,300,6842,1.484,7.5
4,佩佩,时光震荡,巫恋+凛御银灰+华法琳,300,6842,1.484,7.5
4,百炼嘉维尔,丛林之魂,初雪+巫恋+华法琳,1200,6841,2.445,0.0
4,予愿安洁莉娜,酸橙的心事,灵知+华法琳+双月,300,6841,1.35,0.0
4,予愿安洁莉娜,酸橙的心事,凛御银灰+华法琳+空,300,6839,1.349,7.5
4,新约能天使,开火成瘾症,初雪+濯尘芙蓉+双月,300,6838,0.67,4.5
4,新约能天使,开火成瘾症,巫恋+濯尘芙蓉+双月,300,6838,0.67,4.5
4,可露希尔,Q.E.D.,凛御银灰+华法琳+空,300,6838,1.759,7.5
4,艾拉,“博萨克风暴”,凛御银灰+灵知+空,300,6833,1.18,7.5
3,新约能天使,开火成瘾症,凛御银灰+浊心斯卡蒂,300,6831,0.668,7.5
4,新约能天使,开火成瘾症,凛御银灰+阿斯卡纶+浊心斯卡蒂,300,6831,0.668,13.5
4,新约能天使,开火成瘾症,凛御银灰+予愿安洁莉娜+浊心斯卡蒂,300,6831,0.668,13.5
4,新约能天使,开火成瘾症,凛御银灰+泥岩+浊心斯卡蒂,300,6831,0.668,13.5
4,新约能天使,开火成瘾症,凛御银灰+极境+浊心斯卡蒂,300,6831,0.668,13.5
4,新约能天使,开火成瘾症,凛御银灰+和弦+浊心斯卡蒂,300,6831,0.668,13.5
4,新约能天使,开火成瘾症,凛御银灰+夜魔+浊心斯卡蒂,300,6831,0.668,13.5
4,新约能天使,开火成瘾症,凛御银灰+烛煌+浊心斯卡蒂,300,6831,0.668,15.0
4,新约能天使,开火成瘾症,凛御银灰+浊心斯卡蒂+海蒂,300,6831,0.668,7.5
4,新约能天使,开火成瘾症,凛御银灰+浊心斯卡蒂+空,300,6831,0.668,7.5
4,领主·Sharp,沉默的爆发,灵知+华法琳+铃兰,1200,6831,1.802,0.0
3,百炼嘉维尔,丛林之魂,华法琳+双月,300,6829,0.972,0.0
4,百炼嘉维尔,丛林之魂,华法琳+阿斯卡纶+双月,300,6829,0.972,6.0
4,百炼嘉维尔,丛林之魂,华法琳+予愿安洁莉娜+双月,300,6829,0.972,6.0
4,百炼嘉维尔,丛林之魂,华法琳+泥岩+双月,300,6829,0.972,6.0
4,百炼嘉维尔,丛林之魂,华法琳+极境+双月,300,6829,0.972,6.0
4,百炼嘉维尔,丛林之魂,华法琳+和弦+双月,300,6829,0.972,6.0
4,百炼嘉维尔,丛林之魂,华法琳+夜魔+双月,300,6829,0.972,6.0
4,百炼嘉维尔,丛林之魂,华法琳+烛煌+双月,300,6829,0.972,7.5
4,领主·Sharp,沉默的爆发,凛御银灰+双月+浊心斯卡蒂,300,6829,0.925,7.5
4,予愿安洁莉娜,重力自定义,初雪+华法琳+空,300,6828,1.42,0.0
4,予愿安洁莉娜,重力自定义,巫恋+华法琳+空,300,6828,1.42,0.0
3,能天使,过载模式,凛御银灰+华法琳,300,6828,1.348,7.5
4,能天使,过载模式,凛御银灰+华法琳+阿斯卡纶,300,6828,1.348,13.5
4,能天使,过载模式,凛御银灰+华法琳+予愿安洁莉娜,300,6828,1.348,13.5
4,能天使,过载模式,凛御银灰+华法琳+泥岩,300,6828,1.348,13.5
4,能天使,过载模式,凛御银灰+华法琳+极境,300,6828,1.348,13.5
4,能天使,过载模式,凛御银灰+华法琳+和弦,300,6828,1.348,13.5
4,能天使,过载模式,凛御银灰+华法琳+夜魔,300,6828,1.348,13.5
4,能天使,过载模式,凛御银灰+华法琳+烛煌,300,6828,1.348,15.0
4,领主·Sharp,沉默的爆发,凛御银灰+铃兰+空,300,6828,0.924,7.5
4,烛煌,众恶的焚场,濯尘芙蓉+铃兰+空,300,6828,0.774,4.5
4,忍冬,隐狐之艺,濯尘芙蓉+灵知+华法琳,300,6828,1.341,4.5
4,涤火杰西卡,掩蔽护卫,凛御银灰+濯尘芙蓉+华法琳,300,6827,1.371,12.0
4,烛煌,众恶的焚场,濯尘芙蓉+双月+浊心斯卡蒂,300,6827,0.774,4.5
4,谬因,混沌的本质,灵知+华法琳+浊心斯卡蒂,300,6824,1.198,0.0
4,能天使,扫射模式,灵知+华法琳+双月,300,6823,1.703,0.0
3,新约能天使,开火成瘾症,凛御银灰+海蒂,300,6821,0.666,7.5
4,新约能天使,开火成瘾症,凛御银灰+阿斯卡纶+海蒂,300,6821,0.666,13.5
4,新约能天使,开火成瘾症,凛御银灰+予愿安洁莉娜+海蒂,300,6821,0.666,13.5
4,新约能天使,开火成瘾症,凛御银灰+泥岩+海蒂,300,6821,0.666,13.5
4,新约能天使,开火成瘾症,凛御银灰+极境+海蒂,300,6821,0.666,13.5
4,新约能天使,开火成瘾症,凛御银灰+和弦+海蒂,300,6821,0.666,13.5
4,新约能天使,开火成瘾症,凛御银灰+夜魔+海蒂,300,6821,0.666,13.5
4,新约能天使,开火成瘾症,凛御银灰+烛煌+海蒂,300,6821,0.666,15.0
4,新约能天使,开火成瘾症,凛御银灰+海蒂+空,300,6821,0.666,7.5
3,灵知,失温症,濯尘芙蓉+华法琳,300,6821,0.725,4.5
4,灵知,失温症,濯尘芙蓉+华法琳+阿斯卡纶,300,6821,0.725,10.5
4,灵知,失温症,濯尘芙蓉+华法琳+予愿安洁莉娜,300,6821,0.725,10.5
4,灵知,失温症,濯尘芙蓉+华法琳+泥岩,300,6821,0.725,10.5
4,灵知,失温症,濯尘芙蓉+华法琳+极境,300,6821,0.725,10.5
4,灵知,失温症,濯尘芙蓉+华法琳+和弦,300,6821,0.725,10.5
4,灵知,失温症,濯尘芙蓉+华法琳+夜魔,300,6821,0.725,10.5
4,灵知,失温症,濯尘芙蓉+华法琳+烛煌,300,6821,0.725,12.0
4,忍冬,隐狐之艺,初雪+双月+浊心斯卡蒂,300,6821,1.339,0.0
4,忍冬,隐狐之艺,巫恋+双月+浊心斯卡蒂,300,6821,1.339,0.0
4,领主·Sharp,沉默的爆发,凛御银灰+双月+海蒂,300,6820,0.922,7.5
4,谬因,混沌的本质,灵知+华法琳+海蒂,300,6819,1.196,0.0
4,能天使,过载模式,初雪+濯尘芙蓉+浊心斯卡蒂,300,6818,1.344,4.5
4,能天使,过载模式,巫恋+濯尘芙蓉+浊心斯卡蒂,300,6818,1.344,4.5
4,能天使,过载模式,铃兰+双月+浊心斯卡蒂,300,6818,1.344,0.0
4,烛煌,众恶的焚场,濯尘芙蓉+双月+海蒂,300,6817,0.771,4.5
4,真言,意识联协,濯尘芙蓉+灵知+铃兰,300,6816,0.62,4.5
4,真言,无言为真,凛御银灰+华法琳+浊心斯卡蒂,300,6815,1.333,7.5
4,佩佩,阻遏混乱锤,初雪+濯尘芙蓉+华法琳,300,6815,1.313,4.5
4,佩佩,阻遏混乱锤,巫恋+濯尘芙蓉+华法琳,300,6815,1.313,4.5
4,佩佩,阻遏混乱锤,华法琳+铃兰+双月,300,6815,1.313,0.0
4,隐德来希,灵与欲的惜别,初雪+华法琳+空,300,6814,1.683,0.0
4,隐德来希,灵与欲的惜别,巫恋+华法琳+空,300,6814,1.683,0.0
3,涤火杰西卡,饱和迸射,初雪+空,300,6812,0.882,0.0
3,涤火杰西卡,饱和迸射,巫恋+空,300,6812,0.882,0.0
4,涤火杰西卡,饱和迸射,初雪+阿斯卡纶+空,300,6812,0.882,6.0
4,涤火杰西卡,饱和迸射,初雪+予愿安洁莉娜+空,300,6812,0.882,6.0
4,涤火杰西卡,饱和迸射,初雪+泥岩+空,300,6812,0.882,6.0
4,涤火杰西卡,饱和迸射,初雪+极境+空,300,6812,0.882,6.0
4,涤火杰西卡,饱和迸射,初雪+和弦+空,300,6812,0.882,6.0
4,涤火杰西卡,饱和迸射,初雪+夜魔+空,300,6812,0.882,6.0
4,涤火杰西卡,饱和迸射,初雪+烛煌+空,300,6812,0.882,7.5
4,涤火杰西卡,饱和迸射,巫恋+阿斯卡纶+空,300,6812,0.882,6.0
4,涤火杰西卡,饱和迸射,巫恋+予愿安洁莉娜+空,300,6812,0.882,6.0
4,涤火杰西卡,饱和迸射,巫恋+泥岩+空,300,6812,0.882,6.0
4,涤火杰西卡,饱和迸射,巫恋+极境+空,300,6812,0.882,6.0
4,涤火杰西卡,饱和迸射,巫恋+和弦+空,300,6812,0.882,6.0
4,涤火杰西卡,饱和迸射,巫恋+夜魔+空,300,6812,0.882,6.0
4,涤火杰西卡,饱和迸射,巫恋+烛煌+空,300,6812,0.882,7.5
4,真言,无言为真,凛御银灰+华法琳+海蒂,300,6808,1.331,7.5
4,涤火杰西卡,饱和迸射,凛御银灰+双月+空,1200,6807,1.182,7.5
4,予愿安洁莉娜,酸橙的心事,凛御银灰+华法琳+铃兰,300,6807,1.338,7.5
4,涤火杰西卡,饱和迸射,初雪+巫恋+双月,300,6806,0.88,0.0
4,忍冬,隐狐之艺,初雪+双月+海蒂,300,6806,1.334,0.0
4,忍冬,隐狐之艺,巫恋+双月+海蒂,300,6806,1.334,0.0
4,赤刃明霄陈,赤霄·绝影-驰,凛御银灰+华法琳+双月,300,6806,1.268,7.5
4,谬因,混沌的本质,灵知+华法琳+空,300,6802,1.191,0.0
4,能天使,过载模式,初雪+濯尘芙蓉+海蒂,300,6802,1.339,4.5
4,能天使,过载模式,巫恋+濯尘芙蓉+海蒂,300,6802,1.339,4.5
4,能天使,过载模式,铃兰+双月+海蒂,300,6802,1.339,0.0
4,新约能天使,开火成瘾症,濯尘芙蓉+华法琳+双月,1200,6801,1.621,4.5
4,贝洛内,军师的手段,灵知+华法琳+铃兰,300,6800,1.514,0.0
4,涤火杰西卡,掩蔽护卫,凛御银灰+灵知+浊心斯卡蒂,300,6798,1.361,7.5
4,百炼嘉维尔,丛林之魂,灵知+铃兰+浊心斯卡蒂,300,6798,0.964,0.0
3,新约能天使,开火成瘾症,初雪+巫恋,300,6797,0.66,0.0
4,新约能天使,开火成瘾症,初雪+巫恋+阿斯卡纶,300,6797,0.66,6.0
4,新约能天使,开火成瘾症,初雪+巫恋+予愿安洁莉娜,300,6797,0.66,6.0
4,新约能天使,开火成瘾症,初雪+巫恋+泥岩,300,6797,0.66,6.0
4,新约能天使,开火成瘾症,初雪+巫恋+极境,300,6797,0.66,6.0
4,新约能天使,开火成瘾症,初雪+巫恋+和弦,300,6797,0.66,6.0
4,新约能天使,开火成瘾症,初雪+巫恋+夜魔,300,6797,0.66,6.0
4,新约能天使,开火成瘾症,初雪+巫恋+烛煌,300,6797,0.66,7.5
4,忍冬,隐狐之艺,初雪+铃兰+空,300,6796,1.33,0.0
4,忍冬,隐狐之艺,巫恋+铃兰+空,300,6796,1.33,0.0
4,艾拉,“博萨克风暴”,灵知+铃兰+浊心斯卡蒂,300,6793,1.167,0.0
4,能天使,扫射模式,凛御银灰+华法琳+铃兰,300,6790,1.689,7.5
4,百炼嘉维尔,丛林之魂,灵知+铃兰+海蒂,300,6788,0.961,0.0
4,史尔特尔,黄昏,初雪+华法琳+浊心斯卡蒂,300,6786,1.588,0.0
4,史尔特尔,黄昏,巫恋+华法琳+浊心斯卡蒂,300,6786,1.588,0.0
4,领主·Sharp,沉默的爆发,初雪+巫恋+凛御银灰,300,6786,0.913,7.5
4,领主·Sharp,沉默的爆发,灵知+华法琳+双月,1200,6785,1.783,0.0
4,涤火杰西卡,掩蔽护卫,凛御银灰+灵知+海蒂,300,6783,1.356,7.5
4,领主·Sharp,沉默的爆发,凛御银灰+双月+空,300,6782,0.911,7.5
3,新约能天使,开火成瘾症,凛御银灰+空,300,6781,0.656,7.5
4,新约能天使,开火成瘾症,凛御银灰+阿斯卡纶+空,300,6781,0.656,13.5
4,新约能天使,开火成瘾症,凛御银灰+予愿安洁莉娜+空,300,6781,0.656,13.5
4,新约能天使,开火成瘾症,凛御银灰+泥岩+空,300,6781,0.656,13.5
4,新约能天使,开火成瘾症,凛御银灰+极境+空,300,6781,0.656,13.5
4,新约能天使,开火成瘾症,凛御银灰+和弦+空,300,6781,0.656,13.5
4,新约能天使,开火成瘾症,凛御银灰+夜魔+空,300,6781,0.656,13.5
4,新约能天使,开火成瘾症,凛御银灰+烛煌+空,300,6781,0.656,15.0
4,予愿安洁莉娜,重力自定义,初雪+华法琳+铃兰,300,6780,1.402,0.0
4,予愿安洁莉娜,重力自定义,巫恋+华法琳+铃兰,300,6780,1.402,0.0
4,真言,无言为真,凛御银灰+华法琳+空,300,6780,1.321,7.5
4,艾拉,“博萨克风暴”,灵知+铃兰+海蒂,300,6780,1.163,0.0
4,史尔特尔,黄昏,初雪+华法琳+海蒂,300,6779,1.585,0.0
4,史尔特尔,黄昏,巫恋+华法琳+海蒂,300,6779,1.585,0.0
4,烛煌,众恶的焚场,濯尘芙蓉+双月+空,300,6778,0.761,4.5
3,烛煌,众恶的焚场,初雪+浊心斯卡蒂,300,6776,0.761,0.0
3,烛煌,众恶的焚场,巫恋+浊心斯卡蒂,300,6776,0.761,0.0
4,烛煌,众恶的焚场,初雪+阿斯卡纶+浊心斯卡蒂,300,6776,0.761,6.0
4,烛煌,众恶的焚场,初雪+予愿安洁莉娜+浊心斯卡蒂,300,6776,0.761,6.0
4,烛煌,众恶的焚场,初雪+泥岩+浊心斯卡蒂,300,6776,0.761,6.0
4,烛煌,众恶的焚场,初雪+极境+浊心斯卡蒂,300,6776,0.761,6.0
4,烛煌,众恶的焚场,初雪+和弦+浊心斯卡蒂,300,6776,0.761,6.0
4,烛煌,众恶的焚场,初雪+夜魔+浊心斯卡蒂,300,6776,0.761,6.0
4,烛煌,众恶的焚场,初雪+浊心斯卡蒂+海蒂,300,6776,0.761,0.0
4,烛煌,众恶的焚场,初雪+浊心斯卡蒂+空,300,6776,0.761,0.0
4,烛煌,众恶的焚场,巫恋+阿斯卡纶+浊心斯卡蒂,300,6776,0.761,6.0
4,烛煌,众恶的焚场,巫恋+予愿安洁莉娜+浊心斯卡蒂,300,6776,0.761,6.0
4,烛煌,众恶的焚场,巫恋+泥岩+浊心斯卡蒂,300,6776,0.761,6.0
4,烛煌,众恶的焚场,巫恋+极境+浊心斯卡蒂,300,6776,0.761,6.0
4,烛煌,众恶的焚场,巫恋+和弦+浊心斯卡蒂,300,6776,0.761,6.0
4,烛煌,众恶的焚场,巫恋+夜魔+浊心斯卡蒂,300,6776,0.761,6.0
4,烛煌,众恶的焚场,巫恋+浊心斯卡蒂+海蒂,300,6776,0.761,0.0
4,烛煌,众恶的焚场,巫恋+浊心斯卡蒂+空,300,6776,0.761,0.0
4,真言,意识联协,濯尘芙蓉+灵知+双月,300,6774,0.61,4.5
4,涤火杰西卡,饱和迸射,初雪+濯尘芙蓉+浊心斯卡蒂,1200,6768,1.169,4.5
4,涤火杰西卡,饱和迸射,巫恋+濯尘芙蓉+浊心斯卡蒂,1200,6768,1.169,4.5
4,涤火杰西卡,饱和迸射,铃兰+双月+浊心斯卡蒂,1200,6768,1.169,0.0
3,烛煌,众恶的焚场,初雪+海蒂,300,6766,0.758,0.0
3,烛煌,众恶的焚场,巫恋+海蒂,300,6766,0.758,0.0
4,烛煌,众恶的焚场,初雪+阿斯卡纶+海蒂,300,6766,0.758,6.0
4,烛煌,众恶的焚场,初雪+予愿安洁莉娜+海蒂,300,6766,0.758,6.0
4,烛煌,众恶的焚场,初雪+泥岩+海蒂,300,6766,0.758,6.0
4,烛煌,众恶的焚场,初雪+极境+海蒂,300,6766,0.758,6.0
4,烛煌,众恶的焚场,初雪+和弦+海蒂,300,6766,0.758,6.0
4,烛煌,众恶的焚场,初雪+夜魔+海蒂,300,6766,0.758,6.0
4,烛煌,众恶的焚场,初雪+海蒂+空,300,6766,0.758,0.0
4,烛煌,众恶的焚场,巫恋+阿斯卡纶+海蒂,300,6766,0.758,6.0
4,烛煌,众恶的焚场,巫恋+予愿安洁莉娜+海蒂,300,6766,0.758,6.0
4,烛煌,众恶的焚场,巫恋+泥岩+海蒂,300,6766,0.758,6.0
4,烛煌,众恶的焚场,巫恋+极境+海蒂,300,6766,0.758,6.0
4,烛煌,众恶的焚场,巫恋+和弦+海蒂,300,6766,0.758,6.0
4,烛煌,众恶的焚场,巫恋+夜魔+海蒂,300,6766,0.758,6.0
4,烛煌,众恶的焚场,巫恋+海蒂+空,300,6766,0.758,0.0
4,可露希尔,Q.E.D.,华法琳+铃兰+浊心斯卡蒂,300,6764,1.73,0.0
4,予愿安洁莉娜,酸橙的心事,凛御银灰+华法琳+双月,300,6761,1.322,7.5
4,赤刃明霄陈,赤霄·绝影-驰,华法琳+铃兰+浊心斯卡蒂,300,6755,1.251,0.0
4,涤火杰西卡,饱和迸射,初雪+濯尘芙蓉+海蒂,1200,6754,1.165,4.5
4,涤火杰西卡,饱和迸射,巫恋+濯尘芙蓉+海蒂,1200,6754,1.165,4.5
4,涤火杰西卡,饱和迸射,铃兰+双月+海蒂,1200,6754,1.165,0.0
4,可露希尔,Q.E.D.,华法琳+铃兰+海蒂,300,6754,1.725,0.0
4,贝洛内,军师的手段,灵知+华法琳+双月,300,6754,1.497,0.0
4,百炼嘉维尔,丛林之魂,灵知+双月+浊心斯卡蒂,300,6753,0.95,0.0
3,领主·Sharp,沉默的爆发,华法琳+浊心斯卡蒂,300,6753,0.903,0.0
4,领主·Sharp,沉默的爆发,华法琳+阿斯卡纶+浊心斯卡蒂,300,6753,0.903,6.0
4,领主·Sharp,沉默的爆发,华法琳+予愿安洁莉娜+浊心斯卡蒂,300,6753,0.903,6.0
4,领主·Sharp,沉默的爆发,华法琳+泥岩+浊心斯卡蒂,300,6753,0.903,6.0
4,领主·Sharp,沉默的爆发,华法琳+极境+浊心斯卡蒂,300,6753,0.903,6.0
4,领主·Sharp,沉默的爆发,华法琳+和弦+浊心斯卡蒂,300,6753,0.903,6.0
4,领主·Sharp,沉默的爆发,华法琳+夜魔+浊心斯卡蒂,300,6753,0.903,6.0
4,领主·Sharp,沉默的爆发,华法琳+烛煌+浊心斯卡蒂,300,6753,0.903,7.5
4,领主·Sharp,沉默的爆发,华法琳+浊心斯卡蒂+海蒂,300,6753,0.903,0.0
4,领主·Sharp,沉默的爆发,华法琳+浊心斯卡蒂+空,300,6753,0.903,0.0
4,忍冬,隐狐之艺,初雪+双月+空,300,6753,1.315,0.0
4,忍冬,隐狐之艺,巫恋+双月+空,300,6753,1.315,0.0
4,领主·Sharp,沉默的爆发,凛御银灰+华法琳+铃兰,1200,6752,1.769,7.5
4,能天使,扫射模式,濯尘芙蓉+华法琳+浊心斯卡蒂,300,6752,1.674,4.5
3,新约能天使,开火成瘾症,初雪+华法琳,1200,6750,1.602,0.0
3,新约能天使,开火成瘾症,巫恋+华法琳,1200,6750,1.602,0.0
4,新约能天使,开火成瘾症,初雪+华法琳+阿斯卡纶,1200,6750,1.602,6.0
4,新约能天使,开火成瘾症,初雪+华法琳+予愿安洁莉娜,1200,6750,1.602,6.0
4,新约能天使,开火成瘾症,初雪+华法琳+泥岩,1200,6750,1.602,6.0
4,新约能天使,开火成瘾症,初雪+华法琳+极境,1200,6750,1.602,6.0
4,新约能天使,开火成瘾症,初雪+华法琳+和弦,1200,6750,1.602,6.0
4,新约能天使,开火成瘾症,初雪+华法琳+夜魔,1200,6750,1.602,6.0
4,新约能天使,开火成瘾症,初雪+华法琳+烛煌,1200,6750,1.602,7.5
4,新约能天使,开火成瘾症,巫恋+华法琳+阿斯卡纶,1200,6750,1.602,6.0
4,新约能天使,开火成瘾症,巫恋+华法琳+予愿安洁莉娜,1200,6750,1.602,6.0
4,新约能天使,开火成瘾症,巫恋+华法琳+泥岩,1200,6750,1.602,6.0
4,新约能天使,开火成瘾症,巫恋+华法琳+极境,1200,6750,1.602,6.0
4,新约能天使,开火成瘾症,巫恋+华法琳+和弦,1200,6750,1.602,6.0
4,新约能天使,开火成瘾症,巫恋+华法琳+夜魔,1200,6750,1.602,6.0
4,新约能天使,开火成瘾症,巫恋+华法琳+烛煌,1200,6750,1.602,7.5
4,百炼嘉维尔,丛林之魂,灵知+铃兰+空,300,6750,0.95,0.0
4,史尔特尔,黄昏,初雪+华法琳+空,300,6750,1.574,0.0
4,史尔特尔,黄昏,巫恋+华法琳+空,300,6750,1.574,0.0
4,真言,意识联协,濯尘芙蓉+灵知+浊心斯卡蒂,300,6748,0.604,4.5
4,予愿安洁莉娜,酸橙的心事,华法琳+铃兰+浊心斯卡蒂,300,6748,1.318,0.0
4,赤刃明霄陈,赤霄·绝影-驰,华法琳+铃兰+海蒂,300,6748,1.248,0.0
4,艾拉,“博萨克风暴”,灵知+双月+浊心斯卡蒂,300,6748,1.153,0.0
4,真言,无言为真,灵知+华法琳+铃兰,300,6747,1.31,0.0
3,领主·Sharp,沉默的爆发,华法琳+海蒂,300,6747,0.901,0.0
4,领主·Sharp,沉默的爆发,华法琳+阿斯卡纶+海蒂,300,6747,0.901,6.0
4,领主·Sharp,沉默的爆发,华法琳+予愿安洁莉娜+海蒂,300,6747,0.901,6.0
4,领主·Sharp,沉默的爆发,华法琳+泥岩+海蒂,300,6747,0.901,6.0
4,领主·Sharp,沉默的爆发,华法琳+极境+海蒂,300,6747,0.901,6.0
4,领主·Sharp,沉默的爆发,华法琳+和弦+海蒂,300,6747,0.901,6.0
4,领主·Sharp,沉默的爆发,华法琳+夜魔+海蒂,300,6747,0.901,6.0
4,领主·Sharp,沉默的爆发,华法琳+烛煌+海蒂,300,6747,0.901,7.5
4,领主·Sharp,沉默的爆发,华法琳+海蒂+空,300,6747,0.901,0.0
4,烛煌,众恶的焚场,凛御银灰+灵知+铃兰,300,6745,0.753,7.5
4,佩佩,时光震荡,初雪+华法琳+铃兰,300,6744,1.448,0.0
4,佩佩,时光震荡,巫恋+华法琳+铃兰,300,6744,1.448,0.0
4,能天使,扫射模式,凛御银灰+华法琳+双月,300,6744,1.671,7.5
4,真言,意识联协,凛御银灰+濯尘芙蓉+铃兰,300,6743,0.603,12.0
4,百炼嘉维尔,丛林之魂,灵知+双月+海蒂,300,6743,0.948,0.0
4,忍冬,隐狐之艺,凛御银灰+濯尘芙蓉+华法琳,300,6743,1.312,12.0
4,真言,意识联协,濯尘芙蓉+灵知+海蒂,300,6742,0.602,4.5
4,能天使,扫射模式,濯尘芙蓉+华法琳+海蒂,300,6742,1.67,4.5
4,能天使,过载模式,初雪+濯尘芙蓉+空,300,6741,1.318,4.5
4,能天使,过载模式,巫恋+濯尘芙蓉+空,300,6741,1.318,4.5
4,能天使,过载模式,铃兰+双月+空,300,6741,1.318,0.0
4,予愿安洁莉娜,酸橙的心事,华法琳+铃兰+海蒂,300,6741,1.316,0.0
4,予愿安洁莉娜,重力自定义,初雪+华法琳+双月,300,6736,1.387,0.0
4,予愿安洁莉娜,重力自定义,巫恋+华法琳+双月,300,6736,1.387,0.0
4,艾拉,“博萨克风暴”,灵知+双月+海蒂,300,6735,1.149,0.0
4,灵知,失温症,初雪+凛御银灰+濯尘芙蓉,300,6733,0.703,12.0
4,灵知,失温症,巫恋+凛御银灰+濯尘芙蓉,300,6733,0.703,12.0
4,灵知,失温症,凛御银灰+铃兰+双月,300,6733,0.703,7.5
3,真言,意识联协,初雪+灵知,300,6732,0.6,0.0
3,真言,意识联协,巫恋+灵知,300,6732,0.6,0.0
4,真言,意识联协,初雪+灵知+阿斯卡纶,300,6732,0.6,6.0
4,真言,意识联协,初雪+灵知+予愿安洁莉娜,300,6732,0.6,6.0
4,真言,意识联协,初雪+灵知+泥岩,300,6732,0.6,6.0
4,真言,意识联协,初雪+灵知+极境,300,6732,0.6,6.0
4,真言,意识联协,初雪+灵知+和弦,300,6732,0.6,6.0
4,真言,意识联协,初雪+灵知+夜魔,300,6732,0.6,6.0
4,真言,意识联协,初雪+灵知+烛煌,300,6732,0.6,7.5
4,真言,意识联协,巫恋+灵知+阿斯卡纶,300,6732,0.6,6.0
4,真言,意识联协,巫恋+灵知+予愿安洁莉娜,300,6732,0.6,6.0
4,真言,意识联协,巫恋+灵知+泥岩,300,6732,0.6,6.0
4,真言,意识联协,巫恋+灵知+极境,300,6732,0.6,6.0
4,真言,意识联协,巫恋+灵知+和弦,300,6732,0.6,6.0
4,真言,意识联协,巫恋+灵知+夜魔,300,6732,0.6,6.0
4,真言,意识联协,巫恋+灵知+烛煌,300,6732,0.6,7.5
4,艾拉,“博萨克风暴”,灵知+铃兰+空,300,6732,1.147,0.0
4,谬因,混沌的本质,凛御银灰+华法琳+浊心斯卡蒂,300,6730,1.168,7.5
4,涤火杰西卡,掩蔽护卫,凛御银灰+灵知+空,300,6727,1.336,7.5
3,烛煌,众恶的焚场,初雪+空,300,6727,0.748,0.0
3,烛煌,众恶的焚场,巫恋+空,300,6727,0.748,0.0
4,烛煌,众恶的焚场,初雪+阿斯卡纶+空,300,6727,0.748,6.0
4,烛煌,众恶的焚场,初雪+予愿安洁莉娜+空,300,6727,0.748,6.0
4,烛煌,众恶的焚场,初雪+泥岩+空,300,6727,0.748,6.0
4,烛煌,众恶的焚场,初雪+极境+空,300,6727,0.748,6.0
4,烛煌,众恶的焚场,初雪+和弦+空,300,6727,0.748,6.0
4,烛煌,众恶的焚场,初雪+夜魔+空,300,6727,0.748,6.0
4,烛煌,众恶的焚场,巫恋+阿斯卡纶+空,300,6727,0.748,6.0
4,烛煌,众恶的焚场,巫恋+予愿安洁莉娜+空,300,6727,0.748,6.0
4,烛煌,众恶的焚场,巫恋+泥岩+空,300,6727,0.748,6.0
4,烛煌,众恶的焚场,巫恋+极境+空,300,6727,0.748,6.0
4,烛煌,众恶的焚场,巫恋+和弦+空,300,6727,0.748,6.0
4,烛煌,众恶的焚场,巫恋+夜魔+空,300,6727,0.748,6.0
4,新约能天使,开火成瘾症,凛御银灰+濯尘芙蓉+灵知,300,6726,0.643,12.0
4,谬因,混沌的本质,凛御银灰+华法琳+海蒂,300,6726,1.166,7.5
4,领主·Sharp,沉默的爆发,初雪+濯尘芙蓉+浊心斯卡蒂,300,6725,0.895,4.5
4,领主·Sharp,沉默的爆发,巫恋+濯尘芙蓉+浊心斯卡蒂,300,6725,0.895,4.5
4,领主·Sharp,沉默的爆发,铃兰+双月+浊心斯卡蒂,300,6725,0.895,0.0
4,赤刃明霄陈,赤霄·绝影-驰,华法琳+铃兰+空,300,6723,1.24,0.0
4,真言,意识联协,濯尘芙蓉+灵知+空,300,6721,0.597,4.5
3,领主·Sharp,沉默的爆发,华法琳+空,300,6721,0.894,0.0
4,领主·Sharp,沉默的爆发,华法琳+阿斯卡纶+空,300,6721,0.894,6.0
4,领主·Sharp,沉默的爆发,华法琳+予愿安洁莉娜+空,300,6721,0.894,6.0
4,领主·Sharp,沉默的爆发,华法琳+泥岩+空,300,6721,0.894,6.0
4,领主·Sharp,沉默的爆发,华法琳+极境+空,300,6721,0.894,6.0
4,领主·Sharp,沉默的爆发,华法琳+和弦+空,300,6721,0.894,6.0
4,领主·Sharp,沉默的爆发,华法琳+夜魔+空,300,6721,0.894,6.0
4,领主·Sharp,沉默的爆发,华法琳+烛煌+空,300,6721,0.894,7.5
4,贝洛内,军师的手段,凛御银灰+华法琳+铃兰,300,6721,1.485,7.5
4,百炼嘉维尔,丛林之魂,凛御银灰+铃兰+浊心斯卡蒂,300,6719,0.941,7.5
3,真言,意识联协,灵知+华法琳,300,6718,0.597,0.0
4,真言,意识联协,灵知+华法琳+阿斯卡纶,300,6718,0.597,6.0
4,真言,意识联协,灵知+华法琳+予愿安洁莉娜,300,6718,0.597,6.0
4,真言,意识联协,灵知+华法琳+泥岩,300,6718,0.597,6.0
4,真言,意识联协,灵知+华法琳+极境,300,6718,0.597,6.0
4,真言,意识联协,灵知+华法琳+和弦,300,6718,0.597,6.0
4,真言,意识联协,灵知+华法琳+夜魔,300,6718,0.597,6.0
4,真言,意识联协,灵知+华法琳+烛煌,300,6718,0.597,7.5
4,予愿安洁莉娜,酸橙的心事,华法琳+铃兰+空,300,6716,1.307,0.0
4,涤火杰西卡,掩蔽护卫,濯尘芙蓉+华法琳+铃兰,300,6715,1.332,4.5
4,领主·Sharp,沉默的爆发,初雪+濯尘芙蓉+海蒂,300,6715,0.892,4.5
4,领主·Sharp,沉默的爆发,巫恋+濯尘芙蓉+海蒂,300,6715,0.892,4.5
4,领主·Sharp,沉默的爆发,铃兰+双月+海蒂,300,6715,0.892,0.0
4,艾拉,“博萨克风暴”,凛御银灰+铃兰+浊心斯卡蒂,300,6715,1.142,7.5
4,可露希尔,Q.E.D.,华法琳+铃兰+空,300,6714,1.71,0.0
4,重岳,拂尘,初雪+华法琳+浊心斯卡蒂,1200,6713,2.255,0.0
4,重岳,拂尘,巫恋+华法琳+浊心斯卡蒂,1200,6713,2.255,0.0
3,涤火杰西卡,饱和迸射,华法琳+浊心斯卡蒂,1200,6713,1.151,0.0
4,涤火杰西卡,饱和迸射,华法琳+阿斯卡纶+浊心斯卡蒂,1200,6713,1.151,6.0
4,涤火杰西卡,饱和迸射,华法琳+予愿安洁莉娜+浊心斯卡蒂,1200,6713,1.151,6.0
4,涤火杰西卡,饱和迸射,华法琳+泥岩+浊心斯卡蒂,1200,6713,1.151,6.0
4,涤火杰西卡,饱和迸射,华法琳+极境+浊心斯卡蒂,1200,6713,1.151,6.0
4,涤火杰西卡,饱和迸射,华法琳+和弦+浊心斯卡蒂,1200,6713,1.151,6.0
4,涤火杰西卡,饱和迸射,华法琳+夜魔+浊心斯卡蒂,1200,6713,1.151,6.0
4,涤火杰西卡,饱和迸射,华法琳+烛煌+浊心斯卡蒂,1200,6713,1.151,7.5
4,涤火杰西卡,饱和迸射,华法琳+浊心斯卡蒂+海蒂,1200,6713,1.151,0.0
4,涤火杰西卡,饱和迸射,华法琳+浊心斯卡蒂+空,1200,6713,1.151,0.0
4,谬因,混沌的本质,凛御银灰+华法琳+空,300,6709,1.161,7.5
4,百炼嘉维尔,丛林之魂,凛御银灰+铃兰+海蒂,300,6709,0.938,7.5
4,可露希尔,Q.E.D.,华法琳+双月+浊心斯卡蒂,300,6709,1.707,0.0
3,新约能天使,开火成瘾症,铃兰+浊心斯卡蒂,300,6708,0.638,0.0
4,新约能天使,开火成瘾症,阿斯卡纶+铃兰+浊心斯卡蒂,300,6708,0.638,6.0
4,新约能天使,开火成瘾症,予愿安洁莉娜+铃兰+浊心斯卡蒂,300,6708,0.638,6.0
4,新约能天使,开火成瘾症,泥岩+铃兰+浊心斯卡蒂,300,6708,0.638,6.0
4,新约能天使,开火成瘾症,极境+铃兰+浊心斯卡蒂,300,6708,0.638,6.0
4,新约能天使,开火成瘾症,和弦+铃兰+浊心斯卡蒂,300,6708,0.638,6.0
4,新约能天使,开火成瘾症,夜魔+铃兰+浊心斯卡蒂,300,6708,0.638,6.0
4,新约能天使,开火成瘾症,铃兰+烛煌+浊心斯卡蒂,300,6708,0.638,7.5
4,新约能天使,开火成瘾症,铃兰+浊心斯卡蒂+海蒂,300,6708,0.638,0.0
4,新约能天使,开火成瘾症,铃兰+浊心斯卡蒂+空,300,6708,0.638,0.0
4,涤火杰西卡,饱和迸射,初雪+凛御银灰+灵知,300,6707,0.853,7.5
4,涤火杰西卡,饱和迸射,巫恋+凛御银灰+灵知,300,6707,0.853,7.5
4,领主·Sharp,沉默的爆发,初雪+巫恋+铃兰,300,6706,0.89,0.0
4,领主·Sharp,沉默的爆发,凛御银灰+华法琳+双月,1200,6706,1.751,7.5
4,烛煌,众恶的焚场,凛御银灰+灵知+双月,300,6706,0.743,7.5
3,能天使,过载模式,华法琳+铃兰,300,6705,1.305,0.0
4,能天使,过载模式,华法琳+阿斯卡纶+铃兰,300,6705,1.305,6.0
4,能天使,过载模式,华法琳+予愿安洁莉娜+铃兰,300,6705,1.305,6.0
4,能天使,过载模式,华法琳+泥岩+铃兰,300,6705,1.305,6.0
4,能天使,过载模式,华法琳+极境+铃兰,300,6705,1.305,6.0
4,能天使,过载模式,华法琳+和弦+铃兰,300,6705,1.305,6.0
4,能天使,过载模式,华法琳+夜魔+铃兰,300,6705,1.305,6.0
4,能天使,过载模式,华法琳+铃兰+烛煌,300,6705,1.305,7.5
4,百炼嘉维尔,丛林之魂,灵知+双月+空,300,6705,0.937,0.0
4,能天使,扫射模式,濯尘芙蓉+华法琳+空,300,6704,1.655,4.5
4,重岳,拂尘,初雪+华法琳+海蒂,1200,6703,2.25,0.0
4,重岳,拂尘,巫恋+华法琳+海蒂,1200,6703,2.25,0.0
3,涤火杰西卡,饱和迸射,华法琳+海蒂,1200,6703,1.148,0.0
4,涤火杰西卡,饱和迸射,华法琳+阿斯卡纶+海蒂,1200,6703,1.148,6.0
4,涤火杰西卡,饱和迸射,华法琳+予愿安洁莉娜+海蒂,1200,6703,1.148,6.0
4,涤火杰西卡,饱和迸射,华法琳+泥岩+海蒂,1200,6703,1.148,6.0
4,涤火杰西卡,饱和迸射,华法琳+极境+海蒂,1200,6703,1.148,6.0
4,涤火杰西卡,饱和迸射,华法琳+和弦+海蒂,1200,6703,1.148,6.0
4,涤火杰西卡,饱和迸射,华法琳+夜魔+海蒂,1200,6703,1.148,6.0
4,涤火杰西卡,饱和迸射,华法琳+烛煌+海蒂,1200,6703,1.148,7.5
4,涤火杰西卡,饱和迸射,华法琳+海蒂+空,1200,6703,1.148,0.0
4,真言,无言为真,灵知+华法琳+双月,300,6702,1.295,0.0
4,涤火杰西卡,饱和迸射,初雪+濯尘芙蓉+空,1200,6702,1.148,4.5
4,涤火杰西卡,饱和迸射,巫恋+濯尘芙蓉+空,1200,6702,1.148,4.5
4,涤火杰西卡,饱和迸射,铃兰+双月+空,1200,6702,1.148,0.0
4,赤刃明霄陈,赤霄·绝影-驰,初雪+濯尘芙蓉+华法琳,300,6702,1.233,4.5
4,赤刃明霄陈,赤霄·绝影-驰,巫恋+濯尘芙蓉+华法琳,300,6702,1.233,4.5
4,赤刃明霄陈,赤霄·绝影-驰,华法琳+铃兰+双月,300,6702,1.233,0.0
4,艾拉,“博萨克风暴”,凛御银灰+铃兰+海蒂,300,6702,1.138,7.5
4,真言,意识联协,凛御银灰+濯尘芙蓉+双月,300,6701,0.593,12.0
4,佩佩,时光震荡,初雪+华法琳+双月,300,6701,1.433,0.0
4,佩佩,时光震荡,巫恋+华法琳+双月,300,6701,1.433,0.0
4,忍冬,隐狐之艺,凛御银灰+灵知+浊心斯卡蒂,300,6700,1.297,7.5
4,赤刃明霄陈,赤霄·绝影-驰,华法琳+双月+浊心斯卡蒂,300,6700,1.232,0.0
4,可露希尔,Q.E.D.,华法琳+双月+海蒂,300,6699,1.703,0.0
3,新约能天使,开火成瘾症,铃兰+海蒂,300,6697,0.636,0.0
4,新约能天使,开火成瘾症,阿斯卡纶+铃兰+海蒂,300,6697,0.636,6.0
4,新约能天使,开火成瘾症,予愿安洁莉娜+铃兰+海蒂,300,6697,0.636,6.0
4,新约能天使,开火成瘾症,泥岩+铃兰+海蒂,300,6697,0.636,6.0
4,新约能天使,开火成瘾症,极境+铃兰+海蒂,300,6697,0.636,6.0
4,新约能天使,开火成瘾症,和弦+铃兰+海蒂,300,6697,0.636,6.0
4,新约能天使,开火成瘾症,夜魔+铃兰+海蒂,300,6697,0.636,6.0
4,新约能天使,开火成瘾症,铃兰+烛煌+海蒂,300,6697,0.636,7.5
4,新约能天使,开火成瘾症,铃兰+海蒂+空,300,6697,0.636,0.0
4,重岳,拂尘,初雪+灵知+浊心斯卡蒂,300,6697,1.261,0.0
4,重岳,拂尘,巫恋+灵知+浊心斯卡蒂,300,6697,1.261,0.0
4,涤火杰西卡,掩蔽护卫,灵知+铃兰+浊心斯卡蒂,300,6697,1.326,0.0
4,予愿安洁莉娜,酸橙的心事,华法琳+双月+浊心斯卡蒂,300,6693,1.299,0.0
4,赤刃明霄陈,赤霄·绝影-驰,华法琳+双月+海蒂,300,6693,1.23,0.0
4,真言,无言为真,华法琳+铃兰+浊心斯卡蒂,300,6692,1.291,0.0
4,予愿安洁莉娜,酸橙的心事,华法琳+双月+海蒂,300,6687,1.297,0.0
4,艾拉,“博萨克风暴”,灵知+双月+空,300,6687,1.133,0.0
4,忍冬,隐狐之艺,凛御银灰+灵知+海蒂,300,6686,1.293,7.5
4,重岳,拂尘,初雪+灵知+海蒂,300,6685,1.256,0.0
4,重岳,拂尘,巫恋+灵知+海蒂,300,6685,1.256,0.0
4,真言,无言为真,华法琳+铃兰+海蒂,300,6685,1.289,0.0
4,涤火杰西卡,掩蔽护卫,灵知+铃兰+海蒂,300,6682,1.321,0.0
4,百炼嘉维尔,丛林之魂,初雪+巫恋+灵知,300,6682,0.93,0.0
4,领主·Sharp,沉默的爆发,初雪+濯尘芙蓉+空,300,6678,0.882,4.5
4,领主·Sharp,沉默的爆发,巫恋+濯尘芙蓉+空,300,6678,0.882,4.5
4,领主·Sharp,沉默的爆发,铃兰+双月+空,300,6678,0.882,0.0
4,贝洛内,军师的手段,凛御银灰+华法琳+双月,300,6676,1.468,7.5
4,百炼嘉维尔,丛林之魂,凛御银灰+双月+浊心斯卡蒂,300,6674,0.928,7.5
4,百炼嘉维尔,丛林之魂,凛御银灰+铃兰+空,300,6672,0.927,7.5
4,领主·Sharp,沉默的爆发,初雪+巫恋+双月,300,6671,0.88,0.0
4,艾拉,“博萨克风暴”,凛御银灰+双月+浊心斯卡蒂,300,6670,1.128,7.5
4,真言,无言为真,凛御银灰+华法琳+铃兰,300,6669,1.283,7.5
4,赤刃明霄陈,赤霄·绝影-驰,华法琳+双月+空,300,6669,1.222,0.0
4,史尔特尔,黄昏,初雪+灵知+华法琳,300,6668,1.543,0.0
4,史尔特尔,黄昏,巫恋+灵知+华法琳,300,6668,1.543,0.0
3,涤火杰西卡,饱和迸射,华法琳+空,1200,6667,1.137,0.0
4,涤火杰西卡,饱和迸射,华法琳+阿斯卡纶+空,1200,6667,1.137,6.0
4,涤火杰西卡,饱和迸射,华法琳+予愿安洁莉娜+空,1200,6667,1.137,6.0
4,涤火杰西卡,饱和迸射,华法琳+泥岩+空,1200,6667,1.137,6.0
4,涤火杰西卡,饱和迸射,华法琳+极境+空,1200,6667,1.137,6.0
4,涤火杰西卡,饱和迸射,华法琳+和弦+空,1200,6667,1.137,6.0
4,涤火杰西卡,饱和迸射,华法琳+夜魔+空,1200,6667,1.137,6.0
4,涤火杰西卡,饱和迸射,华法琳+烛煌+空,1200,6667,1.137,7.5
3,百炼嘉维尔,丛林之魂,华法琳+浊心斯卡蒂,300,6667,0.926,0.0
4,百炼嘉维尔,丛林之魂,华法琳+阿斯卡纶+浊心斯卡蒂,300,6667,0.926,6.0
4,百炼嘉维尔,丛林之魂,华法琳+予愿安洁莉娜+浊心斯卡蒂,300,6667,0.926,6.0
4,百炼嘉维尔,丛林之魂,华法琳+泥岩+浊心斯卡蒂,300,6667,0.926,6.0
4,百炼嘉维尔,丛林之魂,华法琳+极境+浊心斯卡蒂,300,6667,0.926,6.0
4,百炼嘉维尔,丛林之魂,华法琳+和弦+浊心斯卡蒂,300,6667,0.926,6.0
4,百炼嘉维尔,丛林之魂,华法琳+夜魔+浊心斯卡蒂,300,6667,0.926,6.0
4,百炼嘉维尔,丛林之魂,华法琳+烛煌+浊心斯卡蒂,300,6667,0.926,7.5
4,百炼嘉维尔,丛林之魂,华法琳+浊心斯卡蒂+海蒂,300,6667,0.926,0.0
4,百炼嘉维尔,丛林之魂,华法琳+浊心斯卡蒂+空,300,6667,0.926,0.0
4,重岳,拂尘,初雪+华法琳+空,1200,6665,2.231,0.0
4,重岳,拂尘,巫恋+华法琳+空,1200,6665,2.231,0.0
4,涤火杰西卡,掩蔽护卫,濯尘芙蓉+华法琳+双月,300,6665,1.315,4.5
4,百炼嘉维尔,丛林之魂,凛御银灰+双月+海蒂,300,6664,0.925,7.5
4,真言,意识联协,凛御银灰+濯尘芙蓉+浊心斯卡蒂,300,6663,0.584,12.0
4,重岳,拂尘,濯尘芙蓉+华法琳+浊心斯卡蒂,300,6661,1.248,4.5
4,予愿安洁莉娜,酸橙的心事,华法琳+双月+空,300,6661,1.288,0.0
3,百炼嘉维尔,丛林之魂,华法琳+海蒂,300,6660,0.924,0.0
4,百炼嘉维尔,丛林之魂,华法琳+阿斯卡纶+海蒂,300,6660,0.924,6.0
4,百炼嘉维尔,丛林之魂,华法琳+予愿安洁莉娜+海蒂,300,6660,0.924,6.0
4,百炼嘉维尔,丛林之魂,华法琳+泥岩+海蒂,300,6660,0.924,6.0
4,百炼嘉维尔,丛林之魂,华法琳+极境+海蒂,300,6660,0.924,6.0
4,百炼嘉维尔,丛林之魂,华法琳+和弦+海蒂,300,6660,0.924,6.0
4,百炼嘉维尔,丛林之魂,华法琳+夜魔+海蒂,300,6660,0.924,6.0
4,百炼嘉维尔,丛林之魂,华法琳+烛煌+海蒂,300,6660,0.924,7.5
4,百炼嘉维尔,丛林之魂,华法琳+海蒂+空,300,6660,0.924,0.0
4,可露希尔,Q.E.D.,华法琳+双月+空,300,6660,1.688,0.0
4,隐德来希,灵与欲的惜别,初雪+灵知+华法琳,300,6660,1.622,0.0
4,隐德来希,灵与欲的惜别,巫恋+灵知+华法琳,300,6660,1.622,0.0
3,真言,意识联协,初雪+凛御银灰,300,6659,0.583,7.5
3,真言,意识联协,巫恋+凛御银灰,300,6659,0.583,7.5
4,真言,意识联协,初雪+凛御银灰+阿斯卡纶,300,6659,0.583,13.5
4,真言,意识联协,初雪+凛御银灰+予愿安洁莉娜,300,6659,0.583,13.5
4,真言,意识联协,初雪+凛御银灰+泥岩,300,6659,0.583,13.5
4,真言,意识联协,初雪+凛御银灰+极境,300,6659,0.583,13.5
4,真言,意识联协,初雪+凛御银灰+和弦,300,6659,0.583,13.5
4,真言,意识联协,初雪+凛御银灰+夜魔,300,6659,0.583,13.5
4,真言,意识联协,初雪+凛御银灰+烛煌,300,6659,0.583,15.0
4,真言,意识联协,巫恋+凛御银灰+阿斯卡纶,300,6659,0.583,13.5
4,真言,意识联协,巫恋+凛御银灰+予愿安洁莉娜,300,6659,0.583,13.5
4,真言,意识联协,巫恋+凛御银灰+泥岩,300,6659,0.583,13.5
4,真言,意识联协,巫恋+凛御银灰+极境,300,6659,0.583,13.5
4,真言,意识联协,巫恋+凛御银灰+和弦,300,6659,0.583,13.5
4,真言,意识联协,巫恋+凛御银灰+夜魔,300,6659,0.583,13.5
4,真言,意识联协,巫恋+凛御银灰+烛煌,300,6659,0.583,15.0
4,真言,意识联协,凛御银灰+濯尘芙蓉+海蒂,300,6658,0.582,12.0
3,新约能天使,开火成瘾症,铃兰+空,300,6658,0.626,0.0
4,新约能天使,开火成瘾症,阿斯卡纶+铃兰+空,300,6658,0.626,6.0
4,新约能天使,开火成瘾症,予愿安洁莉娜+铃兰+空,300,6658,0.626,6.0
4,新约能天使,开火成瘾症,泥岩+铃兰+空,300,6658,0.626,6.0
4,新约能天使,开火成瘾症,极境+铃兰+空,300,6658,0.626,6.0
4,新约能天使,开火成瘾症,和弦+铃兰+空,300,6658,0.626,6.0
4,新约能天使,开火成瘾症,夜魔+铃兰+空,300,6658,0.626,6.0
4,新约能天使,开火成瘾症,铃兰+烛煌+空,300,6658,0.626,7.5
4,真言,无言为真,华法琳+铃兰+空,300,6658,1.28,0.0
4,予愿安洁莉娜,酸橙的心事,初雪+濯尘芙蓉+华法琳,300,6657,1.287,4.5
4,予愿安洁莉娜,酸橙的心事,巫恋+濯尘芙蓉+华法琳,300,6657,1.287,4.5
4,予愿安洁莉娜,酸橙的心事,华法琳+铃兰+双月,300,6657,1.287,0.0
4,艾拉,“博萨克风暴”,凛御银灰+双月+海蒂,300,6657,1.124,7.5
4,艾拉,“博萨克风暴”,凛御银灰+铃兰+空,300,6654,1.123,7.5
3,新约能天使,开火成瘾症,双月+浊心斯卡蒂,300,6653,0.625,0.0
4,新约能天使,开火成瘾症,阿斯卡纶+双月+浊心斯卡蒂,300,6653,0.625,6.0
4,新约能天使,开火成瘾症,予愿安洁莉娜+双月+浊心斯卡蒂,300,6653,0.625,6.0
4,新约能天使,开火成瘾症,泥岩+双月+浊心斯卡蒂,300,6653,0.625,6.0
4,新约能天使,开火成瘾症,极境+双月+浊心斯卡蒂,300,6653,0.625,6.0
4,新约能天使,开火成瘾症,和弦+双月+浊心斯卡蒂,300,6653,0.625,6.0
4,新约能天使,开火成瘾症,夜魔+双月+浊心斯卡蒂,300,6653,0.625,6.0
4,新约能天使,开火成瘾症,烛煌+双月+浊心斯卡蒂,300,6653,0.625,7.5
4,新约能天使,开火成瘾症,双月+浊心斯卡蒂+海蒂,300,6653,0.625,0.0
4,新约能天使,开火成瘾症,双月+浊心斯卡蒂+空,300,6653,0.625,0.0
4,重岳,拂尘,濯尘芙蓉+华法琳+海蒂,300,6653,1.246,4.5
4,涤火杰西卡,掩蔽护卫,灵知+双月+浊心斯卡蒂,300,6652,1.311,0.0
3,能天使,过载模式,华法琳+双月,300,6650,1.287,0.0
4,能天使,过载模式,华法琳+阿斯卡纶+双月,300,6650,1.287,6.0
4,能天使,过载模式,华法琳+予愿安洁莉娜+双月,300,6650,1.287,6.0
4,能天使,过载模式,华法琳+泥岩+双月,300,6650,1.287,6.0
4,能天使,过载模式,华法琳+极境+双月,300,6650,1.287,6.0
4,能天使,过载模式,华法琳+和弦+双月,300,6650,1.287,6.0
4,能天使,过载模式,华法琳+夜魔+双月,300,6650,1.287,6.0
4,能天使,过载模式,华法琳+烛煌+双月,300,6650,1.287,7.5
4,真言,意识联协,濯尘芙蓉+华法琳+浊心斯卡蒂,300,6649,0.58,4.5
4,谬因,混沌的本质,濯尘芙蓉+灵知+华法琳,300,6646,1.141,4.5
4,真言,意识联协,濯尘芙蓉+华法琳+海蒂,300,6645,0.579,4.5
3,新约能天使,开火成瘾症,双月+海蒂,300,6643,0.622,0.0
4,新约能天使,开火成瘾症,阿斯卡纶+双月+海蒂,300,6643,0.622,6.0
4,新约能天使,开火成瘾症,予愿安洁莉娜+双月+海蒂,300,6643,0.622,6.0
4,新约能天使,开火成瘾症,泥岩+双月+海蒂,300,6643,0.622,6.0
4,新约能天使,开火成瘾症,极境+双月+海蒂,300,6643,0.622,6.0
4,新约能天使,开火成瘾症,和弦+双月+海蒂,300,6643,0.622,6.0
4,新约能天使,开火成瘾症,夜魔+双月+海蒂,300,6643,0.622,6.0
4,新约能天使,开火成瘾症,烛煌+双月+海蒂,300,6643,0.622,7.5
4,新约能天使,开火成瘾症,双月+海蒂+空,300,6643,0.622,0.0
4,灵知,失温症,初雪+濯尘芙蓉+铃兰,300,6643,0.68,4.5
4,灵知,失温症,巫恋+濯尘芙蓉+铃兰,300,6643,0.68,4.5
4,能天使,扫射模式,初雪+濯尘芙蓉+华法琳,300,6640,1.63,4.5
4,能天使,扫射模式,巫恋+濯尘芙蓉+华法琳,300,6640,1.63,4.5
4,能天使,扫射模式,华法琳+铃兰+双月,300,6640,1.63,0.0
4,重岳,拂尘,初雪+灵知+空,300,6639,1.241,0.0
4,重岳,拂尘,巫恋+灵知+空,300,6639,1.241,0.0
4,真言,无言为真,华法琳+双月+浊心斯卡蒂,300,6638,1.273,0.0
4,涤火杰西卡,掩蔽护卫,灵知+双月+海蒂,300,6638,1.305,0.0
4,真言,意识联协,凛御银灰+濯尘芙蓉+空,300,6637,0.577,12.0
3,烛煌,众恶的焚场,濯尘芙蓉+华法琳,300,6637,0.725,4.5
4,烛煌,众恶的焚场,濯尘芙蓉+华法琳+阿斯卡纶,300,6637,0.725,10.5
4,烛煌,众恶的焚场,濯尘芙蓉+华法琳+予愿安洁莉娜,300,6637,0.725,10.5
4,烛煌,众恶的焚场,濯尘芙蓉+华法琳+泥岩,300,6637,0.725,10.5
4,烛煌,众恶的焚场,濯尘芙蓉+华法琳+极境,300,6637,0.725,10.5
4,烛煌,众恶的焚场,濯尘芙蓉+华法琳+和弦,300,6637,0.725,10.5
4,烛煌,众恶的焚场,濯尘芙蓉+华法琳+夜魔,300,6637,0.725,10.5
3,百炼嘉维尔,丛林之魂,华法琳+空,300,6635,0.917,0.0
4,百炼嘉维尔,丛林之魂,华法琳+阿斯卡纶+空,300,6635,0.917,6.0
4,百炼嘉维尔,丛林之魂,华法琳+予愿安洁莉娜+空,300,6635,0.917,6.0
4,百炼嘉维尔,丛林之魂,华法琳+泥岩+空,300,6635,0.917,6.0
4,百炼嘉维尔,丛林之魂,华法琳+极境+空,300,6635,0.917,6.0
4,百炼嘉维尔,丛林之魂,华法琳+和弦+空,300,6635,0.917,6.0
4,百炼嘉维尔,丛林之魂,华法琳+夜魔+空,300,6635,0.917,6.0
4,百炼嘉维尔,丛林之魂,华法琳+烛煌+空,300,6635,0.917,7.5
4,新约能天使,开火成瘾症,濯尘芙蓉+灵知+铃兰,300,6633,0.62,4.5
4,忍冬,隐狐之艺,凛御银灰+灵知+空,300,6633,1.275,7.5
4,忍冬,隐狐之艺,濯尘芙蓉+华法琳+铃兰,300,6632,1.274,4.5
4,真言,无言为真,华法琳+双月+海蒂,300,6630,1.27,0.0
4,真言,意识联协,濯尘芙蓉+华法琳+空,300,6628,0.575,4.5
4,涤火杰西卡,掩蔽护卫,灵知+铃兰+空,300,6627,1.302,0.0
4,百炼嘉维尔,丛林之魂,凛御银灰+双月+空,300,6627,0.914,7.5
3,真言,意识联协,凛御银灰+华法琳,300,6626,0.575,7.5
4,真言,意识联协,凛御银灰+华法琳+阿斯卡纶,300,6626,0.575,13.5
4,真言,意识联协,凛御银灰+华法琳+予愿安洁莉娜,300,6626,0.575,13.5
4,真言,意识联协,凛御银灰+华法琳+泥岩,300,6626,0.575,13.5
4,真言,意识联协,凛御银灰+华法琳+极境,300,6626,0.575,13.5
4,真言,意识联协,凛御银灰+华法琳+和弦,300,6626,0.575,13.5
4,真言,意识联协,凛御银灰+华法琳+夜魔,300,6626,0.575,13.5
4,真言,意识联协,凛御银灰+华法琳+烛煌,300,6626,0.575,15.0
4,予愿安洁莉娜,酸橙的心事,初雪+巫恋+华法琳,1200,6626,1.867,0.0
4,涤火杰西卡,饱和迸射,初雪+灵知+铃兰,300,6625,0.83,0.0
4,涤火杰西卡,饱和迸射,巫恋+灵知+铃兰,300,6625,0.83,0.0
4,重岳,拂尘,初雪+凛御银灰+浊心斯卡蒂,300,6624,1.236,7.5
4,重岳,拂尘,巫恋+凛御银灰+浊心斯卡蒂,300,6624,1.236,7.5
4,真言,无言为真,凛御银灰+华法琳+双月,300,6624,1.268,7.5
4,圣聆初雪,群山俯首,初雪+巫恋+华法琳,300,6624,1.556,0.0
4,可露希尔,Q.E.D.,初雪+灵知+华法琳,300,6624,1.673,0.0
4,可露希尔,Q.E.D.,巫恋+灵知+华法琳,300,6624,1.673,0.0
4,佩佩,阻遏混乱锤,灵知+华法琳+浊心斯卡蒂,300,6624,1.248,0.0
4,百炼嘉维尔,丛林之魂,初雪+巫恋+凛御银灰,300,6622,0.913,7.5
4,重岳,拂尘,濯尘芙蓉+华法琳+空,300,6621,1.235,4.5
4,佩佩,阻遏混乱锤,灵知+华法琳+海蒂,300,6620,1.247,0.0
4,涤火杰西卡,掩蔽护卫,凛御银灰+铃兰+浊心斯卡蒂,300,6619,1.299,7.5
4,烛煌,众恶的焚场,初雪+濯尘芙蓉+灵知,300,6619,0.72,4.5
4,烛煌,众恶的焚场,巫恋+濯尘芙蓉+灵知,300,6619,0.72,4.5
4,烛煌,众恶的焚场,灵知+铃兰+双月,300,6619,0.72,0.0
4,予愿安洁莉娜,重力自定义,凛御银灰+灵知+华法琳,300,6617,1.345,7.5
3,涤火杰西卡,掩蔽护卫,初雪+华法琳,300,6615,1.298,0.0
3,涤火杰西卡,掩蔽护卫,巫恋+华法琳,300,6615,1.298,0.0
4,涤火杰西卡,掩蔽护卫,初雪+华法琳+阿斯卡纶,300,6615,1.298,6.0
4,涤火杰西卡,掩蔽护卫,初雪+华法琳+予愿安洁莉娜,300,6615,1.298,6.0
4,涤火杰西卡,掩蔽护卫,初雪+华法琳+泥岩,300,6615,1.298,6.0
4,涤火杰西卡,掩蔽护卫,初雪+华法琳+极境,300,6615,1.298,6.0
4,涤火杰西卡,掩蔽护卫,初雪+华法琳+和弦,300,6615,1.298,6.0
4,涤火杰西卡,掩蔽护卫,初雪+华法琳+夜魔,300,6615,1.298,6.0
4,涤火杰西卡,掩蔽护卫,初雪+华法琳+烛煌,300,6615,1.298,7.5
4,涤火杰西卡,掩蔽护卫,巫恋+华法琳+阿斯卡纶,300,6615,1.298,6.0
4,涤火杰西卡,掩蔽护卫,巫恋+华法琳+予愿安洁莉娜,300,6615,1.298,6.0
4,涤火杰西卡,掩蔽护卫,巫恋+华法琳+泥岩,300,6615,1.298,6.0
4,涤火杰西卡,掩蔽护卫,巫恋+华法琳+极境,300,6615,1.298,6.0
4,涤火杰西卡,掩蔽护卫,巫恋+华法琳+和弦,300,6615,1.298,6.0
4,涤火杰西卡,掩蔽护卫,巫恋+华法琳+夜魔,300,6615,1.298,6.0
4,涤火杰西卡,掩蔽护卫,巫恋+华法琳+烛煌,300,6615,1.298,7.5
4,重岳,拂尘,初雪+凛御银灰+海蒂,300,6612,1.232,7.5
4,重岳,拂尘,巫恋+凛御银灰+海蒂,300,6612,1.232,7.5
4,谬因,混沌的本质,华法琳+铃兰+浊心斯卡蒂,300,6609,1.129,0.0
4,艾拉,“博萨克风暴”,凛御银灰+双月+空,300,6609,1.108,7.5
4,真言,意识联协,濯尘芙蓉+铃兰+双月,300,6606,0.57,4.5
4,涤火杰西卡,掩蔽护卫,凛御银灰+铃兰+海蒂,300,6605,1.294,7.5
4,佩佩,阻遏混乱锤,灵知+华法琳+空,300,6605,1.242,0.0
3,新约能天使,开火成瘾症,双月+空,300,6604,0.613,0.0
4,新约能天使,开火成瘾症,阿斯卡纶+双月+空,300,6604,0.613,6.0
4,新约能天使,开火成瘾症,予愿安洁莉娜+双月+空,300,6604,0.613,6.0
4,新约能天使,开火成瘾症,泥岩+双月+空,300,6604,0.613,6.0
4,新约能天使,开火成瘾症,极境+双月+空,300,6604,0.613,6.0
4,新约能天使,开火成瘾症,和弦+双月+空,300,6604,0.613,6.0
4,新约能天使,开火成瘾症,夜魔+双月+空,300,6604,0.613,6.0
4,新约能天使,开火成瘾症,烛煌+双月+空,300,6604,0.613,7.5
4,谬因,混沌的本质,华法琳+铃兰+海蒂,300,6604,1.127,0.0
4,真言,无言为真,华法琳+双月+空,300,6604,1.261,0.0
4,灵知,失温症,初雪+濯尘芙蓉+双月,300,6604,0.67,4.5
4,灵知,失温症,巫恋+濯尘芙蓉+双月,300,6604,0.67,4.5
4,领主·Sharp,沉默的爆发,初雪+濯尘芙蓉+华法琳,1200,6603,1.708,4.5
4,领主·Sharp,沉默的爆发,巫恋+濯尘芙蓉+华法琳,1200,6603,1.708,4.5
4,领主·Sharp,沉默的爆发,华法琳+铃兰+双月,1200,6603,1.708,0.0
4,忍冬,隐狐之艺,灵知+铃兰+浊心斯卡蒂,300,6601,1.263,0.0
4,能天使,扫射模式,初雪+巫恋+浊心斯卡蒂,300,6598,1.613,0.0
4,史尔特尔,黄昏,初雪+凛御银灰+华法琳,300,6596,1.515,7.5
4,史尔特尔,黄昏,巫恋+凛御银灰+华法琳,300,6596,1.515,7.5
4,百炼嘉维尔,丛林之魂,初雪+灵知+华法琳,1200,6594,2.32,0.0
4,百炼嘉维尔,丛林之魂,巫恋+灵知+华法琳,1200,6594,2.32,0.0
4,百炼嘉维尔,丛林之魂,灵知+华法琳+浊心斯卡蒂,1200,6593,2.319,0.0
4,新约能天使,开火成瘾症,濯尘芙蓉+灵知+双月,300,6592,0.61,4.5
4,涤火杰西卡,饱和迸射,初雪+灵知+双月,300,6589,0.82,0.0
4,涤火杰西卡,饱和迸射,巫恋+灵知+双月,300,6589,0.82,0.0
4,隐德来希,灵与欲的惜别,初雪+凛御银灰+华法琳,300,6588,1.594,7.5
4,隐德来希,灵与欲的惜别,巫恋+凛御银灰+华法琳,300,6588,1.594,7.5
4,谬因,混沌的本质,华法琳+铃兰+空,300,6587,1.122,0.0
4,忍冬,隐狐之艺,灵知+铃兰+海蒂,300,6587,1.259,0.0
4,百炼嘉维尔,丛林之魂,灵知+华法琳+海蒂,1200,6584,2.315,0.0
4,佩佩,时光震荡,凛御银灰+灵知+华法琳,300,6583,1.39,7.5
4,能天使,扫射模式,初雪+巫恋+海蒂,300,6583,1.607,0.0
4,忍冬,隐狐之艺,濯尘芙蓉+华法琳+双月,300,6583,1.257,4.5
4,涤火杰西卡,掩蔽护卫,灵知+双月+空,300,6582,1.286,0.0
2,新约能天使,开火成瘾症,华法琳,300,6576,0.606,0.0
3,新约能天使,开火成瘾症,华法琳+阿斯卡纶,300,6576,0.606,6.0
3,新约能天使,开火成瘾症,华法琳+予愿安洁莉娜,300,6576,0.606,6.0
3,新约能天使,开火成瘾症,华法琳+泥岩,300,6576,0.606,6.0
3,新约能天使,开火成瘾症,华法琳+极境,300,6576,0.606,6.0
3,新约能天使,开火成瘾症,华法琳+和弦,300,6576,0.606,6.0
3,新约能天使,开火成瘾症,华法琳+夜魔,300,6576,0.606,6.0
3,新约能天使,开火成瘾症,华法琳+烛煌,300,6576,0.606,7.5
4,新约能天使,开火成瘾症,华法琳+阿斯卡纶+予愿安洁莉娜,300,6576,0.606,12.0
4,新约能天使,开火成瘾症,华法琳+阿斯卡纶+泥岩,300,6576,0.606,12.0
4,新约能天使,开火成瘾症,华法琳+阿斯卡纶+极境,300,6576,0.606,12.0
4,新约能天使,开火成瘾症,华法琳+阿斯卡纶+和弦,300,6576,0.606,12.0
4,新约能天使,开火成瘾症,华法琳+阿斯卡纶+夜魔,300,6576,0.606,12.0
4,新约能天使,开火成瘾症,华法琳+阿斯卡纶+烛煌,300,6576,0.606,13.5
4,新约能天使,开火成瘾症,华法琳+予愿安洁莉娜+泥岩,300,6576,0.606,12.0
4,新约能天使,开火成瘾症,华法琳+予愿安洁莉娜+极境,300,6576,0.606,12.0
4,新约能天使,开火成瘾症,华法琳+予愿安洁莉娜+和弦,300,6576,0.606,12.0
4,新约能天使,开火成瘾症,华法琳+予愿安洁莉娜+夜魔,300,6576,0.606,12.0
4,新约能天使,开火成瘾症,华法琳+予愿安洁莉娜+烛煌,300,6576,0.606,13.5
4,新约能天使,开火成瘾症,华法琳+泥岩+极境,300,6576,0.606,12.0
4,新约能天使,开火成瘾症,华法琳+泥岩+和弦,300,6576,0.606,12.0
4,新约能天使,开火成瘾症,华法琳+泥岩+夜魔,300,6576,0.606,12.0
4,新约能天使,开火成瘾症,华法琳+泥岩+烛煌,300,6576,0.606,13.5
4,新约能天使,开火成瘾症,华法琳+极境+和弦,300,6576,0.606,12.0
4,新约能天使,开火成瘾症,华法琳+极境+夜魔,300,6576,0.606,12.0
4,新约能天使,开火成瘾症,华法琳+极境+烛煌,300,6576,0.606,13.5
4,新约能天使,开火成瘾症,华法琳+和弦+夜魔,300,6576,0.606,12.0
4,新约能天使,开火成瘾症,华法琳+和弦+烛煌,300,6576,0.606,13.5
4,新约能天使,开火成瘾症,华法琳+夜魔+烛煌,300,6576,0.606,13.5
4,涤火杰西卡,掩蔽护卫,凛御银灰+双月+浊心斯卡蒂,300,6575,1.284,7.5
4,领主·Sharp,沉默的爆发,初雪+凛御银灰+灵知,300,6573,0.853,7.5
4,领主·Sharp,沉默的爆发,巫恋+凛御银灰+灵知,300,6573,0.853,7.5
4,贝洛内,军师的手段,初雪+濯尘芙蓉+华法琳,300,6573,1.43,4.5
4,贝洛内,军师的手段,巫恋+濯尘芙蓉+华法琳,300,6573,1.43,4.5
4,贝洛内,军师的手段,华法琳+铃兰+双月,300,6573,1.43,0.0
4,百炼嘉维尔,丛林之魂,初雪+濯尘芙蓉+浊心斯卡蒂,300,6571,0.898,4.5
4,百炼嘉维尔,丛林之魂,巫恋+濯尘芙蓉+浊心斯卡蒂,300,6571,0.898,4.5
4,百炼嘉维尔,丛林之魂,铃兰+双月+浊心斯卡蒂,300,6571,0.898,0.0
4,重岳,拂尘,初雪+凛御银灰+空,300,6567,1.217,7.5
4,重岳,拂尘,巫恋+凛御银灰+空,300,6567,1.217,7.5
4,重岳,拂尘,濯尘芙蓉+灵知+华法琳,300,6567,1.217,4.5
4,艾拉,“博萨克风暴”,初雪+濯尘芙蓉+浊心斯卡蒂,300,6567,1.095,4.5
4,艾拉,“博萨克风暴”,巫恋+濯尘芙蓉+浊心斯卡蒂,300,6567,1.095,4.5
4,艾拉,“博萨克风暴”,铃兰+双月+浊心斯卡蒂,300,6567,1.095,0.0
3,真言,意识联协,初雪+铃兰,300,6564,0.56,0.0
3,真言,意识联协,巫恋+铃兰,300,6564,0.56,0.0
4,真言,意识联协,初雪+阿斯卡纶+铃兰,300,6564,0.56,6.0
4,真言,意识联协,初雪+予愿安洁莉娜+铃兰,300,6564,0.56,6.0
4,真言,意识联协,初雪+泥岩+铃兰,300,6564,0.56,6.0
4,真言,意识联协,初雪+极境+铃兰,300,6564,0.56,6.0
4,真言,意识联协,初雪+和弦+铃兰,300,6564,0.56,6.0
4,真言,意识联协,初雪+夜魔+铃兰,300,6564,0.56,6.0
4,真言,意识联协,初雪+铃兰+烛煌,300,6564,0.56,7.5
4,真言,意识联协,巫恋+阿斯卡纶+铃兰,300,6564,0.56,6.0
4,真言,意识联协,巫恋+予愿安洁莉娜+铃兰,300,6564,0.56,6.0
4,真言,意识联协,巫恋+泥岩+铃兰,300,6564,0.56,6.0
4,真言,意识联协,巫恋+极境+铃兰,300,6564,0.56,6.0
4,真言,意识联协,巫恋+和弦+铃兰,300,6564,0.56,6.0
4,真言,意识联协,巫恋+夜魔+铃兰,300,6564,0.56,6.0
4,真言,意识联协,巫恋+铃兰+烛煌,300,6564,0.56,7.5
3,灵知,失温症,初雪+巫恋,300,6564,0.66,0.0
4,灵知,失温症,初雪+巫恋+阿斯卡纶,300,6564,0.66,6.0
4,灵知,失温症,初雪+巫恋+予愿安洁莉娜,300,6564,0.66,6.0
4,灵知,失温症,初雪+巫恋+泥岩,300,6564,0.66,6.0
4,灵知,失温症,初雪+巫恋+极境,300,6564,0.66,6.0
4,灵知,失温症,初雪+巫恋+和弦,300,6564,0.66,6.0
4,灵知,失温症,初雪+巫恋+夜魔,300,6564,0.66,6.0
4,灵知,失温症,初雪+巫恋+烛煌,300,6564,0.66,7.5
4,新约能天使,开火成瘾症,初雪+巫恋+浊心斯卡蒂,1200,6563,1.53,0.0
4,谬因,混沌的本质,凛御银灰+濯尘芙蓉+华法琳,300,6563,1.114,12.0
3,涤火杰西卡,饱和迸射,灵知+浊心斯卡蒂,300,6563,0.813,0.0
4,涤火杰西卡,饱和迸射,灵知+阿斯卡纶+浊心斯卡蒂,300,6563,0.813,6.0
4,涤火杰西卡,饱和迸射,灵知+予愿安洁莉娜+浊心斯卡蒂,300,6563,0.813,6.0
4,涤火杰西卡,饱和迸射,灵知+泥岩+浊心斯卡蒂,300,6563,0.813,6.0
4,涤火杰西卡,饱和迸射,灵知+极境+浊心斯卡蒂,300,6563,0.813,6.0
4,涤火杰西卡,饱和迸射,灵知+和弦+浊心斯卡蒂,300,6563,0.813,6.0
4,涤火杰西卡,饱和迸射,灵知+夜魔+浊心斯卡蒂,300,6563,0.813,6.0
4,涤火杰西卡,饱和迸射,灵知+烛煌+浊心斯卡蒂,300,6563,0.813,7.5
4,涤火杰西卡,饱和迸射,灵知+浊心斯卡蒂+海蒂,300,6563,0.813,0.0
4,涤火杰西卡,饱和迸射,灵知+浊心斯卡蒂+空,300,6563,0.813,0.0
4,新约能天使,开火成瘾症,凛御银灰+濯尘芙蓉+铃兰,300,6562,0.603,12.0
4,涤火杰西卡,饱和迸射,初雪+凛御银灰+铃兰,300,6562,0.813,7.5
4,涤火杰西卡,饱和迸射,巫恋+凛御银灰+铃兰,300,6562,0.813,7.5
4,百炼嘉维尔,丛林之魂,初雪+濯尘芙蓉+海蒂,300,6562,0.895,4.5
4,百炼嘉维尔,丛林之魂,巫恋+濯尘芙蓉+海蒂,300,6562,0.895,4.5
4,百炼嘉维尔,丛林之魂,铃兰+双月+海蒂,300,6562,0.895,0.0
3,涤火杰西卡,饱和迸射,灵知+华法琳,1200,6560,1.102,0.0
4,涤火杰西卡,饱和迸射,灵知+华法琳+阿斯卡纶,1200,6560,1.102,6.0
4,涤火杰西卡,饱和迸射,灵知+华法琳+予愿安洁莉娜,1200,6560,1.102,6.0
4,涤火杰西卡,饱和迸射,灵知+华法琳+泥岩,1200,6560,1.102,6.0
4,涤火杰西卡,饱和迸射,灵知+华法琳+极境,1200,6560,1.102,6.0
4,涤火杰西卡,饱和迸射,灵知+华法琳+和弦,1200,6560,1.102,6.0
4,涤火杰西卡,饱和迸射,灵知+华法琳+夜魔,1200,6560,1.102,6.0
4,涤火杰西卡,饱和迸射,灵知+华法琳+烛煌,1200,6560,1.102,7.5
4,涤火杰西卡,掩蔽护卫,凛御银灰+双月+海蒂,300,6560,1.279,7.5
3,涤火杰西卡,掩蔽护卫,华法琳+浊心斯卡蒂,300,6559,1.278,0.0
4,涤火杰西卡,掩蔽护卫,华法琳+阿斯卡纶+浊心斯卡蒂,300,6559,1.278,6.0
4,涤火杰西卡,掩蔽护卫,华法琳+予愿安洁莉娜+浊心斯卡蒂,300,6559,1.278,6.0
4,涤火杰西卡,掩蔽护卫,华法琳+泥岩+浊心斯卡蒂,300,6559,1.278,6.0
4,涤火杰西卡,掩蔽护卫,华法琳+极境+浊心斯卡蒂,300,6559,1.278,6.0
4,涤火杰西卡,掩蔽护卫,华法琳+和弦+浊心斯卡蒂,300,6559,1.278,6.0
4,涤火杰西卡,掩蔽护卫,华法琳+夜魔+浊心斯卡蒂,300,6559,1.278,6.0
4,涤火杰西卡,掩蔽护卫,华法琳+烛煌+浊心斯卡蒂,300,6559,1.278,7.5
4,涤火杰西卡,掩蔽护卫,华法琳+浊心斯卡蒂+海蒂,300,6559,1.278,0.0
4,涤火杰西卡,掩蔽护卫,华法琳+浊心斯卡蒂+空,300,6559,1.278,0.0
4,忍冬,隐狐之艺,灵知+双月+浊心斯卡蒂,300,6557,1.248,0.0
4,谬因,混沌的本质,华法琳+双月+浊心斯卡蒂,300,6555,1.111,0.0
4,真言,意识联协,濯尘芙蓉+铃兰+浊心斯卡蒂,300,6554,0.558,4.5
4,艾拉,“博萨克风暴”,初雪+濯尘芙蓉+海蒂,300,6554,1.091,4.5
4,艾拉,“博萨克风暴”,巫恋+濯尘芙蓉+海蒂,300,6554,1.091,4.5
4,艾拉,“博萨克风暴”,铃兰+双月+海蒂,300,6554,1.091,0.0
4,百炼嘉维尔,丛林之魂,灵知+华法琳+空,1200,6553,2.299,0.0
4,可露希尔,Q.E.D.,初雪+凛御银灰+华法琳,300,6552,1.644,7.5
4,可露希尔,Q.E.D.,巫恋+凛御银灰+华法琳,300,6552,1.644,7.5
4,烛煌,众恶的焚场,初雪+凛御银灰+濯尘芙蓉,300,6552,0.703,12.0
4,烛煌,众恶的焚场,巫恋+凛御银灰+濯尘芙蓉,300,6552,0.703,12.0
4,烛煌,众恶的焚场,凛御银灰+铃兰+双月,300,6552,0.703,7.5
3,新约能天使,开火成瘾症,初雪+灵知,300,6551,0.6,0.0
3,新约能天使,开火成瘾症,巫恋+灵知,300,6551,0.6,0.0
4,新约能天使,开火成瘾症,初雪+灵知+阿斯卡纶,300,6551,0.6,6.0
4,新约能天使,开火成瘾症,初雪+灵知+予愿安洁莉娜,300,6551,0.6,6.0
4,新约能天使,开火成瘾症,初雪+灵知+泥岩,300,6551,0.6,6.0
4,新约能天使,开火成瘾症,初雪+灵知+极境,300,6551,0.6,6.0
4,新约能天使,开火成瘾症,初雪+灵知+和弦,300,6551,0.6,6.0
4,新约能天使,开火成瘾症,初雪+灵知+夜魔,300,6551,0.6,6.0
4,新约能天使,开火成瘾症,初雪+灵知+烛煌,300,6551,0.6,7.5
4,新约能天使,开火成瘾症,巫恋+灵知+阿斯卡纶,300,6551,0.6,6.0
4,新约能天使,开火成瘾症,巫恋+灵知+予愿安洁莉娜,300,6551,0.6,6.0
4,新约能天使,开火成瘾症,巫恋+灵知+泥岩,300,6551,0.6,6.0
4,新约能天使,开火成瘾症,巫恋+灵知+极境,300,6551,0.6,6.0
4,新约能天使,开火成瘾症,巫恋+灵知+和弦,300,6551,0.6,6.0
4,新约能天使,开火成瘾症,巫恋+灵知+夜魔,300,6551,0.6,6.0
4,新约能天使,开火成瘾症,巫恋+灵知+烛煌,300,6551,0.6,7.5
4,谬因,混沌的本质,华法琳+双月+海蒂,300,6551,1.11,0.0
4,予愿安洁莉娜,重力自定义,灵知+华法琳+浊心斯卡蒂,300,6551,1.321,0.0
3,涤火杰西卡,饱和迸射,灵知+海蒂,300,6551,0.81,0.0
4,涤火杰西卡,饱和迸射,灵知+阿斯卡纶+海蒂,300,6551,0.81,6.0
4,涤火杰西卡,饱和迸射,灵知+予愿安洁莉娜+海蒂,300,6551,0.81,6.0
4,涤火杰西卡,饱和迸射,灵知+泥岩+海蒂,300,6551,0.81,6.0
4,涤火杰西卡,饱和迸射,灵知+极境+海蒂,300,6551,0.81,6.0
4,涤火杰西卡,饱和迸射,灵知+和弦+海蒂,300,6551,0.81,6.0
4,涤火杰西卡,饱和迸射,灵知+夜魔+海蒂,300,6551,0.81,6.0
4,涤火杰西卡,饱和迸射,灵知+烛煌+海蒂,300,6551,0.81,7.5
4,涤火杰西卡,饱和迸射,灵知+海蒂+空,300,6551,0.81,0.0
3,涤火杰西卡,掩蔽护卫,华法琳+海蒂,300,6550,1.275,0.0
4,涤火杰西卡,掩蔽护卫,凛御银灰+铃兰+空,300,6550,1.275,7.5
4,涤火杰西卡,掩蔽护卫,华法琳+阿斯卡纶+海蒂,300,6550,1.275,6.0
4,涤火杰西卡,掩蔽护卫,华法琳+予愿安洁莉娜+海蒂,300,6550,1.275,6.0
4,涤火杰西卡,掩蔽护卫,华法琳+泥岩+海蒂,300,6550,1.275,6.0
4,涤火杰西卡,掩蔽护卫,华法琳+极境+海蒂,300,6550,1.275,6.0
4,涤火杰西卡,掩蔽护卫,华法琳+和弦+海蒂,300,6550,1.275,6.0
4,涤火杰西卡,掩蔽护卫,华法琳+夜魔+海蒂,300,6550,1.275,6.0
4,涤火杰西卡,掩蔽护卫,华法琳+烛煌+海蒂,300,6550,1.275,7.5
4,涤火杰西卡,掩蔽护卫,华法琳+海蒂+空,300,6550,1.275,0.0
4,新约能天使,开火成瘾症,初雪+巫恋+海蒂,1200,6549,1.524,0.0
4,真言,意识联协,濯尘芙蓉+铃兰+海蒂,300,6548,0.556,4.5
3,艾拉,“博萨克风暴”,华法琳+浊心斯卡蒂,300,6546,1.088,0.0
4,艾拉,“博萨克风暴”,华法琳+阿斯卡纶+浊心斯卡蒂,300,6546,1.088,6.0
4,艾拉,“博萨克风暴”,华法琳+予愿安洁莉娜+浊心斯卡蒂,300,6546,1.088,6.0
4,艾拉,“博萨克风暴”,华法琳+泥岩+浊心斯卡蒂,300,6546,1.088,6.0
4,艾拉,“博萨克风暴”,华法琳+极境+浊心斯卡蒂,300,6546,1.088,6.0
4,艾拉,“博萨克风暴”,华法琳+和弦+浊心斯卡蒂,300,6546,1.088,6.0
4,艾拉,“博萨克风暴”,华法琳+夜魔+浊心斯卡蒂,300,6546,1.088,6.0
4,艾拉,“博萨克风暴”,华法琳+烛煌+浊心斯卡蒂,300,6546,1.088,7.5
4,艾拉,“博萨克风暴”,华法琳+浊心斯卡蒂+海蒂,300,6546,1.088,0.0
4,艾拉,“博萨克风暴”,华法琳+浊心斯卡蒂+空,300,6546,1.088,0.0
4,予愿安洁莉娜,重力自定义,灵知+华法琳+海蒂,300,6544,1.319,0.0
4,隐德来希,灵与欲的惜别,灵知+华法琳+浊心斯卡蒂,300,6544,1.576,0.0
4,百炼嘉维尔,丛林之魂,初雪+巫恋+铃兰,300,6543,0.89,0.0
4,忍冬,隐狐之艺,灵知+双月+海蒂,300,6543,1.243,0.0
3,艾拉,“博萨克风暴”,灵知+华法琳,300,6542,1.087,0.0
4,艾拉,“博萨克风暴”,灵知+华法琳+阿斯卡纶,300,6542,1.087,6.0
4,艾拉,“博萨克风暴”,灵知+华法琳+予愿安洁莉娜,300,6542,1.087,6.0
4,艾拉,“博萨克风暴”,灵知+华法琳+泥岩,300,6542,1.087,6.0
4,艾拉,“博萨克风暴”,灵知+华法琳+极境,300,6542,1.087,6.0
4,艾拉,“博萨克风暴”,灵知+华法琳+和弦,300,6542,1.087,6.0
4,艾拉,“博萨克风暴”,灵知+华法琳+夜魔,300,6542,1.087,6.0
4,艾拉,“博萨克风暴”,灵知+华法琳+烛煌,300,6542,1.087,7.5
4,贝洛内,军师的手段,初雪+巫恋+浊心斯卡蒂,300,6540,1.418,0.0
3,艾拉,“博萨克风暴”,华法琳+海蒂,300,6537,1.085,0.0
4,艾拉,“博萨克风暴”,华法琳+阿斯卡纶+海蒂,300,6537,1.085,6.0
4,艾拉,“博萨克风暴”,华法琳+予愿安洁莉娜+海蒂,300,6537,1.085,6.0
4,艾拉,“博萨克风暴”,华法琳+泥岩+海蒂,300,6537,1.085,6.0
4,艾拉,“博萨克风暴”,华法琳+极境+海蒂,300,6537,1.085,6.0
4,艾拉,“博萨克风暴”,华法琳+和弦+海蒂,300,6537,1.085,6.0
4,艾拉,“博萨克风暴”,华法琳+夜魔+海蒂,300,6537,1.085,6.0
4,艾拉,“博萨克风暴”,华法琳+烛煌+海蒂,300,6537,1.085,7.5
4,艾拉,“博萨克风暴”,华法琳+海蒂+空,300,6537,1.085,0.0
4,能天使,过载模式,濯尘芙蓉+灵知+浊心斯卡蒂,300,6536,1.247,4.5
4,隐德来希,灵与欲的惜别,灵知+华法琳+海蒂,300,6536,1.573,0.0
4,忍冬,隐狐之艺,灵知+铃兰+空,300,6535,1.241,0.0
4,谬因,混沌的本质,华法琳+双月+空,300,6534,1.105,0.0
4,佩佩,阻遏混乱锤,凛御银灰+华法琳+浊心斯卡蒂,300,6534,1.217,7.5
3,忍冬,隐狐之艺,初雪+华法琳,300,6534,1.24,0.0
3,忍冬,隐狐之艺,巫恋+华法琳,300,6534,1.24,0.0
4,忍冬,隐狐之艺,初雪+华法琳+阿斯卡纶,300,6534,1.24,6.0
4,忍冬,隐狐之艺,初雪+华法琳+予愿安洁莉娜,300,6534,1.24,6.0
4,忍冬,隐狐之艺,初雪+华法琳+泥岩,300,6534,1.24,6.0
4,忍冬,隐狐之艺,初雪+华法琳+极境,300,6534,1.24,6.0
4,忍冬,隐狐之艺,初雪+华法琳+和弦,300,6534,1.24,6.0
4,忍冬,隐狐之艺,初雪+华法琳+夜魔,300,6534,1.24,6.0
4,忍冬,隐狐之艺,初雪+华法琳+烛煌,300,6534,1.24,7.5
4,忍冬,隐狐之艺,巫恋+华法琳+阿斯卡纶,300,6534,1.24,6.0
4,忍冬,隐狐之艺,巫恋+华法琳+予愿安洁莉娜,300,6534,1.24,6.0
4,忍冬,隐狐之艺,巫恋+华法琳+泥岩,300,6534,1.24,6.0
4,忍冬,隐狐之艺,巫恋+华法琳+极境,300,6534,1.24,6.0
4,忍冬,隐狐之艺,巫恋+华法琳+和弦,300,6534,1.24,6.0
4,忍冬,隐狐之艺,巫恋+华法琳+夜魔,300,6534,1.24,6.0
4,忍冬,隐狐之艺,巫恋+华法琳+烛煌,300,6534,1.24,7.5
4,佩佩,阻遏混乱锤,濯尘芙蓉+灵知+华法琳,300,6533,1.217,4.5
4,重岳,拂尘,初雪+铃兰+浊心斯卡蒂,300,6530,1.204,0.0
4,重岳,拂尘,巫恋+铃兰+浊心斯卡蒂,300,6530,1.204,0.0
4,佩佩,阻遏混乱锤,凛御银灰+华法琳+海蒂,300,6530,1.216,7.5
4,真言,意识联协,濯尘芙蓉+铃兰+空,300,6528,0.551,4.5
4,贝洛内,军师的手段,初雪+巫恋+海蒂,300,6528,1.414,0.0
4,涤火杰西卡,饱和迸射,初雪+凛御银灰+双月,300,6526,0.803,7.5
4,涤火杰西卡,饱和迸射,巫恋+凛御银灰+双月,300,6526,0.803,7.5
4,能天使,扫射模式,初雪+巫恋+空,300,6526,1.585,0.0
4,百炼嘉维尔,丛林之魂,初雪+濯尘芙蓉+空,300,6525,0.885,4.5
4,百炼嘉维尔,丛林之魂,巫恋+濯尘芙蓉+空,300,6525,0.885,4.5
4,百炼嘉维尔,丛林之魂,铃兰+双月+空,300,6525,0.885,0.0
4,忍冬,隐狐之艺,凛御银灰+铃兰+浊心斯卡蒂,300,6524,1.237,7.5
4,百炼嘉维尔,丛林之魂,初雪+凛御银灰+华法琳,1200,6523,2.284,7.5
4,百炼嘉维尔,丛林之魂,巫恋+凛御银灰+华法琳,1200,6523,2.284,7.5
3,真言,意识联协,初雪+双月,300,6522,0.55,0.0
3,真言,意识联协,巫恋+双月,300,6522,0.55,0.0
4,真言,意识联协,初雪+阿斯卡纶+双月,300,6522,0.55,6.0
4,真言,意识联协,初雪+予愿安洁莉娜+双月,300,6522,0.55,6.0
4,真言,意识联协,初雪+泥岩+双月,300,6522,0.55,6.0
4,真言,意识联协,初雪+极境+双月,300,6522,0.55,6.0
4,真言,意识联协,初雪+和弦+双月,300,6522,0.55,6.0
4,真言,意识联协,初雪+夜魔+双月,300,6522,0.55,6.0
4,真言,意识联协,初雪+烛煌+双月,300,6522,0.55,7.5
4,真言,意识联协,巫恋+阿斯卡纶+双月,300,6522,0.55,6.0
4,真言,意识联协,巫恋+予愿安洁莉娜+双月,300,6522,0.55,6.0
