value,winner,skill,dps
0,重岳,冲盈,8700.0
1,重岳,冲盈,8697.0
2,重岳,冲盈,8694.0
3,重岳,冲盈,8691.0
4,重岳,冲盈,8688.0
5,重岳,冲盈,8685.0
6,重岳,冲盈,8682.0
7,重岳,冲盈,8679.0
8,重岳,冲盈,8676.0
9,重岳,冲盈,8673.0
10,重岳,冲盈,8670.0
11,重岳,冲盈,8667.0
12,重岳,冲盈,8664.0
13,重岳,冲盈,8661.0
14,重岳,冲盈,8658.0
15,重岳,冲盈,8655.0
16,重岳,冲盈,8652.0
17,重岳,冲盈,8649.0
18,重岳,冲盈,8646.0
19,重岳,冲盈,8643.0
20,重岳,冲盈,8640.0
21,重岳,冲盈,8637.0
22,重岳,冲盈,8634.0
23,重岳,冲盈,8631.0
24,重岳,冲盈,8628.0
25,重岳,冲盈,8625.0
26,重岳,冲盈,8622.0
27,重岳,冲盈,8619.0
28,重岳,冲盈,8616.0
29,重岳,冲盈,8613.0
30,重岳,冲盈,8610.0
31,重岳,冲盈,8607.0
32,重岳,冲盈,8604.0
33,重岳,冲盈,8601.0
34,重岳,冲盈,8598.0
35,重岳,冲盈,8595.0
36,重岳,冲盈,8592.0
37,重岳,冲盈,8589.0
38,重岳,冲盈,8586.0
39,重岳,冲盈,8583.0
40,重岳,冲盈,8580.0
41,重岳,冲盈,8577.0
42,重岳,冲盈,8574.0
43,重岳,冲盈,8571.0
44,重岳,冲盈,8568.0
45,重岳,冲盈,8565.0
46,重岳,冲盈,8562.0
47,重岳,冲盈,8559.0
48,重岳,冲盈,8556.0
49,重岳,冲盈,8553.0
50,重岳,冲盈,8550.0
51,重岳,冲盈,8547.0
52,重岳,冲盈,8544.0
53,重岳,冲盈,8541.0
54,重岳,冲盈,8538.0
55,重岳,冲盈,8535.0
56,重岳,冲盈,8532.0
57,重岳,冲盈,8529.0
58,重岳,冲盈,8526.0
59,重岳,冲盈,8523.0
60,重岳,冲盈,8520.0
61,重岳,冲盈,8517.0
62,重岳,冲盈,8514.0
63,重岳,冲盈,8511.0
64,重岳,冲盈,8508.0
65,重岳,冲盈,8505.0
66,重岳,冲盈,8502.0
67,重岳,冲盈,8499.0
68,重岳,冲盈,8496.0
69,重岳,冲盈,8493.0
70,重岳,冲盈,8490.0
71,重岳,冲盈,8487.0
72,重岳,冲盈,8484.0
73,重岳,冲盈,8481.0
74,重岳,冲盈,8478.0
75,重岳,冲盈,8475.0
76,重岳,冲盈,8472.0
77,重岳,冲盈,8469.0
78,重岳,冲盈,8466.0
79,重岳,冲盈,8463.0
80,重岳,冲盈,8460.0
81,重岳,冲盈,8457.0
82,重岳,冲盈,8454.0
83,重岳,冲盈,8451.0
84,重岳,冲盈,8448.0
85,重岳,冲盈,8445.0
86,重岳,冲盈,8442.0
87,重岳,冲盈,8439.0
88,重岳,冲盈,8436.0
89,重岳,冲盈,8433.0
90,重岳,冲盈,8430.0
91,重岳,冲盈,8427.0
92,重岳,冲盈,8424.0
93,重岳,冲盈,8421.0
94,重岳,冲盈,8418.0
95,重岳,冲盈,8415.0
96,重岳,冲盈,8412.0
97,重岳,冲盈,8409.0
98,重岳,冲盈,8406.0
99,重岳,冲盈,8403.0
100,重岳,冲盈,8400.0
101,重岳,冲盈,8397.0
102,重岳,冲盈,8394.0
103,重岳,冲盈,8391.0
104,重岳,冲盈,8388.0
105,重岳,冲盈,8385.0
106,重岳,冲盈,8382.0
107,重岳,冲盈,8379.0
108,重岳,冲盈,8376.0
109,重岳,冲盈,8373.0
110,重岳,冲盈,8370.0
111,重岳,冲盈,8367.0
112,重岳,冲盈,8364.0
113,重岳,冲盈,8361.0
114,重岳,冲盈,8358.0
115,重岳,冲盈,8355.0
116,重岳,冲盈,8352.0
117,重岳,冲盈,8349.0
118,重岳,冲盈,8346.0
119,重岳,冲盈,8343.0
120,重岳,冲盈,8340.0
121,重岳,冲盈,8337.0
122,重岳,冲盈,8334.0
123,重岳,冲盈,8331.0
124,重岳,冲盈,8328.0
125,重岳,冲盈,8325.0
126,重岳,冲盈,8322.0
127,重岳,冲盈,8319.0
128,重岳,冲盈,8316.0
129,重岳,冲盈,8313.0
130,重岳,冲盈,8310.0
131,重岳,冲盈,8307.0
132,重岳,冲盈,8304.0
133,重岳,冲盈,8301.0
134,重岳,冲盈,8298.0
135,重岳,冲盈,8295.0
136,重岳,冲盈,8292.0
137,重岳,冲盈,8289.0
138,重岳,冲盈,8286.0
139,重岳,冲盈,8283.0
140,重岳,冲盈,8280.0
141,重岳,冲盈,8277.0
142,重岳,冲盈,8274.0
143,重岳,冲盈,8271.0
144,重岳,冲盈,8268.0
145,重岳,冲盈,8265.0
146,重岳,冲盈,8262.0
147,重岳,冲盈,8259.0
148,重岳,冲盈,8256.0
149,重岳,冲盈,8253.0
150,重岳,冲盈,8250.0
151,重岳,冲盈,8247.0
152,重岳,冲盈,8244.0
153,重岳,冲盈,8241.0
154,重岳,冲盈,8238.0
155,重岳,冲盈,8235.0
156,重岳,冲盈,8232.0
157,重岳,冲盈,8229.0
158,重岳,冲盈,8226.0
159,重岳,冲盈,8223.0
160,重岳,冲盈,8220.0
161,重岳,冲盈,8217.0
162,重岳,冲盈,8214.0
163,重岳,冲盈,8211.0
164,重岳,冲盈,8208.0
165,重岳,冲盈,8205.0
166,重岳,冲盈,8202.0
167,重岳,冲盈,8199.0
168,重岳,冲盈,8196.0
169,重岳,冲盈,8193.0
170,重岳,冲盈,8190.0
171,重岳,冲盈,8187.0
172,重岳,冲盈,8184.0
173,重岳,冲盈,8181.0
174,重岳,冲盈,8178.0
175,重岳,冲盈,8175.0
176,重岳,冲盈,8172.0
177,重岳,冲盈,8169.0
178,重岳,冲盈,8166.0
179,重岳,冲盈,8163.0
180,重岳,冲盈,8160.0
181,重岳,冲盈,8157.0
182,重岳,冲盈,8154.0
183,重岳,冲盈,8151.0
184,重岳,冲盈,8148.0
185,重岳,冲盈,8145.0
186,重岳,冲盈,8142.0
187,重岳,冲盈,8139.0
188,重岳,冲盈,8136.0
189,重岳,冲盈,8133.0
190,重岳,冲盈,8130.0
191,重岳,冲盈,8127.0
192,重岳,冲盈,8124.0
193,重岳,冲盈,8121.0
194,重岳,冲盈,8118.0
195,重岳,冲盈,8115.0
196,重岳,冲盈,8112.0
197,重岳,冲盈,8109.0
198,重岳,冲盈,8106.0
199,重岳,冲盈,8103.0
200,重岳,冲盈,8100.0
201,重岳,冲盈,8097.0
202,重岳,冲盈,8094.0
203,重岳,冲盈,8091.0
204,重岳,冲盈,8088.0
205,重岳,冲盈,8085.0
206,重岳,冲盈,8082.0
207,重岳,冲盈,8079.0
208,重岳,冲盈,8076.0
209,重岳,冲盈,8073.0
210,重岳,冲盈,8070.0
211,重岳,冲盈,8067.0
212,重岳,冲盈,8064.0
213,重岳,冲盈,8061.0
214,重岳,冲盈,8058.0
215,重岳,冲盈,8055.0
216,重岳,冲盈,8052.0
217,重岳,冲盈,8049.0
218,重岳,冲盈,8046.0
219,重岳,冲盈,8043.0
220,重岳,冲盈,8040.0
221,重岳,冲盈,8037.0
222,重岳,冲盈,8034.0
223,重岳,冲盈,8031.0
224,重岳,冲盈,8028.0
225,重岳,冲盈,8025.0
226,重岳,冲盈,8022.0
227,重岳,冲盈,8019.0
228,重岳,冲盈,8016.0
229,重岳,冲盈,8013.0
230,重岳,冲盈,8010.0
231,重岳,冲盈,8007.0
232,重岳,冲盈,8004.0
233,重岳,冲盈,8001.0
234,重岳,冲盈,7998.0
235,重岳,冲盈,7995.0
236,重岳,冲盈,7992.0
237,重岳,冲盈,7989.0
238,重岳,冲盈,7986.0
239,重岳,冲盈,7983.0
240,重岳,冲盈,7980.0
241,重岳,冲盈,7977.0
242,重岳,冲盈,7974.0
243,重岳,冲盈,7971.0
244,重岳,冲盈,7968.0
245,重岳,冲盈,7965.0
246,重岳,冲盈,7962.0
247,重岳,冲盈,7959.0
248,重岳,冲盈,7956.0
249,重岳,冲盈,7953.0
250,重岳,冲盈,7950.0
251,重岳,冲盈,7947.0
252,重岳,冲盈,7944.0
253,重岳,冲盈,7941.0
254,重岳,冲盈,7938.0
255,重岳,冲盈,7935.0
256,重岳,冲盈,7932.0
257,重岳,冲盈,7929.0
258,重岳,冲盈,7926.0
259,重岳,冲盈,7923.0
260,重岳,冲盈,7920.0
261,重岳,冲盈,7917.0
262,重岳,冲盈,7914.0
263,重岳,冲盈,7911.0
264,重岳,冲盈,7908.0
265,重岳,冲盈,7905.0
266,重岳,冲盈,7902.0
267,重岳,冲盈,7899.0
268,重岳,冲盈,7896.0
269,重岳,冲盈,7893.0
270,重岳,冲盈,7890.0
271,重岳,冲盈,7887.0
272,重岳,冲盈,7884.0
273,重岳,冲盈,7881.0
274,重岳,冲盈,7878.0
275,重岳,冲盈,7875.0
276,重岳,冲盈,7872.0
277,重岳,冲盈,7869.0
278,重岳,冲盈,7866.0
279,重岳,冲盈,7863.0
280,重岳,冲盈,7860.0
281,重岳,冲盈,7857.0
282,重岳,冲盈,7854.0
283,重岳,冲盈,7851.0
284,重岳,冲盈,7848.0
285,重岳,冲盈,7845.0
286,重岳,冲盈,7842.0
287,重岳,冲盈,7839.0
288,重岳,冲盈,7836.0
289,重岳,冲盈,7833.0
290,重岳,冲盈,7830.0
291,重岳,冲盈,7827.0
292,重岳,冲盈,7824.0
293,重岳,冲盈,7821.0
294,重岳,冲盈,7818.0
295,重岳,冲盈,7815.0
296,重岳,冲盈,7812.0
297,重岳,冲盈,7809.0
298,重岳,冲盈,7806.0
299,重岳,冲盈,7803.0
300,重岳,冲盈,7800.0
301,重岳,冲盈,7797.0
302,重岳,冲盈,7794.0
303,重岳,冲盈,7791.0
304,重岳,冲盈,7788.0
305,重岳,冲盈,7785.0
306,重岳,冲盈,7782.0
307,重岳,冲盈,7779.0
308,重岳,冲盈,7776.0
309,重岳,冲盈,7773.0
310,重岳,冲盈,7770.0
311,重岳,冲盈,7767.0
312,重岳,冲盈,7764.0
313,重岳,冲盈,7761.0
314,重岳,冲盈,7758.0
315,重岳,冲盈,7755.0
316,重岳,冲盈,7752.0
317,重岳,冲盈,7749.0
318,重岳,冲盈,7746.0
319,重岳,冲盈,7743.0
320,重岳,冲盈,7740.0
321,重岳,冲盈,7737.0
322,重岳,冲盈,7734.0
323,重岳,冲盈,7731.0
324,重岳,冲盈,7728.0
325,重岳,冲盈,7725.0
326,重岳,冲盈,7722.0
327,重岳,冲盈,7719.0
328,重岳,冲盈,7716.0
329,重岳,冲盈,7713.0
330,重岳,冲盈,7710.0
331,重岳,冲盈,7707.0
332,重岳,冲盈,7704.0
333,重岳,冲盈,7701.0
334,重岳,冲盈,7698.0
335,重岳,冲盈,7695.0
336,重岳,冲盈,7692.0
337,重岳,冲盈,7689.0
338,重岳,冲盈,7686.0
339,重岳,冲盈,7683.0
340,重岳,冲盈,7680.0
341,重岳,冲盈,7677.0
342,重岳,冲盈,7674.0
343,重岳,冲盈,7671.0
344,重岳,冲盈,7668.0
345,重岳,冲盈,7665.0
346,重岳,冲盈,7662.0
347,重岳,冲盈,7659.0
348,重岳,冲盈,7656.0
349,重岳,冲盈,7653.0
350,重岳,冲盈,7650.0
351,重岳,冲盈,7647.0
352,重岳,冲盈,7644.0
353,重岳,冲盈,7641.0
354,重岳,冲盈,7638.0
355,重岳,冲盈,7635.0
356,重岳,冲盈,7632.0
357,重岳,冲盈,7629.0
358,重岳,冲盈,7626.0
359,重岳,冲盈,7623.0
360,重岳,冲盈,7620.0
361,重岳,冲盈,7617.0
362,重岳,冲盈,7614.0
363,重岳,冲盈,7611.0
364,重岳,冲盈,7608.0
365,重岳,冲盈,7605.0
366,重岳,冲盈,7602.0
367,重岳,冲盈,7599.0
368,重岳,冲盈,7596.0
369,重岳,冲盈,7593.0
370,重岳,冲盈,7590.0
371,重岳,冲盈,7587.0
372,重岳,冲盈,7584.0
373,重岳,冲盈,7581.0
374,重岳,冲盈,7578.0
375,重岳,冲盈,7575.0
376,重岳,冲盈,7572.0
377,重岳,冲盈,7569.0
378,重岳,冲盈,7566.0
379,重岳,冲盈,7563.0
380,重岳,冲盈,7560.0
381,重岳,冲盈,7557.0
382,重岳,冲盈,7554.0
383,重岳,冲盈,7551.0
384,重岳,冲盈,7548.0
385,重岳,冲盈,7545.0
386,重岳,冲盈,7542.0
387,重岳,冲盈,7539.0
388,重岳,冲盈,7536.0
389,重岳,冲盈,7533.0
390,重岳,冲盈,7530.0
391,重岳,冲盈,7527.0
392,重岳,冲盈,7524.0
393,重岳,冲盈,7521.0
394,重岳,冲盈,7518.0
395,重岳,冲盈,7515.0
396,重岳,冲盈,7512.0
397,重岳,冲盈,7509.0
398,重岳,冲盈,7506.0
399,重岳,冲盈,7503.0
400,重岳,冲盈,7500.0
401,重岳,冲盈,7497.0
402,重岳,冲盈,7494.0
403,重岳,冲盈,7491.0
404,重岳,冲盈,7488.0
405,重岳,冲盈,7485.0
406,重岳,冲盈,7482.0
407,重岳,冲盈,7479.0
408,重岳,冲盈,7476.0
409,重岳,冲盈,7473.0
410,重岳,冲盈,7470.0
411,重岳,冲盈,7467.0
412,重岳,冲盈,7464.0
413,重岳,冲盈,7461.0
414,重岳,冲盈,7458.0
415,重岳,冲盈,7455.0
416,重岳,冲盈,7452.0
417,重岳,冲盈,7449.0
418,重岳,冲盈,7446.0
419,重岳,冲盈,7443.0
420,重岳,冲盈,7440.0
421,重岳,冲盈,7437.0
422,重岳,冲盈,7434.0
423,重岳,冲盈,7431.0
424,重岳,冲盈,7428.0
425,重岳,冲盈,7425.0
426,重岳,冲盈,7422.0
427,重岳,冲盈,7419.0
428,重岳,冲盈,7416.0
429,重岳,冲盈,7413.0
430,重岳,冲盈,7410.0
431,重岳,冲盈,7407.0
432,重岳,冲盈,7404.0
433,重岳,冲盈,7401.0
434,重岳,冲盈,7398.0
435,重岳,冲盈,7395.0
436,重岳,冲盈,7392.0
437,重岳,冲盈,7389.0
438,重岳,冲盈,7386.0
439,重岳,冲盈,7383.0
440,重岳,冲盈,7380.0
441,重岳,冲盈,7377.0
442,重岳,冲盈,7374.0
443,重岳,冲盈,7371.0
444,重岳,冲盈,7368.0
445,重岳,冲盈,7365.0
446,重岳,冲盈,7362.0
447,重岳,冲盈,7359.0
448,重岳,冲盈,7356.0
449,重岳,冲盈,7353.0
450,重岳,冲盈,7350.0
451,重岳,冲盈,7347.0
452,重岳,冲盈,7344.0
453,重岳,冲盈,7341.0
454,重岳,冲盈,7338.0
455,重岳,冲盈,7335.0
456,重岳,冲盈,7332.0
457,重岳,冲盈,7329.0
458,重岳,冲盈,7326.0
459,重岳,冲盈,7323.0
460,重岳,冲盈,7320.0
461,重岳,冲盈,7317.0
462,重岳,冲盈,7314.0
463,重岳,冲盈,7311.0
464,重岳,冲盈,7308.0
465,重岳,冲盈,7305.0
466,重岳,冲盈,7302.0
467,重岳,冲盈,7299.0
468,重岳,冲盈,7296.0
469,重岳,冲盈,7293.0
470,重岳,冲盈,7290.0
471,重岳,冲盈,7287.0
472,重岳,冲盈,7284.0
473,重岳,冲盈,7281.0
474,重岳,冲盈,7278.0
475,重岳,冲盈,7275.0
476,重岳,冲盈,7272.0
477,重岳,冲盈,7269.0
478,重岳,冲盈,7266.0
479,重岳,冲盈,7263.0
480,重岳,冲盈,7260.0
481,重岳,冲盈,7257.0
482,重岳,冲盈,7254.0
483,重岳,冲盈,7251.0
484,重岳,冲盈,7248.0
485,重岳,冲盈,7245.0
486,重岳,冲盈,7242.0
487,重岳,冲盈,7239.0
488,重岳,冲盈,7236.0
489,重岳,冲盈,7233.0
490,重岳,冲盈,7230.0
491,重岳,冲盈,7227.0
492,重岳,冲盈,7224.0
493,重岳,冲盈,7221.0
494,重岳,冲盈,7218.0
495,重岳,冲盈,7215.0
496,重岳,冲盈,7212.0
497,重岳,冲盈,7209.0
498,重岳,冲盈,7206.0
499,重岳,冲盈,7203.0
500,重岳,冲盈,7200.0
501,重岳,冲盈,7197.0
502,重岳,冲盈,7194.0
503,重岳,冲盈,7191.0
504,重岳,冲盈,7188.0
505,重岳,冲盈,7185.0
506,重岳,冲盈,7182.0
507,重岳,冲盈,7179.0
508,重岳,冲盈,7176.0
509,重岳,冲盈,7173.0
510,重岳,冲盈,7170.0
511,重岳,冲盈,7167.0
512,重岳,冲盈,7164.0
513,重岳,冲盈,7161.0
514,重岳,冲盈,7158.0
515,重岳,冲盈,7155.0
516,重岳,冲盈,7152.0
517,重岳,冲盈,7149.0
518,重岳,冲盈,7146.0
519,重岳,冲盈,7143.0
520,重岳,冲盈,7140.0
521,重岳,冲盈,7137.0
522,重岳,冲盈,7134.0
523,重岳,冲盈,7131.0
524,重岳,冲盈,7128.0
525,重岳,冲盈,7125.0
526,重岳,冲盈,7122.0
527,重岳,冲盈,7119.0
528,重岳,冲盈,7116.0
529,重岳,冲盈,7113.0
530,重岳,冲盈,7110.0
531,重岳,冲盈,7107.0
532,重岳,冲盈,7104.0
533,重岳,冲盈,7101.0
534,重岳,冲盈,7098.0
535,重岳,冲盈,7095.0
536,重岳,冲盈,7092.0
537,重岳,冲盈,7089.0
538,重岳,冲盈,7086.0
539,重岳,冲盈,7083.0
540,重岳,冲盈,7080.0
541,重岳,冲盈,7077.0
542,重岳,冲盈,7074.0
543,重岳,冲盈,7071.0
544,重岳,冲盈,7068.0
545,重岳,冲盈,7065.0
546,重岳,冲盈,7062.0
547,重岳,冲盈,7059.0
548,重岳,冲盈,7056.0
549,重岳,冲盈,7053.0
550,重岳,冲盈,7050.0
551,重岳,冲盈,7047.0
552,重岳,冲盈,7044.0
553,重岳,冲盈,7041.0
554,重岳,冲盈,7038.0
555,重岳,冲盈,7035.0
556,重岳,冲盈,7032.0
557,重岳,冲盈,7029.0
558,重岳,冲盈,7026.0
559,重岳,冲盈,7023.0
560,重岳,冲盈,7020.0
561,重岳,冲盈,7017.0
562,重岳,冲盈,7014.0
563,重岳,冲盈,7011.0
564,重岳,冲盈,7008.0
565,重岳,冲盈,7005.0
566,重岳,冲盈,7002.0
567,重岳,冲盈,6999.0
568,重岳,冲盈,6996.0
569,重岳,冲盈,6993.0
570,重岳,冲盈,6990.0
571,重岳,冲盈,6987.0
572,重岳,冲盈,6984.0
573,重岳,冲盈,6981.0
574,重岳,冲盈,6978.0
575,重岳,冲盈,6975.0
576,重岳,冲盈,6972.0
577,重岳,冲盈,6969.0
578,重岳,冲盈,6966.0
579,重岳,冲盈,6963.0
580,重岳,冲盈,6960.0
581,重岳,冲盈,6957.0
582,重岳,冲盈,6954.0
583,重岳,冲盈,6951.0
584,重岳,冲盈,6948.0
585,重岳,冲盈,6945.0
586,重岳,冲盈,6942.0
587,重岳,冲盈,6939.0
588,重岳,冲盈,6936.0
589,重岳,冲盈,6933.0
590,重岳,冲盈,6930.0
591,重岳,冲盈,6927.0
592,重岳,冲盈,6924.0
593,重岳,冲盈,6921.0
594,重岳,冲盈,6918.0
595,重岳,冲盈,6915.0
596,重岳,冲盈,6912.0
597,重岳,冲盈,6909.0
598,重岳,冲盈,6906.0
599,重岳,冲盈,6903.0
600,重岳,冲盈,6900.0
601,重岳,冲盈,6897.0
602,重岳,冲盈,6894.0
603,重岳,冲盈,6891.0
604,重岳,冲盈,6888.0
605,重岳,冲盈,6885.0
606,重岳,冲盈,6882.0
607,重岳,冲盈,6879.0
608,重岳,冲盈,6876.0
609,重岳,冲盈,6873.0
610,重岳,冲盈,6870.0
611,重岳,冲盈,6867.0
612,重岳,冲盈,6864.0
613,重岳,冲盈,6861.0
614,重岳,冲盈,6858.0
615,重岳,冲盈,6855.0
616,重岳,冲盈,6852.0
617,重岳,冲盈,6849.0
618,重岳,冲盈,6846.0
619,重岳,冲盈,6843.0
620,重岳,冲盈,6840.0
621,重岳,冲盈,6837.0
622,重岳,冲盈,6834.0
623,重岳,冲盈,6831.0
624,重岳,冲盈,6828.0
625,重岳,冲盈,6825.0
626,重岳,冲盈,6822.0
627,重岳,冲盈,6819.0
628,重岳,冲盈,6816.0
629,重岳,冲盈,6813.0
630,重岳,冲盈,6810.0
631,重岳,冲盈,6807.0
632,重岳,冲盈,6804.0
633,重岳,冲盈,6801.0
634,重岳,冲盈,6798.0
635,重岳,冲盈,6795.0
636,重岳,冲盈,6792.0
637,重岳,冲盈,6789.0
638,重岳,冲盈,6786.0
639,重岳,冲盈,6783.0
640,重岳,冲盈,6780.0
641,重岳,冲盈,6777.0
642,重岳,冲盈,6774.0
643,重岳,冲盈,6771.0
644,重岳,冲盈,6768.0
645,重岳,冲盈,6765.0
646,重岳,冲盈,6762.0
647,重岳,冲盈,6759.0
648,重岳,冲盈,6756.0
649,重岳,冲盈,6753.0
650,重岳,冲盈,6750.0
651,重岳,冲盈,6747.0
652,重岳,冲盈,6744.0
653,重岳,冲盈,6741.0
654,重岳,冲盈,6738.0
655,重岳,冲盈,6735.0
656,重岳,冲盈,6732.0
657,重岳,冲盈,6729.0
658,重岳,冲盈,6726.0
659,重岳,冲盈,6723.0
660,重岳,冲盈,6720.0
661,重岳,冲盈,6717.0
662,重岳,冲盈,6714.0
663,重岳,冲盈,6711.0
664,重岳,冲盈,6708.0
665,重岳,冲盈,6705.0
666,重岳,冲盈,6702.0
667,重岳,冲盈,6699.0
668,重岳,冲盈,6696.0
669,重岳,冲盈,6693.0
670,重岳,冲盈,6690.0
671,重岳,冲盈,6687.0
672,重岳,冲盈,6684.0
673,重岳,冲盈,6681.0
674,重岳,冲盈,6678.0
675,重岳,冲盈,6675.0
676,重岳,冲盈,6672.0
677,重岳,冲盈,6669.0
678,重岳,冲盈,6666.0
679,重岳,冲盈,6663.0
680,重岳,冲盈,6660.0
681,重岳,冲盈,6657.0
682,重岳,冲盈,6654.0
683,重岳,冲盈,6651.0
684,重岳,冲盈,6648.0
685,重岳,冲盈,6645.0
686,重岳,冲盈,6642.0
687,重岳,冲盈,6639.0
688,重岳,冲盈,6636.0
689,重岳,冲盈,6633.0
690,重岳,冲盈,6630.0
691,重岳,冲盈,6627.0
692,重岳,冲盈,6624.0
693,重岳,冲盈,6621.0
694,重岳,冲盈,6618.0
695,重岳,冲盈,6615.0
696,重岳,冲盈,6612.0
697,重岳,冲盈,6609.0
698,重岳,冲盈,6606.0
699,重岳,冲盈,6603.0
700,重岳,冲盈,6600.0
701,重岳,冲盈,6597.0
702,重岳,冲盈,6594.0
703,重岳,冲盈,6591.0
704,重岳,冲盈,6588.0
705,重岳,冲盈,6585.0
706,重岳,冲盈,6582.0
707,重岳,冲盈,6579.0
708,重岳,冲盈,6576.0
709,重岳,冲盈,6573.0
710,重岳,冲盈,6570.0
711,重岳,冲盈,6567.0
712,重岳,冲盈,6564.0
713,重岳,冲盈,6561.0
714,重岳,冲盈,6558.0
715,重岳,冲盈,6555.0
716,重岳,冲盈,6552.0
717,重岳,冲盈,6549.0
718,重岳,冲盈,6546.0
719,重岳,冲盈,6543.0
720,重岳,冲盈,6540.0
721,重岳,冲盈,6537.0
722,重岳,冲盈,6534.0
723,重岳,冲盈,6531.0
724,重岳,冲盈,6528.0
725,重岳,冲盈,6525.0
726,重岳,冲盈,6522.0
727,重岳,冲盈,6519.0
728,重岳,冲盈,6516.0
729,重岳,冲盈,6513.0
730,重岳,冲盈,6510.0
731,重岳,冲盈,6507.0
732,重岳,冲盈,6504.0
733,重岳,冲盈,6501.0
734,重岳,冲盈,6498.0
735,重岳,冲盈,6495.0
736,重岳,冲盈,6492.0
737,重岳,冲盈,6489.0
738,重岳,冲盈,6486.0
739,重岳,冲盈,6483.0
740,重岳,冲盈,6480.0
741,重岳,冲盈,6477.0
742,重岳,冲盈,6474.0
743,重岳,冲盈,6471.0
744,重岳,冲盈,6468.0
745,重岳,冲盈,6465.0
746,重岳,冲盈,6462.0
747,重岳,冲盈,6459.0
748,重岳,冲盈,6456.0
749,重岳,冲盈,6453.0
750,重岳,冲盈,6450.0
751,重岳,冲盈,6447.0
752,重岳,冲盈,6444.0
753,重岳,冲盈,6441.0
754,重岳,冲盈,6438.0
755,重岳,冲盈,6435.0
756,重岳,冲盈,6432.0
757,重岳,冲盈,6429.0
758,重岳,冲盈,6426.0
759,重岳,冲盈,6423.0
760,重岳,冲盈,6420.0
761,重岳,冲盈,6417.0
762,重岳,冲盈,6414.0
763,重岳,冲盈,6411.0
764,重岳,冲盈,6408.0
765,重岳,冲盈,6405.0
766,重岳,冲盈,6402.0
767,重岳,冲盈,6399.0
768,重岳,冲盈,6396.0
769,重岳,冲盈,6393.0
770,重岳,冲盈,6390.0
771,重岳,冲盈,6387.0
772,重岳,冲盈,6384.0
773,重岳,冲盈,6381.0
774,重岳,冲盈,6378.0
775,重岳,冲盈,6375.0
776,重岳,冲盈,6372.0
777,重岳,冲盈,6369.0
778,重岳,冲盈,6366.0
779,重岳,冲盈,6363.0
780,重岳,冲盈,6360.0
781,重岳,冲盈,6357.0
782,重岳,冲盈,6354.0
783,重岳,冲盈,6351.0
784,重岳,冲盈,6348.0
785,重岳,冲盈,6345.0
786,重岳,冲盈,6342.0
787,重岳,冲盈,6339.0
788,重岳,冲盈,6336.0
789,重岳,冲盈,6333.0
790,重岳,冲盈,6330.0
791,重岳,冲盈,6327.0
792,重岳,冲盈,6324.0
793,重岳,冲盈,6321.0
794,重岳,冲盈,6318.0
795,重岳,冲盈,6315.0
796,重岳,冲盈,6312.0
797,重岳,冲盈,6309.0
798,重岳,冲盈,6306.0
799,重岳,冲盈,6303.0
800,重岳,冲盈,6300.0
801,重岳,冲盈,6297.0
802,重岳,冲盈,6294.0
803,重岳,冲盈,6291.0
804,重岳,冲盈,6288.0
805,重岳,冲盈,6285.0
806,重岳,冲盈,6282.0
807,重岳,冲盈,6279.0
808,重岳,冲盈,6276.0
809,重岳,冲盈,6273.0
810,重岳,冲盈,6270.0
811,重岳,冲盈,6267.0
812,重岳,冲盈,6264.0
813,重岳,冲盈,6261.0
814,重岳,冲盈,6258.0
815,重岳,冲盈,6255.0
816,重岳,冲盈,6252.0
817,重岳,冲盈,6249.0
818,重岳,冲盈,6246.0
819,重岳,冲盈,6243.0
820,重岳,冲盈,6240.0
821,重岳,冲盈,6237.0
822,重岳,冲盈,6234.0
823,重岳,冲盈,6231.0
824,重岳,冲盈,6228.0
825,重岳,冲盈,6225.0
826,重岳,冲盈,6222.0
827,重岳,冲盈,6219.0
828,重岳,冲盈,6216.0
829,重岳,冲盈,6213.0
830,重岳,冲盈,6210.0
831,重岳,冲盈,6207.0
832,重岳,冲盈,6204.0
833,重岳,冲盈,6201.0
834,重岳,冲盈,6198.0
835,重岳,冲盈,6195.0
836,重岳,冲盈,6192.0
837,重岳,冲盈,6189.0
838,重岳,冲盈,6186.0
839,重岳,冲盈,6183.0
840,重岳,冲盈,6180.0
841,重岳,冲盈,6177.0
842,重岳,冲盈,6174.0
843,重岳,冲盈,6171.0
844,重岳,冲盈,6168.0
845,重岳,冲盈,6165.0
846,重岳,冲盈,6162.0
847,重岳,冲盈,6159.0
848,重岳,冲盈,6156.0
849,重岳,冲盈,6153.0
850,重岳,冲盈,6150.0
851,重岳,冲盈,6147.0
852,重岳,冲盈,6144.0
853,重岳,冲盈,6141.0
854,重岳,冲盈,6138.0
855,重岳,冲盈,6135.0
856,重岳,冲盈,6132.0
857,重岳,冲盈,6129.0
858,重岳,冲盈,6126.0
859,重岳,冲盈,6123.0
860,重岳,冲盈,6120.0
861,重岳,冲盈,6117.0
862,重岳,冲盈,6114.0
863,重岳,冲盈,6111.0
864,重岳,冲盈,6108.0
865,重岳,冲盈,6105.0
866,重岳,冲盈,6102.0
867,重岳,冲盈,6099.0
868,重岳,冲盈,6096.0
869,重岳,冲盈,6093.0
870,重岳,冲盈,6090.0
871,重岳,冲盈,6087.0
872,重岳,冲盈,6084.0
873,重岳,冲盈,6081.0
874,重岳,冲盈,6078.0
875,重岳,冲盈,6075.0
876,重岳,冲盈,6072.0
877,重岳,冲盈,6069.0
878,重岳,冲盈,6066.0
879,重岳,冲盈,6063.0
880,重岳,冲盈,6060.0
881,重岳,冲盈,6057.0
882,重岳,冲盈,6054.0
883,重岳,冲盈,6051.0
884,重岳,冲盈,6048.0
885,重岳,冲盈,6045.0
886,重岳,冲盈,6042.0
887,重岳,冲盈,6039.0
888,重岳,冲盈,6036.0
889,重岳,冲盈,6033.0
890,重岳,冲盈,6030.0
891,重岳,冲盈,6027.0
892,重岳,冲盈,6024.0
893,重岳,冲盈,6021.0
894,重岳,冲盈,6018.0
895,重岳,冲盈,6015.0
896,重岳,冲盈,6012.0
897,重岳,冲盈,6009.0
898,重岳,冲盈,6006.0
899,重岳,冲盈,6003.0
900,重岳,冲盈,6000.0
901,重岳,冲盈,5997.0
902,重岳,冲盈,5994.0
903,重岳,冲盈,5991.0
904,重岳,冲盈,5988.0
905,重岳,冲盈,5985.0
906,重岳,冲盈,5982.0
907,重岳,冲盈,5979.0
908,重岳,冲盈,5976.0
909,重岳,冲盈,5973.0
910,重岳,冲盈,5970.0
911,重岳,冲盈,5967.0
912,重岳,冲盈,5964.0
913,重岳,冲盈,5961.0
914,重岳,冲盈,5958.0
915,重岳,冲盈,5955.0
916,重岳,冲盈,5952.0
917,重岳,冲盈,5949.0
918,重岳,冲盈,5946.0
919,重岳,冲盈,5943.0
920,重岳,冲盈,5940.0
921,重岳,冲盈,5937.0
922,重岳,冲盈,5934.0
923,重岳,冲盈,5931.0
924,重岳,冲盈,5928.0
925,重岳,冲盈,5925.0
926,重岳,冲盈,5922.0
927,重岳,冲盈,5919.0
928,重岳,冲盈,5916.0
929,重岳,冲盈,5913.0
930,重岳,冲盈,5910.0
931,重岳,冲盈,5907.0
932,重岳,冲盈,5904.0
933,重岳,冲盈,5901.0
934,重岳,冲盈,5898.0
935,重岳,冲盈,5895.0
936,重岳,冲盈,5892.0
937,重岳,冲盈,5889.0
938,重岳,冲盈,5886.0
939,重岳,冲盈,5883.0
940,重岳,冲盈,5880.0
941,重岳,冲盈,5877.0
942,重岳,冲盈,5874.0
943,重岳,冲盈,5871.0
944,重岳,冲盈,5868.0
945,重岳,冲盈,5865.0
946,重岳,冲盈,5862.0
947,重岳,冲盈,5859.0
948,重岳,冲盈,5856.0
949,重岳,冲盈,5853.0
950,重岳,冲盈,5850.0
951,重岳,冲盈,5847.0
952,重岳,冲盈,5844.0
953,重岳,冲盈,5841.0
954,重岳,冲盈,5838.0
955,重岳,冲盈,5835.0
956,重岳,冲盈,5832.0
957,重岳,冲盈,5829.0
958,重岳,冲盈,5826.0
959,重岳,冲盈,5823.0
960,重岳,冲盈,5820.0
961,重岳,冲盈,5817.0
962,重岳,冲盈,5814.0
963,重岳,冲盈,5811.0
964,重岳,冲盈,5808.0
965,重岳,冲盈,5805.0
966,重岳,冲盈,5802.0
967,重岳,冲盈,5799.0
968,重岳,冲盈,5796.0
969,重岳,冲盈,5793.0
970,重岳,冲盈,5790.0
971,重岳,冲盈,5787.0
972,重岳,冲盈,5784.0
973,重岳,冲盈,5781.0
974,重岳,冲盈,5778.0
975,重岳,冲盈,5775.0
976,重岳,冲盈,5772.0
977,重岳,冲盈,5769.0
978,重岳,冲盈,5766.0
979,重岳,冲盈,5763.0
980,重岳,冲盈,5760.0
981,重岳,冲盈,5757.0
982,重岳,冲盈,5754.0
983,重岳,冲盈,5751.0
984,重岳,冲盈,5748.0
985,重岳,冲盈,5745.0
986,重岳,冲盈,5742.0
987,重岳,冲盈,5739.0
988,重岳,冲盈,5736.0
989,重岳,冲盈,5733.0
990,重岳,冲盈,5730.0
991,重岳,冲盈,5727.0
992,重岳,冲盈,5724.0
993,重岳,冲盈,5721.0
994,重岳,冲盈,5718.0
995,重岳,冲盈,5715.0
996,重岳,冲盈,5712.0
997,重岳,冲盈,5709.0
998,重岳,冲盈,5706.0
999,重岳,冲盈,5703.0
1000,重岳,冲盈,5700.0
1001,重岳,冲盈,5697.0
1002,重岳,冲盈,5694.0
1003,重岳,冲盈,5691.0
1004,重岳,冲盈,5688.0
1005,重岳,冲盈,5685.0
1006,重岳,冲盈,5682.0
1007,重岳,冲盈,5679.0
1008,重岳,冲盈,5676.0
1009,重岳,冲盈,5673.0
1010,重岳,冲盈,5670.0
1011,重岳,冲盈,5667.0
1012,重岳,冲盈,5664.0
1013,重岳,冲盈,5661.0
1014,重岳,冲盈,5658.0
1015,重岳,冲盈,5655.0
1016,重岳,冲盈,5652.0
1017,重岳,冲盈,5649.0
1018,重岳,冲盈,5646.0
1019,重岳,冲盈,5643.0
1020,重岳,冲盈,5640.0
1021,重岳,冲盈,5637.0
1022,重岳,冲盈,5634.0
1023,重岳,冲盈,5631.0
1024,重岳,冲盈,5628.0
1025,重岳,冲盈,5625.0
1026,重岳,冲盈,5622.0
1027,重岳,冲盈,5619.0
1028,重岳,冲盈,5616.0
1029,重岳,冲盈,5613.0
1030,重岳,冲盈,5610.0
1031,重岳,冲盈,5607.0
1032,重岳,冲盈,5604.0
1033,重岳,冲盈,5601.0
1034,重岳,冲盈,5598.0
1035,重岳,冲盈,5595.0
1036,重岳,冲盈,5592.0
1037,重岳,冲盈,5589.0
1038,重岳,冲盈,5586.0
1039,重岳,冲盈,5583.0
1040,重岳,冲盈,5580.0
1041,重岳,冲盈,5577.0
1042,重岳,冲盈,5574.0
1043,重岳,冲盈,5571.0
1044,重岳,冲盈,5568.0
1045,重岳,冲盈,5565.0
1046,重岳,冲盈,5562.0
1047,重岳,冲盈,5559.0
1048,重岳,冲盈,5556.0
1049,重岳,冲盈,5553.0
1050,重岳,冲盈,5550.0
1051,重岳,冲盈,5547.0
1052,重岳,冲盈,5544.0
1053,重岳,冲盈,5541.0
1054,重岳,冲盈,5538.0
1055,重岳,冲盈,5535.0
1056,重岳,冲盈,5532.0
1057,重岳,冲盈,5529.0
1058,重岳,冲盈,5526.0
1059,重岳,冲盈,5523.0
1060,重岳,冲盈,5520.0
1061,重岳,冲盈,5517.0
1062,重岳,冲盈,5514.0
1063,重岳,冲盈,5511.0
1064,重岳,冲盈,5508.0
1065,重岳,冲盈,5505.0
1066,重岳,冲盈,5502.0
1067,重岳,冲盈,5499.0
1068,重岳,冲盈,5496.0
1069,重岳,冲盈,5493.0
1070,重岳,冲盈,5490.0
1071,重岳,冲盈,5487.0
1072,重岳,冲盈,5484.0
1073,重岳,冲盈,5481.0
1074,重岳,冲盈,5478.0
1075,重岳,冲盈,5475.0
1076,重岳,冲盈,5472.0
1077,重岳,冲盈,5469.0
1078,重岳,冲盈,5466.0
1079,重岳,冲盈,5463.0
1080,重岳,冲盈,5460.0
1081,重岳,冲盈,5457.0
1082,重岳,冲盈,5454.0
1083,重岳,冲盈,5451.0
1084,重岳,冲盈,5448.0
1085,重岳,冲盈,5445.0
1086,重岳,冲盈,5442.0
1087,重岳,冲盈,5439.0
1088,重岳,冲盈,5436.0
1089,重岳,冲盈,5433.0
1090,重岳,冲盈,5430.0
1091,重岳,冲盈,5427.0
1092,重岳,冲盈,5424.0
1093,重岳,冲盈,5421.0
1094,重岳,冲盈,5418.0
1095,重岳,冲盈,5415.0
1096,重岳,冲盈,5412.0
1097,重岳,冲盈,5409.0
1098,重岳,冲盈,5406.0
1099,重岳,冲盈,5403.0
1100,重岳,冲盈,5400.0
1101,重岳,冲盈,5397.0
1102,重岳,冲盈,5394.0
1103,重岳,冲盈,5391.0
1104,重岳,冲盈,5388.0
1105,重岳,冲盈,5385.0
1106,重岳,冲盈,5382.0
1107,重岳,冲盈,5379.0
1108,重岳,冲盈,5376.0
1109,重岳,冲盈,5373.0
1110,重岳,冲盈,5370.0
1111,重岳,冲盈,5367.0
1112,重岳,冲盈,5364.0
1113,重岳,冲盈,5361.0
1114,重岳,冲盈,5358.0
1115,重岳,冲盈,5355.0
1116,重岳,冲盈,5352.0
1117,重岳,冲盈,5349.0
1118,重岳,冲盈,5346.0
1119,重岳,冲盈,5343.0
1120,重岳,冲盈,5340.0
1121,重岳,冲盈,5337.0
1122,重岳,冲盈,5334.0
1123,重岳,冲盈,5331.0
1124,重岳,冲盈,5328.0
1125,重岳,冲盈,5325.0
1126,重岳,冲盈,5322.0
1127,重岳,冲盈,5319.0
1128,重岳,冲盈,5316.0
1129,重岳,冲盈,5313.0
1130,重岳,冲盈,5310.0
1131,重岳,冲盈,5307.0
1132,重岳,冲盈,5304.0
1133,重岳,冲盈,5301.0
1134,重岳,冲盈,5298.0
1135,重岳,冲盈,5295.0
1136,重岳,冲盈,5292.0
1137,重岳,冲盈,5289.0
1138,重岳,冲盈,5286.0
1139,重岳,冲盈,5283.0
1140,重岳,冲盈,5280.0
1141,重岳,冲盈,5277.0
1142,重岳,冲盈,5274.0
1143,重岳,冲盈,5271.0
1144,重岳,冲盈,5268.0
1145,重岳,冲盈,5265.0
1146,重岳,冲盈,5262.0
1147,重岳,冲盈,5259.0
1148,重岳,冲盈,5256.0
1149,重岳,冲盈,5253.0
1150,重岳,冲盈,5250.0
1151,重岳,冲盈,5247.0
1152,重岳,冲盈,5244.0
1153,重岳,冲盈,5241.0
1154,重岳,冲盈,5238.0
1155,重岳,冲盈,5235.0
1156,重岳,冲盈,5232.0
1157,重岳,冲盈,5229.0
1158,重岳,冲盈,5226.0
1159,重岳,冲盈,5223.0
1160,重岳,冲盈,5220.0
1161,重岳,冲盈,5217.0
1162,重岳,冲盈,5214.0
1163,重岳,冲盈,5211.0
1164,重岳,冲盈,5208.0
1165,重岳,冲盈,5205.0
1166,重岳,冲盈,5202.0
1167,重岳,冲盈,5199.0
1168,重岳,冲盈,5196.0
1169,重岳,冲盈,5193.0
1170,重岳,冲盈,5190.0
1171,重岳,冲盈,5187.0
1172,重岳,冲盈,5184.0
1173,重岳,冲盈,5181.0
1174,重岳,冲盈,5178.0
1175,重岳,冲盈,5175.0
1176,重岳,冲盈,5172.0
1177,重岳,冲盈,5169.0
1178,重岳,冲盈,5166.0
1179,重岳,冲盈,5163.0
1180,重岳,冲盈,5160.0
1181,重岳,冲盈,5157.0
1182,重岳,冲盈,5154.0
1183,圣聆初雪,铃音吹雪,5153.2
1184,圣聆初雪,铃音吹雪,5153.2
1185,圣聆初雪,铃音吹雪,5153.2
1186,圣聆初雪,铃音吹雪,5153.2
1187,圣聆初雪,铃音吹雪,5153.2
1188,圣聆初雪,铃音吹雪,5153.2
1189,圣聆初雪,铃音吹雪,5153.2
1190,圣聆初雪,铃音吹雪,5153.2
1191,圣聆初雪,铃音吹雪,5153.2
1192,圣聆初雪,铃音吹雪,5153.2
1193,圣聆初雪,铃音吹雪,5153.2
1194,圣聆初雪,铃音吹雪,5153.2
1195,圣聆初雪,铃音吹雪,5153.2
1196,圣聆初雪,铃音吹雪,5153.2
1197,圣聆初雪,铃音吹雪,5153.2
1198,圣聆初雪,铃音吹雪,5153.2
1199,圣聆初雪,铃音吹雪,5153.2
1200,圣聆初雪,铃音吹雪,5153.2
1201,圣聆初雪,铃音吹雪,5153.2
1202,圣聆初雪,铃音吹雪,5153.2
1203,圣聆初雪,铃音吹雪,5153.2
1204,圣聆初雪,铃音吹雪,5153.2
1205,圣聆初雪,铃音吹雪,5153.2
1206,圣聆初雪,铃音吹雪,5153.2
1207,圣聆初雪,铃音吹雪,5153.2
1208,圣聆初雪,铃音吹雪,5153.2
1209,圣聆初雪,铃音吹雪,5153.2
1210,圣聆初雪,铃音吹雪,5153.2
1211,圣聆初雪,铃音吹雪,5153.2
1212,圣聆初雪,铃音吹雪,5153.2
1213,圣聆初雪,铃音吹雪,5153.2
1214,圣聆初雪,铃音吹雪,5153.2
1215,圣聆初雪,铃音吹雪,5153.2
1216,圣聆初雪,铃音吹雪,5153.2
1217,圣聆初雪,铃音吹雪,5153.2
1218,圣聆初雪,铃音吹雪,5153.2
1219,圣聆初雪,铃音吹雪,5153.2
1220,圣聆初雪,铃音吹雪,5153.2
1221,圣聆初雪,铃音吹雪,5153.2
1222,圣聆初雪,铃音吹雪,5153.2
1223,圣聆初雪,铃音吹雪,5153.2
1224,圣聆初雪,铃音吹雪,5153.2
1225,圣聆初雪,铃音吹雪,5153.2
1226,圣聆初雪,铃音吹雪,5153.2
1227,圣聆初雪,铃音吹雪,5153.2
1228,圣聆初雪,铃音吹雪,5153.2
1229,圣聆初雪,铃音吹雪,5153.2
1230,圣聆初雪,铃音吹雪,5153.2
1231,圣聆初雪,铃音吹雪,5153.2
1232,圣聆初雪,铃音吹雪,5153.2
1233,圣聆初雪,铃音吹雪,5153.2
1234,圣聆初雪,铃音吹雪,5153.2
1235,圣聆初雪,铃音吹雪,5153.2
1236,圣聆初雪,铃音吹雪,5153.2
1237,圣聆初雪,铃音吹雪,5153.2
1238,圣聆初雪,铃音吹雪,5153.2
1239,圣聆初雪,铃音吹雪,5153.2
1240,圣聆初雪,铃音吹雪,5153.2
1241,圣聆初雪,铃音吹雪,5153.2
1242,圣聆初雪,铃音吹雪,5153.2
1243,圣聆初雪,铃音吹雪,5153.2
1244,圣聆初雪,铃音吹雪,5153.2
1245,圣聆初雪,铃音吹雪,5153.2
1246,圣聆初雪,铃音吹雪,5153.2
1247,圣聆初雪,铃音吹雪,5153.2
1248,圣聆初雪,铃音吹雪,5153.2
1249,圣聆初雪,铃音吹雪,5153.2
1250,圣聆初雪,铃音吹雪,5153.2
1251,圣聆初雪,铃音吹雪,5153.2
1252,圣聆初雪,铃音吹雪,5153.2
1253,圣聆初雪,铃音吹雪,5153.2
1254,圣聆初雪,铃音吹雪,5153.2
1255,圣聆初雪,铃音吹雪,5153.2
1256,圣聆初雪,铃音吹雪,5153.2
1257,圣聆初雪,铃音吹雪,5153.2
1258,圣聆初雪,铃音吹雪,5153.2
1259,圣聆初雪,铃音吹雪,5153.2
1260,圣聆初雪,铃音吹雪,5153.2
1261,圣聆初雪,铃音吹雪,5153.2
1262,圣聆初雪,铃音吹雪,5153.2
1263,圣聆初雪,铃音吹雪,5153.2
1264,圣聆初雪,铃音吹雪,5153.2
1265,圣聆初雪,铃音吹雪,5153.2
1266,圣聆初雪,铃音吹雪,5153.2
1267,圣聆初雪,铃音吹雪,5153.2
1268,圣聆初雪,铃音吹雪,5153.2
1269,圣聆初雪,铃音吹雪,5153.2
1270,圣聆初雪,铃音吹雪,5153.2
1271,圣聆初雪,铃音吹雪,5153.2
1272,圣聆初雪,铃音吹雪,5153.2
1273,圣聆初雪,铃音吹雪,5153.2
1274,圣聆初雪,铃音吹雪,5153.2
1275,圣聆初雪,铃音吹雪,5153.2
1276,圣聆初雪,铃音吹雪,5153.2
1277,圣聆初雪,铃音吹雪,5153.2
1278,圣聆初雪,铃音吹雪,5153.2
1279,圣聆初雪,铃音吹雪,5153.2
1280,圣聆初雪,铃音吹雪,5153.2
1281,圣聆初雪,铃音吹雪,5153.2
1282,圣聆初雪,铃音吹雪,5153.2
1283,圣聆初雪,铃音吹雪,5153.2
1284,圣聆初雪,铃音吹雪,5153.2
1285,圣聆初雪,铃音吹雪,5153.2
1286,圣聆初雪,铃音吹雪,5153.2
1287,圣聆初雪,铃音吹雪,5153.2
1288,圣聆初雪,铃音吹雪,5153.2
1289,圣聆初雪,铃音吹雪,5153.2
1290,圣聆初雪,铃音吹雪,5153.2
1291,圣聆初雪,铃音吹雪,5153.2
1292,圣聆初雪,铃音吹雪,5153.2
1293,圣聆初雪,铃音吹雪,5153.2
1294,圣聆初雪,铃音吹雪,5153.2
1295,圣聆初雪,铃音吹雪,5153.2
1296,圣聆初雪,铃音吹雪,5153.2
1297,圣聆初雪,铃音吹雪,5153.2
1298,圣聆初雪,铃音吹雪,5153.2
1299,圣聆初雪,铃音吹雪,5153.2
1300,圣聆初雪,铃音吹雪,5153.2
1301,圣聆初雪,铃音吹雪,5153.2
1302,圣聆初雪,铃音吹雪,5153.2
1303,圣聆初雪,铃音吹雪,5153.2
1304,圣聆初雪,铃音吹雪,5153.2
1305,圣聆初雪,铃音吹雪,5153.2
1306,圣聆初雪,铃音吹雪,5153.2
1307,圣聆初雪,铃音吹雪,5153.2
1308,圣聆初雪,铃音吹雪,5153.2
1309,圣聆初雪,铃音吹雪,5153.2
1310,圣聆初雪,铃音吹雪,5153.2
1311,圣聆初雪,铃音吹雪,5153.2
1312,圣聆初雪,铃音吹雪,5153.2
1313,圣聆初雪,铃音吹雪,5153.2
1314,圣聆初雪,铃音吹雪,5153.2
1315,圣聆初雪,铃音吹雪,5153.2
1316,圣聆初雪,铃音吹雪,5153.2
1317,圣聆初雪,铃音吹雪,5153.2
1318,圣聆初雪,铃音吹雪,5153.2
1319,圣聆初雪,铃音吹雪,5153.2
1320,圣聆初雪,铃音吹雪,5153.2
1321,圣聆初雪,铃音吹雪,5153.2
1322,圣聆初雪,铃音吹雪,5153.2
1323,圣聆初雪,铃音吹雪,5153.2
1324,圣聆初雪,铃音吹雪,5153.2
1325,圣聆初雪,铃音吹雪,5153.2
1326,圣聆初雪,铃音吹雪,5153.2
1327,圣聆初雪,铃音吹雪,5153.2
1328,圣聆初雪,铃音吹雪,5153.2
1329,圣聆初雪,铃音吹雪,5153.2
1330,圣聆初雪,铃音吹雪,5153.2
1331,圣聆初雪,铃音吹雪,5153.2
1332,圣聆初雪,铃音吹雪,5153.2
1333,圣聆初雪,铃音吹雪,5153.2
1334,圣聆初雪,铃音吹雪,5153.2
1335,圣聆初雪,铃音吹雪,5153.2
1336,圣聆初雪,铃音吹雪,5153.2
1337,圣聆初雪,铃音吹雪,5153.2
1338,圣聆初雪,铃音吹雪,5153.2
1339,圣聆初雪,铃音吹雪,5153.2
1340,圣聆初雪,铃音吹雪,5153.2
1341,圣聆初雪,铃音吹雪,5153.2
1342,圣聆初雪,铃音吹雪,5153.2
1343,圣聆初雪,铃音吹雪,5153.2
1344,圣聆初雪,铃音吹雪,5153.2
1345,圣聆初雪,铃音吹雪,5153.2
1346,圣聆初雪,铃音吹雪,5153.2
1347,圣聆初雪,铃音吹雪,5153.2
1348,圣聆初雪,铃音吹雪,5153.2
1349,圣聆初雪,铃音吹雪,5153.2
1350,圣聆初雪,铃音吹雪,5153.2
1351,圣聆初雪,铃音吹雪,5153.2
1352,圣聆初雪,铃音吹雪,5153.2
1353,圣聆初雪,铃音吹雪,5153.2
1354,圣聆初雪,铃音吹雪,5153.2
1355,圣聆初雪,铃音吹雪,5153.2
1356,圣聆初雪,铃音吹雪,5153.2
1357,圣聆初雪,铃音吹雪,5153.2
1358,圣聆初雪,铃音吹雪,5153.2
1359,圣聆初雪,铃音吹雪,5153.2
1360,圣聆初雪,铃音吹雪,5153.2
1361,圣聆初雪,铃音吹雪,5153.2
1362,圣聆初雪,铃音吹雪,5153.2
1363,圣聆初雪,铃音吹雪,5153.2
1364,圣聆初雪,铃音吹雪,5153.2
1365,圣聆初雪,铃音吹雪,5153.2
1366,圣聆初雪,铃音吹雪,5153.2
1367,圣聆初雪,铃音吹雪,5153.2
1368,圣聆初雪,铃音吹雪,5153.2
1369,圣聆初雪,铃音吹雪,5153.2
1370,圣聆初雪,铃音吹雪,5153.2
1371,圣聆初雪,铃音吹雪,5153.2
1372,圣聆初雪,铃音吹雪,5153.2
1373,圣聆初雪,铃音吹雪,5153.2
1374,圣聆初雪,铃音吹雪,5153.2
1375,圣聆初雪,铃音吹雪,5153.2
1376,圣聆初雪,铃音吹雪,5153.2
1377,圣聆初雪,铃音吹雪,5153.2
1378,圣聆初雪,铃音吹雪,5153.2
1379,圣聆初雪,铃音吹雪,5153.2
1380,圣聆初雪,铃音吹雪,5153.2
1381,圣聆初雪,铃音吹雪,5153.2
1382,圣聆初雪,铃音吹雪,5153.2
1383,圣聆初雪,铃音吹雪,5153.2
1384,圣聆初雪,铃音吹雪,5153.2
1385,圣聆初雪,铃音吹雪,5153.2
1386,圣聆初雪,铃音吹雪,5153.2
1387,圣聆初雪,铃音吹雪,5153.2
1388,圣聆初雪,铃音吹雪,5153.2
1389,圣聆初雪,铃音吹雪,5153.2
1390,圣聆初雪,铃音吹雪,5153.2
1391,圣聆初雪,铃音吹雪,5153.2
1392,圣聆初雪,铃音吹雪,5153.2
1393,圣聆初雪,铃音吹雪,5153.2
1394,圣聆初雪,铃音吹雪,5153.2
1395,圣聆初雪,铃音吹雪,5153.2
1396,圣聆初雪,铃音吹雪,5153.2
1397,圣聆初雪,铃音吹雪,5153.2
1398,圣聆初雪,铃音吹雪,5153.2
1399,圣聆初雪,铃音吹雪,5153.2
1400,圣聆初雪,铃音吹雪,5153.2
1401,圣聆初雪,铃音吹雪,5153.2
1402,圣聆初雪,铃音吹雪,5153.2
1403,圣聆初雪,铃音吹雪,5153.2
1404,圣聆初雪,铃音吹雪,5153.2
1405,圣聆初雪,铃音吹雪,5153.2
1406,圣聆初雪,铃音吹雪,5153.2
1407,圣聆初雪,铃音吹雪,5153.2
1408,圣聆初雪,铃音吹雪,5153.2
1409,圣聆初雪,铃音吹雪,5153.2
1410,圣聆初雪,铃音吹雪,5153.2
1411,圣聆初雪,铃音吹雪,5153.2
1412,圣聆初雪,铃音吹雪,5153.2
1413,圣聆初雪,铃音吹雪,5153.2
1414,圣聆初雪,铃音吹雪,5153.2
1415,圣聆初雪,铃音吹雪,5153.2
1416,圣聆初雪,铃音吹雪,5153.2
1417,圣聆初雪,铃音吹雪,5153.2
1418,圣聆初雪,铃音吹雪,5153.2
1419,圣聆初雪,铃音吹雪,5153.2
1420,圣聆初雪,铃音吹雪,5153.2
1421,圣聆初雪,铃音吹雪,5153.2
1422,圣聆初雪,铃音吹雪,5153.2
1423,圣聆初雪,铃音吹雪,5153.2
1424,圣聆初雪,铃音吹雪,5153.2
1425,圣聆初雪,铃音吹雪,5153.2
1426,圣聆初雪,铃音吹雪,5153.2
1427,圣聆初雪,铃音吹雪,5153.2
1428,圣聆初雪,铃音吹雪,5153.2
1429,圣聆初雪,铃音吹雪,5153.2
1430,圣聆初雪,铃音吹雪,5153.2
1431,圣聆初雪,铃音吹雪,5153.2
1432,圣聆初雪,铃音吹雪,5153.2
1433,圣聆初雪,铃音吹雪,5153.2
1434,圣聆初雪,铃音吹雪,5153.2
1435,圣聆初雪,铃音吹雪,5153.2
1436,圣聆初雪,铃音吹雪,5153.2
1437,圣聆初雪,铃音吹雪,5153.2
1438,圣聆初雪,铃音吹雪,5153.2
1439,圣聆初雪,铃音吹雪,5153.2
1440,圣聆初雪,铃音吹雪,5153.2
1441,圣聆初雪,铃音吹雪,5153.2
1442,圣聆初雪,铃音吹雪,5153.2
1443,圣聆初雪,铃音吹雪,5153.2
1444,圣聆初雪,铃音吹雪,5153.2
1445,圣聆初雪,铃音吹雪,5153.2
1446,圣聆初雪,铃音吹雪,5153.2
1447,圣聆初雪,铃音吹雪,5153.2
1448,圣聆初雪,铃音吹雪,5153.2
1449,圣聆初雪,铃音吹雪,5153.2
1450,圣聆初雪,铃音吹雪,5153.2
1451,圣聆初雪,铃音吹雪,5153.2
1452,圣聆初雪,铃音吹雪,5153.2
1453,圣聆初雪,铃音吹雪,5153.2
1454,圣聆初雪,铃音吹雪,5153.2
1455,圣聆初雪,铃音吹雪,5153.2
1456,圣聆初雪,铃音吹雪,5153.2
1457,圣聆初雪,铃音吹雪,5153.2
1458,圣聆初雪,铃音吹雪,5153.2
1459,圣聆初雪,铃音吹雪,5153.2
1460,圣聆初雪,铃音吹雪,5153.2
1461,圣聆初雪,铃音吹雪,5153.2
1462,圣聆初雪,铃音吹雪,5153.2
1463,圣聆初雪,铃音吹雪,5153.2
1464,圣聆初雪,铃音吹雪,5153.2
1465,圣聆初雪,铃音吹雪,5153.2
1466,圣聆初雪,铃音吹雪,5153.2
1467,圣聆初雪,铃音吹雪,5153.2
1468,圣聆初雪,铃音吹雪,5153.2
1469,圣聆初雪,铃音吹雪,5153.2
1470,圣聆初雪,铃音吹雪,5153.2
1471,圣聆初雪,铃音吹雪,5153.2
1472,圣聆初雪,铃音吹雪,5153.2
1473,圣聆初雪,铃音吹雪,5153.2
1474,圣聆初雪,铃音吹雪,5153.2
1475,圣聆初雪,铃音吹雪,5153.2
1476,圣聆初雪,铃音吹雪,5153.2
1477,圣聆初雪,铃音吹雪,5153.2
1478,圣聆初雪,铃音吹雪,5153.2
1479,圣聆初雪,铃音吹雪,5153.2
1480,圣聆初雪,铃音吹雪,5153.2
1481,圣聆初雪,铃音吹雪,5153.2
1482,圣聆初雪,铃音吹雪,5153.2
1483,圣聆初雪,铃音吹雪,5153.2
1484,圣聆初雪,铃音吹雪,5153.2
1485,圣聆初雪,铃音吹雪,5153.2
1486,圣聆初雪,铃音吹雪,5153.2
1487,圣聆初雪,铃音吹雪,5153.2
1488,圣聆初雪,铃音吹雪,5153.2
1489,圣聆初雪,铃音吹雪,5153.2
1490,圣聆初雪,铃音吹雪,5153.2
1491,圣聆初雪,铃音吹雪,5153.2
1492,圣聆初雪,铃音吹雪,5153.2
1493,圣聆初雪,铃音吹雪,5153.2
1494,圣聆初雪,铃音吹雪,5153.2
1495,圣聆初雪,铃音吹雪,5153.2
1496,圣聆初雪,铃音吹雪,5153.2
1497,圣聆初雪,铃音吹雪,5153.2
1498,圣聆初雪,铃音吹雪,5153.2
1499,圣聆初雪,铃音吹雪,5153.2
1500,圣聆初雪,铃音吹雪,5153.2
1501,圣聆初雪,铃音吹雪,5153.2
1502,圣聆初雪,铃音吹雪,5153.2
1503,圣聆初雪,铃音吹雪,5153.2
1504,圣聆初雪,铃音吹雪,5153.2
1505,圣聆初雪,铃音吹雪,5153.2
1506,圣聆初雪,铃音吹雪,5153.2
1507,圣聆初雪,铃音吹雪,5153.2
1508,圣聆初雪,铃音吹雪,5153.2
1509,圣聆初雪,铃音吹雪,5153.2
1510,圣聆初雪,铃音吹雪,5153.2
1511,圣聆初雪,铃音吹雪,5153.2
1512,圣聆初雪,铃音吹雪,5153.2
1513,圣聆初雪,铃音吹雪,5153.2
1514,圣聆初雪,铃音吹雪,5153.2
1515,圣聆初雪,铃音吹雪,5153.2
1516,圣聆初雪,铃音吹雪,5153.2
1517,圣聆初雪,铃音吹雪,5153.2
1518,圣聆初雪,铃音吹雪,5153.2
1519,圣聆初雪,铃音吹雪,5153.2
1520,圣聆初雪,铃音吹雪,5153.2
1521,圣聆初雪,铃音吹雪,5153.2
1522,圣聆初雪,铃音吹雪,5153.2
1523,圣聆初雪,铃音吹雪,5153.2
1524,圣聆初雪,铃音吹雪,5153.2
1525,圣聆初雪,铃音吹雪,5153.2
1526,圣聆初雪,铃音吹雪,5153.2
1527,圣聆初雪,铃音吹雪,5153.2
1528,圣聆初雪,铃音吹雪,5153.2
1529,圣聆初雪,铃音吹雪,5153.2
1530,圣聆初雪,铃音吹雪,5153.2
1531,圣聆初雪,铃音吹雪,5153.2
1532,圣聆初雪,铃音吹雪,5153.2
1533,圣聆初雪,铃音吹雪,5153.2
1534,圣聆初雪,铃音吹雪,5153.2
1535,圣聆初雪,铃音吹雪,5153.2
1536,圣聆初雪,铃音吹雪,5153.2
1537,圣聆初雪,铃音吹雪,5153.2
1538,圣聆初雪,铃音吹雪,5153.2
1539,圣聆初雪,铃音吹雪,5153.2
1540,圣聆初雪,铃音吹雪,5153.2
1541,圣聆初雪,铃音吹雪,5153.2
1542,圣聆初雪,铃音吹雪,5153.2
1543,圣聆初雪,铃音吹雪,5153.2
1544,圣聆初雪,铃音吹雪,5153.2
1545,圣聆初雪,铃音吹雪,5153.2
1546,圣聆初雪,铃音吹雪,5153.2
1547,圣聆初雪,铃音吹雪,5153.2
1548,圣聆初雪,铃音吹雪,5153.2
1549,圣聆初雪,铃音吹雪,5153.2
1550,圣聆初雪,铃音吹雪,5153.2
1551,圣聆初雪,铃音吹雪,5153.2
1552,圣聆初雪,铃音吹雪,5153.2
1553,圣聆初雪,铃音吹雪,5153.2
1554,圣聆初雪,铃音吹雪,5153.2
1555,圣聆初雪,铃音吹雪,5153.2
1556,圣聆初雪,铃音吹雪,5153.2
1557,圣聆初雪,铃音吹雪,5153.2
1558,圣聆初雪,铃音吹雪,5153.2
1559,圣聆初雪,铃音吹雪,5153.2
1560,圣聆初雪,铃音吹雪,5153.2
1561,圣聆初雪,铃音吹雪,5153.2
1562,圣聆初雪,铃音吹雪,5153.2
1563,圣聆初雪,铃音吹雪,5153.2
1564,圣聆初雪,铃音吹雪,5153.2
1565,圣聆初雪,铃音吹雪,5153.2
1566,圣聆初雪,铃音吹雪,5153.2
1567,圣聆初雪,铃音吹雪,5153.2
1568,圣聆初雪,铃音吹雪,5153.2
1569,圣聆初雪,铃音吹雪,5153.2
1570,圣聆初雪,铃音吹雪,5153.2
1571,圣聆初雪,铃音吹雪,5153.2
1572,圣聆初雪,铃音吹雪,5153.2
1573,圣聆初雪,铃音吹雪,5153.2
1574,圣聆初雪,铃音吹雪,5153.2
1575,圣聆初雪,铃音吹雪,5153.2
1576,圣聆初雪,铃音吹雪,5153.2
1577,圣聆初雪,铃音吹雪,5153.2
1578,圣聆初雪,铃音吹雪,5153.2
1579,圣聆初雪,铃音吹雪,5153.2
1580,圣聆初雪,铃音吹雪,5153.2
1581,圣聆初雪,铃音吹雪,5153.2
1582,圣聆初雪,铃音吹雪,5153.2
1583,圣聆初雪,铃音吹雪,5153.2
1584,圣聆初雪,铃音吹雪,5153.2
1585,圣聆初雪,铃音吹雪,5153.2
1586,圣聆初雪,铃音吹雪,5153.2
1587,圣聆初雪,铃音吹雪,5153.2
1588,圣聆初雪,铃音吹雪,5153.2
1589,圣聆初雪,铃音吹雪,5153.2
1590,圣聆初雪,铃音吹雪,5153.2
1591,圣聆初雪,铃音吹雪,5153.2
1592,圣聆初雪,铃音吹雪,5153.2
1593,圣聆初雪,铃音吹雪,5153.2
1594,圣聆初雪,铃音吹雪,5153.2
1595,圣聆初雪,铃音吹雪,5153.2
1596,圣聆初雪,铃音吹雪,5153.2
1597,圣聆初雪,铃音吹雪,5153.2
1598,圣聆初雪,铃音吹雪,5153.2
1599,圣聆初雪,铃音吹雪,5153.2
1600,圣聆初雪,铃音吹雪,5153.2
1601,圣聆初雪,铃音吹雪,5153.2
1602,圣聆初雪,铃音吹雪,5153.2
1603,圣聆初雪,铃音吹雪,5153.2
1604,圣聆初雪,铃音吹雪,5153.2
1605,圣聆初雪,铃音吹雪,5153.2
1606,圣聆初雪,铃音吹雪,5153.2
1607,圣聆初雪,铃音吹雪,5153.2
1608,圣聆初雪,铃音吹雪,5153.2
1609,圣聆初雪,铃音吹雪,5153.2
1610,圣聆初雪,铃音吹雪,5153.2
1611,圣聆初雪,铃音吹雪,5153.2
1612,圣聆初雪,铃音吹雪,5153.2
1613,圣聆初雪,铃音吹雪,5153.2
1614,圣聆初雪,铃音吹雪,5153.2
1615,圣聆初雪,铃音吹雪,5153.2
1616,圣聆初雪,铃音吹雪,5153.2
1617,圣聆初雪,铃音吹雪,5153.2
1618,圣聆初雪,铃音吹雪,5153.2
1619,圣聆初雪,铃音吹雪,5153.2
1620,圣聆初雪,铃音吹雪,5153.2
1621,圣聆初雪,铃音吹雪,5153.2
1622,圣聆初雪,铃音吹雪,5153.2
1623,圣聆初雪,铃音吹雪,5153.2
1624,圣聆初雪,铃音吹雪,5153.2
1625,圣聆初雪,铃音吹雪,5153.2
1626,圣聆初雪,铃音吹雪,5153.2
1627,圣聆初雪,铃音吹雪,5153.2
1628,圣聆初雪,铃音吹雪,5153.2
1629,圣聆初雪,铃音吹雪,5153.2
1630,圣聆初雪,铃音吹雪,5153.2
1631,圣聆初雪,铃音吹雪,5153.2
1632,圣聆初雪,铃音吹雪,5153.2
1633,圣聆初雪,铃音吹雪,5153.2
1634,圣聆初雪,铃音吹雪,5153.2
1635,圣聆初雪,铃音吹雪,5153.2
1636,圣聆初雪,铃音吹雪,5153.2
1637,圣聆初雪,铃音吹雪,5153.2
1638,圣聆初雪,铃音吹雪,5153.2
1639,圣聆初雪,铃音吹雪,5153.2
1640,圣聆初雪,铃音吹雪,5153.2
1641,圣聆初雪,铃音吹雪,5153.2
1642,圣聆初雪,铃音吹雪,5153.2
1643,圣聆初雪,铃音吹雪,5153.2
1644,圣聆初雪,铃音吹雪,5153.2
1645,圣聆初雪,铃音吹雪,5153.2
1646,圣聆初雪,铃音吹雪,5153.2
1647,圣聆初雪,铃音吹雪,5153.2
1648,圣聆初雪,铃音吹雪,5153.2
1649,圣聆初雪,铃音吹雪,5153.2
1650,圣聆初雪,铃音吹雪,5153.2
1651,圣聆初雪,铃音吹雪,5153.2
1652,圣聆初雪,铃音吹雪,5153.2
1653,圣聆初雪,铃音吹雪,5153.2
1654,圣聆初雪,铃音吹雪,5153.2
1655,圣聆初雪,铃音吹雪,5153.2
1656,圣聆初雪,铃音吹雪,5153.2
1657,圣聆初雪,铃音吹雪,5153.2
1658,圣聆初雪,铃音吹雪,5153.2
1659,圣聆初雪,铃音吹雪,5153.2
1660,圣聆初雪,铃音吹雪,5153.2
1661,圣聆初雪,铃音吹雪,5153.2
1662,圣聆初雪,铃音吹雪,5153.2
1663,圣聆初雪,铃音吹雪,5153.2
1664,圣聆初雪,铃音吹雪,5153.2
1665,圣聆初雪,铃音吹雪,5153.2
1666,圣聆初雪,铃音吹雪,5153.2
1667,圣聆初雪,铃音吹雪,5153.2
1668,圣聆初雪,铃音吹雪,5153.2
1669,圣聆初雪,铃音吹雪,5153.2
1670,圣聆初雪,铃音吹雪,5153.2
1671,圣聆初雪,铃音吹雪,5153.2
1672,圣聆初雪,铃音吹雪,5153.2
1673,圣聆初雪,铃音吹雪,5153.2
1674,圣聆初雪,铃音吹雪,5153.2
1675,圣聆初雪,铃音吹雪,5153.2
1676,圣聆初雪,铃音吹雪,5153.2
1677,圣聆初雪,铃音吹雪,5153.2
1678,圣聆初雪,铃音吹雪,5153.2
1679,圣聆初雪,铃音吹雪,5153.2
1680,圣聆初雪,铃音吹雪,5153.2
1681,圣聆初雪,铃音吹雪,5153.2
1682,圣聆初雪,铃音吹雪,5153.2
1683,圣聆初雪,铃音吹雪,5153.2
1684,圣聆初雪,铃音吹雪,5153.2
1685,圣聆初雪,铃音吹雪,5153.2
1686,圣聆初雪,铃音吹雪,5153.2
1687,圣聆初雪,铃音吹雪,5153.2
1688,圣聆初雪,铃音吹雪,5153.2
1689,圣聆初雪,铃音吹雪,5153.2
1690,圣聆初雪,铃音吹雪,5153.2
1691,圣聆初雪,铃音吹雪,5153.2
1692,圣聆初雪,铃音吹雪,5153.2
1693,圣聆初雪,铃音吹雪,5153.2
1694,圣聆初雪,铃音吹雪,5153.2
1695,圣聆初雪,铃音吹雪,5153.2
1696,圣聆初雪,铃音吹雪,5153.2
1697,圣聆初雪,铃音吹雪,5153.2
1698,圣聆初雪,铃音吹雪,5153.2
1699,圣聆初雪,铃音吹雪,5153.2
1700,圣聆初雪,铃音吹雪,5153.2
1701,圣聆初雪,铃音吹雪,5153.2
1702,圣聆初雪,铃音吹雪,5153.2
1703,圣聆初雪,铃音吹雪,5153.2
1704,圣聆初雪,铃音吹雪,5153.2
1705,圣聆初雪,铃音吹雪,5153.2
1706,圣聆初雪,铃音吹雪,5153.2
1707,圣聆初雪,铃音吹雪,5153.2
1708,圣聆初雪,铃音吹雪,5153.2
1709,圣聆初雪,铃音吹雪,5153.2
1710,圣聆初雪,铃音吹雪,5153.2
1711,圣聆初雪,铃音吹雪,5153.2
1712,圣聆初雪,铃音吹雪,5153.2
1713,圣聆初雪,铃音吹雪,5153.2
1714,圣聆初雪,铃音吹雪,5153.2
1715,圣聆初雪,铃音吹雪,5153.2
1716,圣聆初雪,铃音吹雪,5153.2
1717,圣聆初雪,铃音吹雪,5153.2
1718,圣聆初雪,铃音吹雪,5153.2
1719,圣聆初雪,铃音吹雪,5153.2
1720,圣聆初雪,铃音吹雪,5153.2
1721,圣聆初雪,铃音吹雪,5153.2
1722,圣聆初雪,铃音吹雪,5153.2
1723,圣聆初雪,铃音吹雪,5153.2
1724,圣聆初雪,铃音吹雪,5153.2
1725,圣聆初雪,铃音吹雪,5153.2
1726,圣聆初雪,铃音吹雪,5153.2
1727,圣聆初雪,铃音吹雪,5153.2
1728,圣聆初雪,铃音吹雪,5153.2
1729,圣聆初雪,铃音吹雪,5153.2
1730,圣聆初雪,铃音吹雪,5153.2
1731,圣聆初雪,铃音吹雪,5153.2
1732,圣聆初雪,铃音吹雪,5153.2
1733,圣聆初雪,铃音吹雪,5153.2
1734,圣聆初雪,铃音吹雪,5153.2
1735,圣聆初雪,铃音吹雪,5153.2
1736,圣聆初雪,铃音吹雪,5153.2
1737,圣聆初雪,铃音吹雪,5153.2
1738,圣聆初雪,铃音吹雪,5153.2
1739,圣聆初雪,铃音吹雪,5153.2
1740,圣聆初雪,铃音吹雪,5153.2
1741,圣聆初雪,铃音吹雪,5153.2
1742,圣聆初雪,铃音吹雪,5153.2
1743,圣聆初雪,铃音吹雪,5153.2
1744,圣聆初雪,铃音吹雪,5153.2
1745,圣聆初雪,铃音吹雪,5153.2
1746,圣聆初雪,铃音吹雪,5153.2
1747,圣聆初雪,铃音吹雪,5153.2
1748,圣聆初雪,铃音吹雪,5153.2
1749,圣聆初雪,铃音吹雪,5153.2
1750,圣聆初雪,铃音吹雪,5153.2
1751,圣聆初雪,铃音吹雪,5153.2
1752,圣聆初雪,铃音吹雪,5153.2
1753,圣聆初雪,铃音吹雪,5153.2
1754,圣聆初雪,铃音吹雪,5153.2
1755,圣聆初雪,铃音吹雪,5153.2
1756,圣聆初雪,铃音吹雪,5153.2
1757,圣聆初雪,铃音吹雪,5153.2
1758,圣聆初雪,铃音吹雪,5153.2
1759,圣聆初雪,铃音吹雪,5153.2
1760,圣聆初雪,铃音吹雪,5153.2
1761,圣聆初雪,铃音吹雪,5153.2
1762,圣聆初雪,铃音吹雪,5153.2
1763,圣聆初雪,铃音吹雪,5153.2
1764,圣聆初雪,铃音吹雪,5153.2
1765,圣聆初雪,铃音吹雪,5153.2
1766,圣聆初雪,铃音吹雪,5153.2
1767,圣聆初雪,铃音吹雪,5153.2
1768,圣聆初雪,铃音吹雪,5153.2
1769,圣聆初雪,铃音吹雪,5153.2
1770,圣聆初雪,铃音吹雪,5153.2
1771,圣聆初雪,铃音吹雪,5153.2
1772,圣聆初雪,铃音吹雪,5153.2
1773,圣聆初雪,铃音吹雪,5153.2
1774,圣聆初雪,铃音吹雪,5153.2
1775,圣聆初雪,铃音吹雪,5153.2
1776,圣聆初雪,铃音吹雪,5153.2
1777,圣聆初雪,铃音吹雪,5153.2
1778,圣聆初雪,铃音吹雪,5153.2
1779,圣聆初雪,铃音吹雪,5153.2
1780,圣聆初雪,铃音吹雪,5153.2
1781,圣聆初雪,铃音吹雪,5153.2
1782,圣聆初雪,铃音吹雪,5153.2
1783,圣聆初雪,铃音吹雪,5153.2
1784,圣聆初雪,铃音吹雪,5153.2
1785,圣聆初雪,铃音吹雪,5153.2
1786,圣聆初雪,铃音吹雪,5153.2
1787,圣聆初雪,铃音吹雪,5153.2
1788,圣聆初雪,铃音吹雪,5153.2
1789,圣聆初雪,铃音吹雪,5153.2
1790,圣聆初雪,铃音吹雪,5153.2
1791,圣聆初雪,铃音吹雪,5153.2
1792,圣聆初雪,铃音吹雪,5153.2
1793,圣聆初雪,铃音吹雪,5153.2
1794,圣聆初雪,铃音吹雪,5153.2
1795,圣聆初雪,铃音吹雪,5153.2
1796,圣聆初雪,铃音吹雪,5153.2
1797,圣聆初雪,铃音吹雪,5153.2
1798,圣聆初雪,铃音吹雪,5153.2
1799,圣聆初雪,铃音吹雪,5153.2
1800,圣聆初雪,铃音吹雪,5153.2
1801,圣聆初雪,铃音吹雪,5153.2
1802,圣聆初雪,铃音吹雪,5153.2
1803,圣聆初雪,铃音吹雪,5153.2
1804,圣聆初雪,铃音吹雪,5153.2
1805,圣聆初雪,铃音吹雪,5153.2
1806,圣聆初雪,铃音吹雪,5153.2
1807,圣聆初雪,铃音吹雪,5153.2
1808,圣聆初雪,铃音吹雪,5153.2
1809,圣聆初雪,铃音吹雪,5153.2
1810,圣聆初雪,铃音吹雪,5153.2
1811,圣聆初雪,铃音吹雪,5153.2
1812,圣聆初雪,铃音吹雪,5153.2
1813,圣聆初雪,铃音吹雪,5153.2
1814,圣聆初雪,铃音吹雪,5153.2
1815,圣聆初雪,铃音吹雪,5153.2
1816,圣聆初雪,铃音吹雪,5153.2
1817,圣聆初雪,铃音吹雪,5153.2
1818,圣聆初雪,铃音吹雪,5153.2
1819,圣聆初雪,铃音吹雪,5153.2
1820,圣聆初雪,铃音吹雪,5153.2
1821,圣聆初雪,铃音吹雪,5153.2
1822,圣聆初雪,铃音吹雪,5153.2
1823,圣聆初雪,铃音吹雪,5153.2
1824,圣聆初雪,铃音吹雪,5153.2
1825,圣聆初雪,铃音吹雪,5153.2
1826,圣聆初雪,铃音吹雪,5153.2
1827,圣聆初雪,铃音吹雪,5153.2
1828,圣聆初雪,铃音吹雪,5153.2
1829,圣聆初雪,铃音吹雪,5153.2
1830,圣聆初雪,铃音吹雪,5153.2
1831,圣聆初雪,铃音吹雪,5153.2
1832,圣聆初雪,铃音吹雪,5153.2
1833,圣聆初雪,铃音吹雪,5153.2
1834,圣聆初雪,铃音吹雪,5153.2
1835,圣聆初雪,铃音吹雪,5153.2
1836,圣聆初雪,铃音吹雪,5153.2
1837,圣聆初雪,铃音吹雪,5153.2
1838,圣聆初雪,铃音吹雪,5153.2
1839,圣聆初雪,铃音吹雪,5153.2
1840,圣聆初雪,铃音吹雪,5153.2
1841,圣聆初雪,铃音吹雪,5153.2
1842,圣聆初雪,铃音吹雪,5153.2
1843,圣聆初雪,铃音吹雪,5153.2
1844,圣聆初雪,铃音吹雪,5153.2
1845,圣聆初雪,铃音吹雪,5153.2
1846,圣聆初雪,铃音吹雪,5153.2
1847,圣聆初雪,铃音吹雪,5153.2
1848,圣聆初雪,铃音吹雪,5153.2
1849,圣聆初雪,铃音吹雪,5153.2
1850,圣聆初雪,铃音吹雪,5153.2
1851,圣聆初雪,铃音吹雪,5153.2
1852,圣聆初雪,铃音吹雪,5153.2
1853,圣聆初雪,铃音吹雪,5153.2
1854,圣聆初雪,铃音吹雪,5153.2
1855,圣聆初雪,铃音吹雪,5153.2
1856,圣聆初雪,铃音吹雪,5153.2
1857,圣聆初雪,铃音吹雪,5153.2
1858,圣聆初雪,铃音吹雪,5153.2
1859,圣聆初雪,铃音吹雪,5153.2
1860,圣聆初雪,铃音吹雪,5153.2
1861,圣聆初雪,铃音吹雪,5153.2
1862,圣聆初雪,铃音吹雪,5153.2
1863,圣聆初雪,铃音吹雪,5153.2
1864,圣聆初雪,铃音吹雪,5153.2
1865,圣聆初雪,铃音吹雪,5153.2
1866,圣聆初雪,铃音吹雪,5153.2
1867,圣聆初雪,铃音吹雪,5153.2
1868,圣聆初雪,铃音吹雪,5153.2
1869,圣聆初雪,铃音吹雪,5153.2
1870,圣聆初雪,铃音吹雪,5153.2
1871,圣聆初雪,铃音吹雪,5153.2
1872,圣聆初雪,铃音吹雪,5153.2
1873,圣聆初雪,铃音吹雪,5153.2
1874,圣聆初雪,铃音吹雪,5153.2
1875,圣聆初雪,铃音吹雪,5153.2
1876,圣聆初雪,铃音吹雪,5153.2
1877,圣聆初雪,铃音吹雪,5153.2
1878,圣聆初雪,铃音吹雪,5153.2
1879,圣聆初雪,铃音吹雪,5153.2
1880,圣聆初雪,铃音吹雪,5153.2
1881,圣聆初雪,铃音吹雪,5153.2
1882,圣聆初雪,铃音吹雪,5153.2
1883,圣聆初雪,铃音吹雪,5153.2
1884,圣聆初雪,铃音吹雪,5153.2
1885,圣聆初雪,铃音吹雪,5153.2
1886,圣聆初雪,铃音吹雪,5153.2
1887,圣聆初雪,铃音吹雪,5153.2
1888,圣聆初雪,铃音吹雪,5153.2
1889,圣聆初雪,铃音吹雪,5153.2
1890,圣聆初雪,铃音吹雪,5153.2
1891,圣聆初雪,铃音吹雪,5153.2
1892,圣聆初雪,铃音吹雪,5153.2
1893,圣聆初雪,铃音吹雪,5153.2
1894,圣聆初雪,铃音吹雪,5153.2
1895,圣聆初雪,铃音吹雪,5153.2
1896,圣聆初雪,铃音吹雪,5153.2
1897,圣聆初雪,铃音吹雪,5153.2
1898,圣聆初雪,铃音吹雪,5153.2
1899,圣聆初雪,铃音吹雪,5153.2
1900,圣聆初雪,铃音吹雪,5153.2
1901,圣聆初雪,铃音吹雪,5153.2
1902,圣聆初雪,铃音吹雪,5153.2
1903,圣聆初雪,铃音吹雪,5153.2
1904,圣聆初雪,铃音吹雪,5153.2
1905,圣聆初雪,铃音吹雪,5153.2
1906,圣聆初雪,铃音吹雪,5153.2
1907,圣聆初雪,铃音吹雪,5153.2
1908,圣聆初雪,铃音吹雪,5153.2
1909,圣聆初雪,铃音吹雪,5153.2
1910,圣聆初雪,铃音吹雪,5153.2
1911,圣聆初雪,铃音吹雪,5153.2
1912,圣聆初雪,铃音吹雪,5153.2
1913,圣聆初雪,铃音吹雪,5153.2
1914,圣聆初雪,铃音吹雪,5153.2
1915,圣聆初雪,铃音吹雪,5153.2
1916,圣聆初雪,铃音吹雪,5153.2
1917,圣聆初雪,铃音吹雪,5153.2
1918,圣聆初雪,铃音吹雪,5153.2
1919,圣聆初雪,铃音吹雪,5153.2
1920,圣聆初雪,铃音吹雪,5153.2
1921,圣聆初雪,铃音吹雪,5153.2
1922,圣聆初雪,铃音吹雪,5153.2
1923,圣聆初雪,铃音吹雪,5153.2
1924,圣聆初雪,铃音吹雪,5153.2
1925,圣聆初雪,铃音吹雪,5153.2
1926,圣聆初雪,铃音吹雪,5153.2
1927,圣聆初雪,铃音吹雪,5153.2
1928,圣聆初雪,铃音吹雪,5153.2
1929,圣聆初雪,铃音吹雪,5153.2
1930,圣聆初雪,铃音吹雪,5153.2
1931,圣聆初雪,铃音吹雪,5153.2
1932,圣聆初雪,铃音吹雪,5153.2
1933,圣聆初雪,铃音吹雪,5153.2
1934,圣聆初雪,铃音吹雪,5153.2
1935,圣聆初雪,铃音吹雪,5153.2
1936,圣聆初雪,铃音吹雪,5153.2
1937,圣聆初雪,铃音吹雪,5153.2
1938,圣聆初雪,铃音吹雪,5153.2
1939,圣聆初雪,铃音吹雪,5153.2
1940,圣聆初雪,铃音吹雪,5153.2
1941,圣聆初雪,铃音吹雪,5153.2
1942,圣聆初雪,铃音吹雪,5153.2
1943,圣聆初雪,铃音吹雪,5153.2
1944,圣聆初雪,铃音吹雪,5153.2
1945,圣聆初雪,铃音吹雪,5153.2
1946,圣聆初雪,铃音吹雪,5153.2
1947,圣聆初雪,铃音吹雪,5153.2
1948,圣聆初雪,铃音吹雪,5153.2
1949,圣聆初雪,铃音吹雪,5153.2
1950,圣聆初雪,铃音吹雪,5153.2
1951,圣聆初雪,铃音吹雪,5153.2
1952,圣聆初雪,铃音吹雪,5153.2
1953,圣聆初雪,铃音吹雪,5153.2
1954,圣聆初雪,铃音吹雪,5153.2
1955,圣聆初雪,铃音吹雪,5153.2
1956,圣聆初雪,铃音吹雪,5153.2
1957,圣聆初雪,铃音吹雪,5153.2
1958,圣聆初雪,铃音吹雪,5153.2
1959,圣聆初雪,铃音吹雪,5153.2
1960,圣聆初雪,铃音吹雪,5153.2
1961,圣聆初雪,铃音吹雪,5153.2
1962,圣聆初雪,铃音吹雪,5153.2
1963,圣聆初雪,铃音吹雪,5153.2
1964,圣聆初雪,铃音吹雪,5153.2
1965,圣聆初雪,铃音吹雪,5153.2
1966,圣聆初雪,铃音吹雪,5153.2
1967,圣聆初雪,铃音吹雪,5153.2
1968,圣聆初雪,铃音吹雪,5153.2
1969,圣聆初雪,铃音吹雪,5153.2
1970,圣聆初雪,铃音吹雪,5153.2
1971,圣聆初雪,铃音吹雪,5153.2
1972,圣聆初雪,铃音吹雪,5153.2
1973,圣聆初雪,铃音吹雪,5153.2
1974,圣聆初雪,铃音吹雪,5153.2
1975,圣聆初雪,铃音吹雪,5153.2
1976,圣聆初雪,铃音吹雪,5153.2
1977,圣聆初雪,铃音吹雪,5153.2
1978,圣聆初雪,铃音吹雪,5153.2
1979,圣聆初雪,铃音吹雪,5153.2
1980,圣聆初雪,铃音吹雪,5153.2
1981,圣聆初雪,铃音吹雪,5153.2
1982,圣聆初雪,铃音吹雪,5153.2
1983,圣聆初雪,铃音吹雪,5153.2
1984,圣聆初雪,铃音吹雪,5153.2
1985,圣聆初雪,铃音吹雪,5153.2
1986,圣聆初雪,铃音吹雪,5153.2
1987,圣聆初雪,铃音吹雪,5153.2
1988,圣聆初雪,铃音吹雪,5153.2
1989,圣聆初雪,铃音吹雪,5153.2
1990,圣聆初雪,铃音吹雪,5153.2
1991,圣聆初雪,铃音吹雪,5153.2
1992,圣聆初雪,铃音吹雪,5153.2
1993,圣聆初雪,铃音吹雪,5153.2
1994,圣聆初雪,铃音吹雪,5153.2
1995,圣聆初雪,铃音吹雪,5153.2
1996,圣聆初雪,铃音吹雪,5153.2
1997,圣聆初雪,铃音吹雪,5153.2
1998,圣聆初雪,铃音吹雪,5153.2
1999,圣聆初雪,铃音吹雪,5153.2
2000,圣聆初雪,铃音吹雪,5153.2
2001,圣聆初雪,铃音吹雪,5153.2
2002,圣聆初雪,铃音吹雪,5153.2
2003,圣聆初雪,铃音吹雪,5153.2
2004,圣聆初雪,铃音吹雪,5153.2
2005,圣聆初雪,铃音吹雪,5153.2
2006,圣聆初雪,铃音吹雪,5153.2
2007,圣聆初雪,铃音吹雪,5153.2
2008,圣聆初雪,铃音吹雪,5153.2
2009,圣聆初雪,铃音吹雪,5153.2
2010,圣聆初雪,铃音吹雪,5153.2
2011,圣聆初雪,铃音吹雪,5153.2
2012,圣聆初雪,铃音吹雪,5153.2
2013,圣聆初雪,铃音吹雪,5153.2
2014,圣聆初雪,铃音吹雪,5153.2
2015,圣聆初雪,铃音吹雪,5153.2
2016,圣聆初雪,铃音吹雪,5153.2
2017,圣聆初雪,铃音吹雪,5153.2
2018,圣聆初雪,铃音吹雪,5153.2
2019,圣聆初雪,铃音吹雪,5153.2
2020,圣聆初雪,铃音吹雪,5153.2
2021,圣聆初雪,铃音吹雪,5153.2
2022,圣聆初雪,铃音吹雪,5153.2
2023,圣聆初雪,铃音吹雪,5153.2
2024,圣聆初雪,铃音吹雪,5153.2
2025,圣聆初雪,铃音吹雪,5153.2
2026,圣聆初雪,铃音吹雪,5153.2
2027,圣聆初雪,铃音吹雪,5153.2
2028,圣聆初雪,铃音吹雪,5153.2
2029,圣聆初雪,铃音吹雪,5153.2
2030,圣聆初雪,铃音吹雪,5153.2
2031,圣聆初雪,铃音吹雪,5153.2
2032,圣聆初雪,铃音吹雪,5153.2
2033,圣聆初雪,铃音吹雪,5153.2
2034,圣聆初雪,铃音吹雪,5153.2
2035,圣聆初雪,铃音吹雪,5153.2
2036,圣聆初雪,铃音吹雪,5153.2
2037,圣聆初雪,铃音吹雪,5153.2
2038,圣聆初雪,铃音吹雪,5153.2
2039,圣聆初雪,铃音吹雪,5153.2
2040,圣聆初雪,铃音吹雪,5153.2
2041,圣聆初雪,铃音吹雪,5153.2
2042,圣聆初雪,铃音吹雪,5153.2
2043,圣聆初雪,铃音吹雪,5153.2
2044,圣聆初雪,铃音吹雪,5153.2
2045,圣聆初雪,铃音吹雪,5153.2
2046,圣聆初雪,铃音吹雪,5153.2
2047,圣聆初雪,铃音吹雪,5153.2
2048,圣聆初雪,铃音吹雪,5153.2
2049,圣聆初雪,铃音吹雪,5153.2
2050,圣聆初雪,铃音吹雪,5153.2
2051,圣聆初雪,铃音吹雪,5153.2
2052,圣聆初雪,铃音吹雪,5153.2
2053,圣聆初雪,铃音吹雪,5153.2
2054,圣聆初雪,铃音吹雪,5153.2
2055,圣聆初雪,铃音吹雪,5153.2
2056,圣聆初雪,铃音吹雪,5153.2
2057,圣聆初雪,铃音吹雪,5153.2
2058,圣聆初雪,铃音吹雪,5153.2
2059,圣聆初雪,铃音吹雪,5153.2
2060,圣聆初雪,铃音吹雪,5153.2
2061,圣聆初雪,铃音吹雪,5153.2
2062,圣聆初雪,铃音吹雪,5153.2
2063,圣聆初雪,铃音吹雪,5153.2
2064,圣聆初雪,铃音吹雪,5153.2
2065,圣聆初雪,铃音吹雪,5153.2
2066,圣聆初雪,铃音吹雪,5153.2
2067,圣聆初雪,铃音吹雪,5153.2
2068,圣聆初雪,铃音吹雪,5153.2
2069,圣聆初雪,铃音吹雪,5153.2
2070,圣聆初雪,铃音吹雪,5153.2
2071,圣聆初雪,铃音吹雪,5153.2
2072,圣聆初雪,铃音吹雪,5153.2
2073,圣聆初雪,铃音吹雪,5153.2
2074,圣聆初雪,铃音吹雪,5153.2
2075,圣聆初雪,铃音吹雪,5153.2
2076,圣聆初雪,铃音吹雪,5153.2
2077,圣聆初雪,铃音吹雪,5153.2
2078,圣聆初雪,铃音吹雪,5153.2
2079,圣聆初雪,铃音吹雪,5153.2
2080,圣聆初雪,铃音吹雪,5153.2
2081,圣聆初雪,铃音吹雪,5153.2
2082,圣聆初雪,铃音吹雪,5153.2
2083,圣聆初雪,铃音吹雪,5153.2
2084,圣聆初雪,铃音吹雪,5153.2
2085,圣聆初雪,铃音吹雪,5153.2
2086,圣聆初雪,铃音吹雪,5153.2
2087,圣聆初雪,铃音吹雪,5153.2
2088,圣聆初雪,铃音吹雪,5153.2
2089,圣聆初雪,铃音吹雪,5153.2
2090,圣聆初雪,铃音吹雪,5153.2
2091,圣聆初雪,铃音吹雪,5153.2
2092,圣聆初雪,铃音吹雪,5153.2
2093,圣聆初雪,铃音吹雪,5153.2
2094,圣聆初雪,铃音吹雪,5153.2
2095,圣聆初雪,铃音吹雪,5153.2
2096,圣聆初雪,铃音吹雪,5153.2
2097,圣聆初雪,铃音吹雪,5153.2
2098,圣聆初雪,铃音吹雪,5153.2
2099,圣聆初雪,铃音吹雪,5153.2
2100,圣聆初雪,铃音吹雪,5153.2
2101,圣聆初雪,铃音吹雪,5153.2
2102,圣聆初雪,铃音吹雪,5153.2
2103,圣聆初雪,铃音吹雪,5153.2
2104,圣聆初雪,铃音吹雪,5153.2
2105,圣聆初雪,铃音吹雪,5153.2
2106,圣聆初雪,铃音吹雪,5153.2
2107,圣聆初雪,铃音吹雪,5153.2
2108,圣聆初雪,铃音吹雪,5153.2
2109,圣聆初雪,铃音吹雪,5153.2
2110,圣聆初雪,铃音吹雪,5153.2
2111,圣聆初雪,铃音吹雪,5153.2
2112,圣聆初雪,铃音吹雪,5153.2
2113,圣聆初雪,铃音吹雪,5153.2
2114,圣聆初雪,铃音吹雪,5153.2
2115,圣聆初雪,铃音吹雪,5153.2
2116,圣聆初雪,铃音吹雪,5153.2
2117,圣聆初雪,铃音吹雪,5153.2
2118,圣聆初雪,铃音吹雪,5153.2
2119,圣聆初雪,铃音吹雪,5153.2
2120,圣聆初雪,铃音吹雪,5153.2
2121,圣聆初雪,铃音吹雪,5153.2
2122,圣聆初雪,铃音吹雪,5153.2
2123,圣聆初雪,铃音吹雪,5153.2
2124,圣聆初雪,铃音吹雪,5153.2
2125,圣聆初雪,铃音吹雪,5153.2
2126,圣聆初雪,铃音吹雪,5153.2
2127,圣聆初雪,铃音吹雪,5153.2
2128,圣聆初雪,铃音吹雪,5153.2
2129,圣聆初雪,铃音吹雪,5153.2
2130,圣聆初雪,铃音吹雪,5153.2
2131,圣聆初雪,铃音吹雪,5153.2
2132,圣聆初雪,铃音吹雪,5153.2
2133,圣聆初雪,铃音吹雪,5153.2
2134,圣聆初雪,铃音吹雪,5153.2
2135,圣聆初雪,铃音吹雪,5153.2
2136,圣聆初雪,铃音吹雪,5153.2
2137,圣聆初雪,铃音吹雪,5153.2
2138,圣聆初雪,铃音吹雪,5153.2
2139,圣聆初雪,铃音吹雪,5153.2
2140,圣聆初雪,铃音吹雪,5153.2
2141,圣聆初雪,铃音吹雪,5153.2
2142,圣聆初雪,铃音吹雪,5153.2
2143,圣聆初雪,铃音吹雪,5153.2
2144,圣聆初雪,铃音吹雪,5153.2
2145,圣聆初雪,铃音吹雪,5153.2
2146,圣聆初雪,铃音吹雪,5153.2
2147,圣聆初雪,铃音吹雪,5153.2
2148,圣聆初雪,铃音吹雪,5153.2
2149,圣聆初雪,铃音吹雪,5153.2
2150,圣聆初雪,铃音吹雪,5153.2
2151,圣聆初雪,铃音吹雪,5153.2
2152,圣聆初雪,铃音吹雪,5153.2
2153,圣聆初雪,铃音吹雪,5153.2
2154,圣聆初雪,铃音吹雪,5153.2
2155,圣聆初雪,铃音吹雪,5153.2
2156,圣聆初雪,铃音吹雪,5153.2
2157,圣聆初雪,铃音吹雪,5153.2
2158,圣聆初雪,铃音吹雪,5153.2
2159,圣聆初雪,铃音吹雪,5153.2
2160,圣聆初雪,铃音吹雪,5153.2
2161,圣聆初雪,铃音吹雪,5153.2
2162,圣聆初雪,铃音吹雪,5153.2
2163,圣聆初雪,铃音吹雪,5153.2
2164,圣聆初雪,铃音吹雪,5153.2
2165,圣聆初雪,铃音吹雪,5153.2
2166,圣聆初雪,铃音吹雪,5153.2
2167,圣聆初雪,铃音吹雪,5153.2
2168,圣聆初雪,铃音吹雪,5153.2
2169,圣聆初雪,铃音吹雪,5153.2
2170,圣聆初雪,铃音吹雪,5153.2
2171,圣聆初雪,铃音吹雪,5153.2
2172,圣聆初雪,铃音吹雪,5153.2
2173,圣聆初雪,铃音吹雪,5153.2
2174,圣聆初雪,铃音吹雪,5153.2
2175,圣聆初雪,铃音吹雪,5153.2
2176,圣聆初雪,铃音吹雪,5153.2
2177,圣聆初雪,铃音吹雪,5153.2
2178,圣聆初雪,铃音吹雪,5153.2
2179,圣聆初雪,铃音吹雪,5153.2
2180,圣聆初雪,铃音吹雪,5153.2
2181,圣聆初雪,铃音吹雪,5153.2
2182,圣聆初雪,铃音吹雪,5153.2
2183,圣聆初雪,铃音吹雪,5153.2
2184,圣聆初雪,铃音吹雪,5153.2
2185,圣聆初雪,铃音吹雪,5153.2
2186,圣聆初雪,铃音吹雪,5153.2
2187,圣聆初雪,铃音吹雪,5153.2
2188,圣聆初雪,铃音吹雪,5153.2
2189,圣聆初雪,铃音吹雪,5153.2
2190,圣聆初雪,铃音吹雪,5153.2
2191,圣聆初雪,铃音吹雪,5153.2
2192,圣聆初雪,铃音吹雪,5153.2
2193,圣聆初雪,铃音吹雪,5153.2
2194,圣聆初雪,铃音吹雪,5153.2
2195,圣聆初雪,铃音吹雪,5153.2
2196,圣聆初雪,铃音吹雪,5153.2
2197,圣聆初雪,铃音吹雪,5153.2
2198,圣聆初雪,铃音吹雪,5153.2
2199,圣聆初雪,铃音吹雪,5153.2
2200,圣聆初雪,铃音吹雪,5153.2
2201,圣聆初雪,铃音吹雪,5153.2
2202,圣聆初雪,铃音吹雪,5153.2
2203,圣聆初雪,铃音吹雪,5153.2
2204,圣聆初雪,铃音吹雪,5153.2
2205,圣聆初雪,铃音吹雪,5153.2
2206,圣聆初雪,铃音吹雪,5153.2
2207,圣聆初雪,铃音吹雪,5153.2
2208,圣聆初雪,铃音吹雪,5153.2
2209,圣聆初雪,铃音吹雪,5153.2
2210,圣聆初雪,铃音吹雪,5153.2
2211,圣聆初雪,铃音吹雪,5153.2
2212,圣聆初雪,铃音吹雪,5153.2
2213,圣聆初雪,铃音吹雪,5153.2
2214,圣聆初雪,铃音吹雪,5153.2
2215,圣聆初雪,铃音吹雪,5153.2
2216,圣聆初雪,铃音吹雪,5153.2
2217,圣聆初雪,铃音吹雪,5153.2
2218,圣聆初雪,铃音吹雪,5153.2
2219,圣聆初雪,铃音吹雪,5153.2
2220,圣聆初雪,铃音吹雪,5153.2
2221,圣聆初雪,铃音吹雪,5153.2
2222,圣聆初雪,铃音吹雪,5153.2
2223,圣聆初雪,铃音吹雪,5153.2
2224,圣聆初雪,铃音吹雪,5153.2
2225,圣聆初雪,铃音吹雪,5153.2
2226,圣聆初雪,铃音吹雪,5153.2
2227,圣聆初雪,铃音吹雪,5153.2
2228,圣聆初雪,铃音吹雪,5153.2
2229,圣聆初雪,铃音吹雪,5153.2
2230,圣聆初雪,铃音吹雪,5153.2
2231,圣聆初雪,铃音吹雪,5153.2
2232,圣聆初雪,铃音吹雪,5153.2
2233,圣聆初雪,铃音吹雪,5153.2
2234,圣聆初雪,铃音吹雪,5153.2
2235,圣聆初雪,铃音吹雪,5153.2
2236,圣聆初雪,铃音吹雪,5153.2
2237,圣聆初雪,铃音吹雪,5153.2
2238,圣聆初雪,铃音吹雪,5153.2
2239,圣聆初雪,铃音吹雪,5153.2
2240,圣聆初雪,铃音吹雪,5153.2
2241,圣聆初雪,铃音吹雪,5153.2
2242,圣聆初雪,铃音吹雪,5153.2
2243,圣聆初雪,铃音吹雪,5153.2
2244,圣聆初雪,铃音吹雪,5153.2
2245,圣聆初雪,铃音吹雪,5153.2
2246,圣聆初雪,铃音吹雪,5153.2
2247,圣聆初雪,铃音吹雪,5153.2
2248,圣聆初雪,铃音吹雪,5153.2
2249,圣聆初雪,铃音吹雪,5153.2
2250,圣聆初雪,铃音吹雪,5153.2
2251,圣聆初雪,铃音吹雪,5153.2
2252,圣聆初雪,铃音吹雪,5153.2
2253,圣聆初雪,铃音吹雪,5153.2
2254,圣聆初雪,铃音吹雪,5153.2
2255,圣聆初雪,铃音吹雪,5153.2
2256,圣聆初雪,铃音吹雪,5153.2
2257,圣聆初雪,铃音吹雪,5153.2
2258,圣聆初雪,铃音吹雪,5153.2
2259,圣聆初雪,铃音吹雪,5153.2
2260,圣聆初雪,铃音吹雪,5153.2
2261,圣聆初雪,铃音吹雪,5153.2
2262,圣聆初雪,铃音吹雪,5153.2
2263,圣聆初雪,铃音吹雪,5153.2
2264,圣聆初雪,铃音吹雪,5153.2
2265,圣聆初雪,铃音吹雪,5153.2
2266,圣聆初雪,铃音吹雪,5153.2
2267,圣聆初雪,铃音吹雪,5153.2
2268,圣聆初雪,铃音吹雪,5153.2
2269,圣聆初雪,铃音吹雪,5153.2
2270,圣聆初雪,铃音吹雪,5153.2
2271,圣聆初雪,铃音吹雪,5153.2
2272,圣聆初雪,铃音吹雪,5153.2
2273,圣聆初雪,铃音吹雪,5153.2
2274,圣聆初雪,铃音吹雪,5153.2
2275,圣聆初雪,铃音吹雪,5153.2
2276,圣聆初雪,铃音吹雪,5153.2
2277,圣聆初雪,铃音吹雪,5153.2
2278,圣聆初雪,铃音吹雪,5153.2
2279,圣聆初雪,铃音吹雪,5153.2
2280,圣聆初雪,铃音吹雪,5153.2
2281,圣聆初雪,铃音吹雪,5153.2
2282,圣聆初雪,铃音吹雪,5153.2
2283,圣聆初雪,铃音吹雪,5153.2
2284,圣聆初雪,铃音吹雪,5153.2
2285,圣聆初雪,铃音吹雪,5153.2
2286,圣聆初雪,铃音吹雪,5153.2
2287,圣聆初雪,铃音吹雪,5153.2
2288,圣聆初雪,铃音吹雪,5153.2
2289,圣聆初雪,铃音吹雪,5153.2
2290,圣聆初雪,铃音吹雪,5153.2
2291,圣聆初雪,铃音吹雪,5153.2
2292,圣聆初雪,铃音吹雪,5153.2
2293,圣聆初雪,铃音吹雪,5153.2
2294,圣聆初雪,铃音吹雪,5153.2
2295,圣聆初雪,铃音吹雪,5153.2
2296,圣聆初雪,铃音吹雪,5153.2
2297,圣聆初雪,铃音吹雪,5153.2
2298,圣聆初雪,铃音吹雪,5153.2
2299,圣聆初雪,铃音吹雪,5153.2
2300,圣聆初雪,铃音吹雪,5153.2
2301,圣聆初雪,铃音吹雪,5153.2
2302,圣聆初雪,铃音吹雪,5153.2
2303,圣聆初雪,铃音吹雪,5153.2
2304,圣聆初雪,铃音吹雪,5153.2
2305,圣聆初雪,铃音吹雪,5153.2
2306,圣聆初雪,铃音吹雪,5153.2
2307,圣聆初雪,铃音吹雪,5153.2
2308,圣聆初雪,铃音吹雪,5153.2
2309,圣聆初雪,铃音吹雪,5153.2
2310,圣聆初雪,铃音吹雪,5153.2
2311,圣聆初雪,铃音吹雪,5153.2
2312,圣聆初雪,铃音吹雪,5153.2
2313,圣聆初雪,铃音吹雪,5153.2
2314,圣聆初雪,铃音吹雪,5153.2
2315,圣聆初雪,铃音吹雪,5153.2
2316,圣聆初雪,铃音吹雪,5153.2
2317,圣聆初雪,铃音吹雪,5153.2
2318,圣聆初雪,铃音吹雪,5153.2
2319,圣聆初雪,铃音吹雪,5153.2
2320,圣聆初雪,铃音吹雪,5153.2
2321,圣聆初雪,铃音吹雪,5153.2
2322,圣聆初雪,铃音吹雪,5153.2
2323,圣聆初雪,铃音吹雪,5153.2
2324,圣聆初雪,铃音吹雪,5153.2
2325,圣聆初雪,铃音吹雪,5153.2
2326,圣聆初雪,铃音吹雪,5153.2
2327,圣聆初雪,铃音吹雪,5153.2
2328,圣聆初雪,铃音吹雪,5153.2
2329,圣聆初雪,铃音吹雪,5153.2
2330,圣聆初雪,铃音吹雪,5153.2
2331,圣聆初雪,铃音吹雪,5153.2
2332,圣聆初雪,铃音吹雪,5153.2
2333,圣聆初雪,铃音吹雪,5153.2
2334,圣聆初雪,铃音吹雪,5153.2
2335,圣聆初雪,铃音吹雪,5153.2
2336,圣聆初雪,铃音吹雪,5153.2
2337,圣聆初雪,铃音吹雪,5153.2
2338,圣聆初雪,铃音吹雪,5153.2
2339,圣聆初雪,铃音吹雪,5153.2
2340,圣聆初雪,铃音吹雪,5153.2
2341,圣聆初雪,铃音吹雪,5153.2
2342,圣聆初雪,铃音吹雪,5153.2
2343,圣聆初雪,铃音吹雪,5153.2
2344,圣聆初雪,铃音吹雪,5153.2
2345,圣聆初雪,铃音吹雪,5153.2
2346,圣聆初雪,铃音吹雪,5153.2
2347,圣聆初雪,铃音吹雪,5153.2
2348,圣聆初雪,铃音吹雪,5153.2
2349,圣聆初雪,铃音吹雪,5153.2
2350,圣聆初雪,铃音吹雪,5153.2
2351,圣聆初雪,铃音吹雪,5153.2
2352,圣聆初雪,铃音吹雪,5153.2
2353,圣聆初雪,铃音吹雪,5153.2
2354,圣聆初雪,铃音吹雪,5153.2
2355,圣聆初雪,铃音吹雪,5153.2
2356,圣聆初雪,铃音吹雪,5153.2
2357,圣聆初雪,铃音吹雪,5153.2
2358,圣聆初雪,铃音吹雪,5153.2
2359,圣聆初雪,铃音吹雪,5153.2
2360,圣聆初雪,铃音吹雪,5153.2
2361,圣聆初雪,铃音吹雪,5153.2
2362,圣聆初雪,铃音吹雪,5153.2
2363,圣聆初雪,铃音吹雪,5153.2
2364,圣聆初雪,铃音吹雪,5153.2
2365,圣聆初雪,铃音吹雪,5153.2
2366,圣聆初雪,铃音吹雪,5153.2
2367,圣聆初雪,铃音吹雪,5153.2
2368,圣聆初雪,铃音吹雪,5153.2
2369,圣聆初雪,铃音吹雪,5153.2
2370,圣聆初雪,铃音吹雪,5153.2
2371,圣聆初雪,铃音吹雪,5153.2
2372,圣聆初雪,铃音吹雪,5153.2
2373,圣聆初雪,铃音吹雪,5153.2
2374,圣聆初雪,铃音吹雪,5153.2
2375,圣聆初雪,铃音吹雪,5153.2
2376,圣聆初雪,铃音吹雪,5153.2
2377,圣聆初雪,铃音吹雪,5153.2
2378,圣聆初雪,铃音吹雪,5153.2
2379,圣聆初雪,铃音吹雪,5153.2
2380,圣聆初雪,铃音吹雪,5153.2
2381,圣聆初雪,铃音吹雪,5153.2
2382,圣聆初雪,铃音吹雪,5153.2
2383,圣聆初雪,铃音吹雪,5153.2
2384,圣聆初雪,铃音吹雪,5153.2
2385,圣聆初雪,铃音吹雪,5153.2
2386,圣聆初雪,铃音吹雪,5153.2
2387,圣聆初雪,铃音吹雪,5153.2
2388,圣聆初雪,铃音吹雪,5153.2
2389,圣聆初雪,铃音吹雪,5153.2
2390,圣聆初雪,铃音吹雪,5153.2
2391,圣聆初雪,铃音吹雪,5153.2
2392,圣聆初雪,铃音吹雪,5153.2
2393,圣聆初雪,铃音吹雪,5153.2
2394,圣聆初雪,铃音吹雪,5153.2
2395,圣聆初雪,铃音吹雪,5153.2
2396,圣聆初雪,铃音吹雪,5153.2
2397,圣聆初雪,铃音吹雪,5153.2
2398,圣聆初雪,铃音吹雪,5153.2
2399,圣聆初雪,铃音吹雪,5153.2
2400,圣聆初雪,铃音吹雪,5153.2
2401,圣聆初雪,铃音吹雪,5153.2
2402,圣聆初雪,铃音吹雪,5153.2
2403,圣聆初雪,铃音吹雪,5153.2
2404,圣聆初雪,铃音吹雪,5153.2
2405,圣聆初雪,铃音吹雪,5153.2
2406,圣聆初雪,铃音吹雪,5153.2
2407,圣聆初雪,铃音吹雪,5153.2
2408,圣聆初雪,铃音吹雪,5153.2
2409,圣聆初雪,铃音吹雪,5153.2
2410,圣聆初雪,铃音吹雪,5153.2
2411,圣聆初雪,铃音吹雪,5153.2
2412,圣聆初雪,铃音吹雪,5153.2
2413,圣聆初雪,铃音吹雪,5153.2
2414,圣聆初雪,铃音吹雪,5153.2
2415,圣聆初雪,铃音吹雪,5153.2
2416,圣聆初雪,铃音吹雪,5153.2
2417,圣聆初雪,铃音吹雪,5153.2
2418,圣聆初雪,铃音吹雪,5153.2
2419,圣聆初雪,铃音吹雪,5153.2
2420,圣聆初雪,铃音吹雪,5153.2
2421,圣聆初雪,铃音吹雪,5153.2
2422,圣聆初雪,铃音吹雪,5153.2
2423,圣聆初雪,铃音吹雪,5153.2
2424,圣聆初雪,铃音吹雪,5153.2
2425,圣聆初雪,铃音吹雪,5153.2
2426,圣聆初雪,铃音吹雪,5153.2
2427,圣聆初雪,铃音吹雪,5153.2
2428,圣聆初雪,铃音吹雪,5153.2
2429,圣聆初雪,铃音吹雪,5153.2
2430,圣聆初雪,铃音吹雪,5153.2
2431,圣聆初雪,铃音吹雪,5153.2
2432,圣聆初雪,铃音吹雪,5153.2
2433,圣聆初雪,铃音吹雪,5153.2
2434,圣聆初雪,铃音吹雪,5153.2
2435,圣聆初雪,铃音吹雪,5153.2
2436,圣聆初雪,铃音吹雪,5153.2
2437,圣聆初雪,铃音吹雪,5153.2
2438,圣聆初雪,铃音吹雪,5153.2
2439,圣聆初雪,铃音吹雪,5153.2
2440,圣聆初雪,铃音吹雪,5153.2
2441,圣聆初雪,铃音吹雪,5153.2
2442,圣聆初雪,铃音吹雪,5153.2
2443,圣聆初雪,铃音吹雪,5153.2
2444,圣聆初雪,铃音吹雪,5153.2
2445,圣聆初雪,铃音吹雪,5153.2
2446,圣聆初雪,铃音吹雪,5153.2
2447,圣聆初雪,铃音吹雪,5153.2
2448,圣聆初雪,铃音吹雪,5153.2
2449,圣聆初雪,铃音吹雪,5153.2
2450,圣聆初雪,铃音吹雪,5153.2
2451,圣聆初雪,铃音吹雪,5153.2
2452,圣聆初雪,铃音吹雪,5153.2
2453,圣聆初雪,铃音吹雪,5153.2
2454,圣聆初雪,铃音吹雪,5153.2
2455,圣聆初雪,铃音吹雪,5153.2
2456,圣聆初雪,铃音吹雪,5153.2
2457,圣聆初雪,铃音吹雪,5153.2
2458,圣聆初雪,铃音吹雪,5153.2
2459,圣聆初雪,铃音吹雪,5153.2
2460,圣聆初雪,铃音吹雪,5153.2
2461,圣聆初雪,铃音吹雪,5153.2
2462,圣聆初雪,铃音吹雪,5153.2
2463,圣聆初雪,铃音吹雪,5153.2
2464,圣聆初雪,铃音吹雪,5153.2
2465,圣聆初雪,铃音吹雪,5153.2
2466,圣聆初雪,铃音吹雪,5153.2
2467,圣聆初雪,铃音吹雪,5153.2
2468,圣聆初雪,铃音吹雪,5153.2
2469,圣聆初雪,铃音吹雪,5153.2
2470,圣聆初雪,铃音吹雪,5153.2
2471,圣聆初雪,铃音吹雪,5153.2
2472,圣聆初雪,铃音吹雪,5153.2
2473,圣聆初雪,铃音吹雪,5153.2
2474,圣聆初雪,铃音吹雪,5153.2
2475,圣聆初雪,铃音吹雪,5153.2
2476,圣聆初雪,铃音吹雪,5153.2
2477,圣聆初雪,铃音吹雪,5153.2
2478,圣聆初雪,铃音吹雪,5153.2
2479,圣聆初雪,铃音吹雪,5153.2
2480,圣聆初雪,铃音吹雪,5153.2
2481,圣聆初雪,铃音吹雪,5153.2
2482,圣聆初雪,铃音吹雪,5153.2
2483,圣聆初雪,铃音吹雪,5153.2
2484,圣聆初雪,铃音吹雪,5153.2
2485,圣聆初雪,铃音吹雪,5153.2
2486,圣聆初雪,铃音吹雪,5153.2
2487,圣聆初雪,铃音吹雪,5153.2
2488,圣聆初雪,铃音吹雪,5153.2
2489,圣聆初雪,铃音吹雪,5153.2
2490,圣聆初雪,铃音吹雪,5153.2
2491,圣聆初雪,铃音吹雪,5153.2
2492,圣聆初雪,铃音吹雪,5153.2
2493,圣聆初雪,铃音吹雪,5153.2
2494,圣聆初雪,铃音吹雪,5153.2
2495,圣聆初雪,铃音吹雪,5153.2
2496,圣聆初雪,铃音吹雪,5153.2
2497,圣聆初雪,铃音吹雪,5153.2
2498,圣聆初雪,铃音吹雪,5153.2
2499,圣聆初雪,铃音吹雪,5153.2
2500,圣聆初雪,铃音吹雪,5153.2
2501,圣聆初雪,铃音吹雪,5153.2
2502,圣聆初雪,铃音吹雪,5153.2
2503,圣聆初雪,铃音吹雪,5153.2
2504,圣聆初雪,铃音吹雪,5153.2
2505,圣聆初雪,铃音吹雪,5153.2
2506,圣聆初雪,铃音吹雪,5153.2
2507,圣聆初雪,铃音吹雪,5153.2
2508,圣聆初雪,铃音吹雪,5153.2
2509,圣聆初雪,铃音吹雪,5153.2
2510,圣聆初雪,铃音吹雪,5153.2
2511,圣聆初雪,铃音吹雪,5153.2
2512,圣聆初雪,铃音吹雪,5153.2
2513,圣聆初雪,铃音吹雪,5153.2
2514,圣聆初雪,铃音吹雪,5153.2
2515,圣聆初雪,铃音吹雪,5153.2
2516,圣聆初雪,铃音吹雪,5153.2
2517,圣聆初雪,铃音吹雪,5153.2
2518,圣聆初雪,铃音吹雪,5153.2
2519,圣聆初雪,铃音吹雪,5153.2
2520,圣聆初雪,铃音吹雪,5153.2
2521,圣聆初雪,铃音吹雪,5153.2
2522,圣聆初雪,铃音吹雪,5153.2
2523,圣聆初雪,铃音吹雪,5153.2
2524,圣聆初雪,铃音吹雪,5153.2
2525,圣聆初雪,铃音吹雪,5153.2
2526,圣聆初雪,铃音吹雪,5153.2
2527,圣聆初雪,铃音吹雪,5153.2
2528,圣聆初雪,铃音吹雪,5153.2
2529,圣聆初雪,铃音吹雪,5153.2
2530,圣聆初雪,铃音吹雪,5153.2
2531,圣聆初雪,铃音吹雪,5153.2
2532,圣聆初雪,铃音吹雪,5153.2
2533,圣聆初雪,铃音吹雪,5153.2
2534,圣聆初雪,铃音吹雪,5153.2
2535,圣聆初雪,铃音吹雪,5153.2
2536,圣聆初雪,铃音吹雪,5153.2
2537,圣聆初雪,铃音吹雪,5153.2
2538,圣聆初雪,铃音吹雪,5153.2
2539,圣聆初雪,铃音吹雪,5153.2
2540,圣聆初雪,铃音吹雪,5153.2
2541,圣聆初雪,铃音吹雪,5153.2
2542,圣聆初雪,铃音吹雪,5153.2
2543,圣聆初雪,铃音吹雪,5153.2
2544,圣聆初雪,铃音吹雪,5153.2
2545,圣聆初雪,铃音吹雪,5153.2
2546,圣聆初雪,铃音吹雪,5153.2
2547,圣聆初雪,铃音吹雪,5153.2
2548,圣聆初雪,铃音吹雪,5153.2
2549,圣聆初雪,铃音吹雪,5153.2
2550,圣聆初雪,铃音吹雪,5153.2
2551,圣聆初雪,铃音吹雪,5153.2
2552,圣聆初雪,铃音吹雪,5153.2
2553,圣聆初雪,铃音吹雪,5153.2
2554,圣聆初雪,铃音吹雪,5153.2
2555,圣聆初雪,铃音吹雪,5153.2
2556,圣聆初雪,铃音吹雪,5153.2
2557,圣聆初雪,铃音吹雪,5153.2
2558,圣聆初雪,铃音吹雪,5153.2
2559,圣聆初雪,铃音吹雪,5153.2
2560,圣聆初雪,铃音吹雪,5153.2
2561,圣聆初雪,铃音吹雪,5153.2
2562,圣聆初雪,铃音吹雪,5153.2
2563,圣聆初雪,铃音吹雪,5153.2
2564,圣聆初雪,铃音吹雪,5153.2
2565,圣聆初雪,铃音吹雪,5153.2
2566,圣聆初雪,铃音吹雪,5153.2
2567,圣聆初雪,铃音吹雪,5153.2
2568,圣聆初雪,铃音吹雪,5153.2
2569,圣聆初雪,铃音吹雪,5153.2
2570,圣聆初雪,铃音吹雪,5153.2
2571,圣聆初雪,铃音吹雪,5153.2
2572,圣聆初雪,铃音吹雪,5153.2
2573,圣聆初雪,铃音吹雪,5153.2
2574,圣聆初雪,铃音吹雪,5153.2
2575,圣聆初雪,铃音吹雪,5153.2
2576,圣聆初雪,铃音吹雪,5153.2
2577,圣聆初雪,铃音吹雪,5153.2
2578,圣聆初雪,铃音吹雪,5153.2
2579,圣聆初雪,铃音吹雪,5153.2
2580,圣聆初雪,铃音吹雪,5153.2
2581,圣聆初雪,铃音吹雪,5153.2
2582,圣聆初雪,铃音吹雪,5153.2
2583,圣聆初雪,铃音吹雪,5153.2
2584,圣聆初雪,铃音吹雪,5153.2
2585,圣聆初雪,铃音吹雪,5153.2
2586,圣聆初雪,铃音吹雪,5153.2
2587,圣聆初雪,铃音吹雪,5153.2
2588,圣聆初雪,铃音吹雪,5153.2
2589,圣聆初雪,铃音吹雪,5153.2
2590,圣聆初雪,铃音吹雪,5153.2
2591,圣聆初雪,铃音吹雪,5153.2
2592,圣聆初雪,铃音吹雪,5153.2
2593,圣聆初雪,铃音吹雪,5153.2
2594,圣聆初雪,铃音吹雪,5153.2
2595,圣聆初雪,铃音吹雪,5153.2
2596,圣聆初雪,铃音吹雪,5153.2
2597,圣聆初雪,铃音吹雪,5153.2
2598,圣聆初雪,铃音吹雪,5153.2
2599,圣聆初雪,铃音吹雪,5153.2
2600,圣聆初雪,铃音吹雪,5153.2
2601,圣聆初雪,铃音吹雪,5153.2
2602,圣聆初雪,铃音吹雪,5153.2
2603,圣聆初雪,铃音吹雪,5153.2
2604,圣聆初雪,铃音吹雪,5153.2
2605,圣聆初雪,铃音吹雪,5153.2
2606,圣聆初雪,铃音吹雪,5153.2
2607,圣聆初雪,铃音吹雪,5153.2
2608,圣聆初雪,铃音吹雪,5153.2
2609,圣聆初雪,铃音吹雪,5153.2
2610,圣聆初雪,铃音吹雪,5153.2
2611,圣聆初雪,铃音吹雪,5153.2
2612,圣聆初雪,铃音吹雪,5153.2
2613,圣聆初雪,铃音吹雪,5153.2
2614,圣聆初雪,铃音吹雪,5153.2
2615,圣聆初雪,铃音吹雪,5153.2
2616,圣聆初雪,铃音吹雪,5153.2
2617,圣聆初雪,铃音吹雪,5153.2
2618,圣聆初雪,铃音吹雪,5153.2
2619,圣聆初雪,铃音吹雪,5153.2
2620,圣聆初雪,铃音吹雪,5153.2
2621,圣聆初雪,铃音吹雪,5153.2
2622,圣聆初雪,铃音吹雪,5153.2
2623,圣聆初雪,铃音吹雪,5153.2
2624,圣聆初雪,铃音吹雪,5153.2
2625,圣聆初雪,铃音吹雪,5153.2
2626,圣聆初雪,铃音吹雪,5153.2
2627,圣聆初雪,铃音吹雪,5153.2
2628,圣聆初雪,铃音吹雪,5153.2
2629,圣聆初雪,铃音吹雪,5153.2
2630,圣聆初雪,铃音吹雪,5153.2
2631,圣聆初雪,铃音吹雪,5153.2
2632,圣聆初雪,铃音吹雪,5153.2
2633,圣聆初雪,铃音吹雪,5153.2
2634,圣聆初雪,铃音吹雪,5153.2
2635,圣聆初雪,铃音吹雪,5153.2
2636,圣聆初雪,铃音吹雪,5153.2
2637,圣聆初雪,铃音吹雪,5153.2
2638,圣聆初雪,铃音吹雪,5153.2
2639,圣聆初雪,铃音吹雪,5153.2
2640,圣聆初雪,铃音吹雪,5153.2
2641,圣聆初雪,铃音吹雪,5153.2
2642,圣聆初雪,铃音吹雪,5153.2
2643,圣聆初雪,铃音吹雪,5153.2
2644,圣聆初雪,铃音吹雪,5153.2
2645,圣聆初雪,铃音吹雪,5153.2
2646,圣聆初雪,铃音吹雪,5153.2
2647,圣聆初雪,铃音吹雪,5153.2
2648,圣聆初雪,铃音吹雪,5153.2
2649,圣聆初雪,铃音吹雪,5153.2
2650,圣聆初雪,铃音吹雪,5153.2
2651,圣聆初雪,铃音吹雪,5153.2
2652,圣聆初雪,铃音吹雪,5153.2
2653,圣聆初雪,铃音吹雪,5153.2
2654,圣聆初雪,铃音吹雪,5153.2
2655,圣聆初雪,铃音吹雪,5153.2
2656,圣聆初雪,铃音吹雪,5153.2
2657,圣聆初雪,铃音吹雪,5153.2
2658,圣聆初雪,铃音吹雪,5153.2
2659,圣聆初雪,铃音吹雪,5153.2
2660,圣聆初雪,铃音吹雪,5153.2
2661,圣聆初雪,铃音吹雪,5153.2
2662,圣聆初雪,铃音吹雪,5153.2
2663,圣聆初雪,铃音吹雪,5153.2
2664,圣聆初雪,铃音吹雪,5153.2
2665,圣聆初雪,铃音吹雪,5153.2
2666,圣聆初雪,铃音吹雪,5153.2
2667,圣聆初雪,铃音吹雪,5153.2
2668,圣聆初雪,铃音吹雪,5153.2
2669,圣聆初雪,铃音吹雪,5153.2
2670,圣聆初雪,铃音吹雪,5153.2
2671,圣聆初雪,铃音吹雪,5153.2
2672,圣聆初雪,铃音吹雪,5153.2
2673,圣聆初雪,铃音吹雪,5153.2
2674,圣聆初雪,铃音吹雪,5153.2
2675,圣聆初雪,铃音吹雪,5153.2
2676,圣聆初雪,铃音吹雪,5153.2
2677,圣聆初雪,铃音吹雪,5153.2
2678,圣聆初雪,铃音吹雪,5153.2
2679,圣聆初雪,铃音吹雪,5153.2
2680,圣聆初雪,铃音吹雪,5153.2
2681,圣聆初雪,铃音吹雪,5153.2
2682,圣聆初雪,铃音吹雪,5153.2
2683,圣聆初雪,铃音吹雪,5153.2
2684,圣聆初雪,铃音吹雪,5153.2
2685,圣聆初雪,铃音吹雪,5153.2
2686,圣聆初雪,铃音吹雪,5153.2
2687,圣聆初雪,铃音吹雪,5153.2
2688,圣聆初雪,铃音吹雪,5153.2
2689,圣聆初雪,铃音吹雪,5153.2
2690,圣聆初雪,铃音吹雪,5153.2
2691,圣聆初雪,铃音吹雪,5153.2
2692,圣聆初雪,铃音吹雪,5153.2
2693,圣聆初雪,铃音吹雪,5153.2
2694,圣聆初雪,铃音吹雪,5153.2
2695,圣聆初雪,铃音吹雪,5153.2
2696,圣聆初雪,铃音吹雪,5153.2
2697,圣聆初雪,铃音吹雪,5153.2
2698,圣聆初雪,铃音吹雪,5153.2
2699,圣聆初雪,铃音吹雪,5153.2
2700,圣聆初雪,铃音吹雪,5153.2
2701,圣聆初雪,铃音吹雪,5153.2
2702,圣聆初雪,铃音吹雪,5153.2
2703,圣聆初雪,铃音吹雪,5153.2
2704,圣聆初雪,铃音吹雪,5153.2
2705,圣聆初雪,铃音吹雪,5153.2
2706,圣聆初雪,铃音吹雪,5153.2
2707,圣聆初雪,铃音吹雪,5153.2
2708,圣聆初雪,铃音吹雪,5153.2
2709,圣聆初雪,铃音吹雪,5153.2
2710,圣聆初雪,铃音吹雪,5153.2
2711,圣聆初雪,铃音吹雪,5153.2
2712,圣聆初雪,铃音吹雪,5153.2
2713,圣聆初雪,铃音吹雪,5153.2
2714,圣聆初雪,铃音吹雪,5153.2
2715,圣聆初雪,铃音吹雪,5153.2
2716,圣聆初雪,铃音吹雪,5153.2
2717,圣聆初雪,铃音吹雪,5153.2
2718,圣聆初雪,铃音吹雪,5153.2
2719,圣聆初雪,铃音吹雪,5153.2
2720,圣聆初雪,铃音吹雪,5153.2
2721,圣聆初雪,铃音吹雪,5153.2
2722,圣聆初雪,铃音吹雪,5153.2
2723,圣聆初雪,铃音吹雪,5153.2
2724,圣聆初雪,铃音吹雪,5153.2
2725,圣聆初雪,铃音吹雪,5153.2
2726,圣聆初雪,铃音吹雪,5153.2
2727,圣聆初雪,铃音吹雪,5153.2
2728,圣聆初雪,铃音吹雪,5153.2
2729,圣聆初雪,铃音吹雪,5153.2
2730,圣聆初雪,铃音吹雪,5153.2
2731,圣聆初雪,铃音吹雪,5153.2
2732,圣聆初雪,铃音吹雪,5153.2
2733,圣聆初雪,铃音吹雪,5153.2
2734,圣聆初雪,铃音吹雪,5153.2
2735,圣聆初雪,铃音吹雪,5153.2
2736,圣聆初雪,铃音吹雪,5153.2
2737,圣聆初雪,铃音吹雪,5153.2
2738,圣聆初雪,铃音吹雪,5153.2
2739,圣聆初雪,铃音吹雪,5153.2
2740,圣聆初雪,铃音吹雪,5153.2
2741,圣聆初雪,铃音吹雪,5153.2
2742,圣聆初雪,铃音吹雪,5153.2
2743,圣聆初雪,铃音吹雪,5153.2
2744,圣聆初雪,铃音吹雪,5153.2
2745,圣聆初雪,铃音吹雪,5153.2
2746,圣聆初雪,铃音吹雪,5153.2
2747,圣聆初雪,铃音吹雪,5153.2
2748,圣聆初雪,铃音吹雪,5153.2
2749,圣聆初雪,铃音吹雪,5153.2
2750,圣聆初雪,铃音吹雪,5153.2
2751,圣聆初雪,铃音吹雪,5153.2
2752,圣聆初雪,铃音吹雪,5153.2
2753,圣聆初雪,铃音吹雪,5153.2
2754,圣聆初雪,铃音吹雪,5153.2
2755,圣聆初雪,铃音吹雪,5153.2
2756,圣聆初雪,铃音吹雪,5153.2
2757,圣聆初雪,铃音吹雪,5153.2
2758,圣聆初雪,铃音吹雪,5153.2
2759,圣聆初雪,铃音吹雪,5153.2
2760,圣聆初雪,铃音吹雪,5153.2
2761,圣聆初雪,铃音吹雪,5153.2
2762,圣聆初雪,铃音吹雪,5153.2
2763,圣聆初雪,铃音吹雪,5153.2
2764,圣聆初雪,铃音吹雪,5153.2
2765,圣聆初雪,铃音吹雪,5153.2
2766,圣聆初雪,铃音吹雪,5153.2
2767,圣聆初雪,铃音吹雪,5153.2
2768,圣聆初雪,铃音吹雪,5153.2
2769,圣聆初雪,铃音吹雪,5153.2
2770,圣聆初雪,铃音吹雪,5153.2
2771,圣聆初雪,铃音吹雪,5153.2
2772,圣聆初雪,铃音吹雪,5153.2
2773,圣聆初雪,铃音吹雪,5153.2
2774,圣聆初雪,铃音吹雪,5153.2
2775,圣聆初雪,铃音吹雪,5153.2
2776,圣聆初雪,铃音吹雪,5153.2
2777,圣聆初雪,铃音吹雪,5153.2
2778,圣聆初雪,铃音吹雪,5153.2
2779,圣聆初雪,铃音吹雪,5153.2
2780,圣聆初雪,铃音吹雪,5153.2
2781,圣聆初雪,铃音吹雪,5153.2
2782,圣聆初雪,铃音吹雪,5153.2
2783,圣聆初雪,铃音吹雪,5153.2
2784,圣聆初雪,铃音吹雪,5153.2
2785,圣聆初雪,铃音吹雪,5153.2
2786,圣聆初雪,铃音吹雪,5153.2
2787,圣聆初雪,铃音吹雪,5153.2
2788,圣聆初雪,铃音吹雪,5153.2
2789,圣聆初雪,铃音吹雪,5153.2
2790,圣聆初雪,铃音吹雪,5153.2
2791,圣聆初雪,铃音吹雪,5153.2
2792,圣聆初雪,铃音吹雪,5153.2
2793,圣聆初雪,铃音吹雪,5153.2
2794,圣聆初雪,铃音吹雪,5153.2
2795,圣聆初雪,铃音吹雪,5153.2
2796,圣聆初雪,铃音吹雪,5153.2
2797,圣聆初雪,铃音吹雪,5153.2
2798,圣聆初雪,铃音吹雪,5153.2
2799,圣聆初雪,铃音吹雪,5153.2
2800,圣聆初雪,铃音吹雪,5153.2
2801,圣聆初雪,铃音吹雪,5153.2
2802,圣聆初雪,铃音吹雪,5153.2
2803,圣聆初雪,铃音吹雪,5153.2
2804,圣聆初雪,铃音吹雪,5153.2
2805,圣聆初雪,铃音吹雪,5153.2
2806,圣聆初雪,铃音吹雪,5153.2
2807,圣聆初雪,铃音吹雪,5153.2
2808,圣聆初雪,铃音吹雪,5153.2
2809,圣聆初雪,铃音吹雪,5153.2
2810,圣聆初雪,铃音吹雪,5153.2
2811,圣聆初雪,铃音吹雪,5153.2
2812,圣聆初雪,铃音吹雪,5153.2
2813,圣聆初雪,铃音吹雪,5153.2
2814,圣聆初雪,铃音吹雪,5153.2
2815,圣聆初雪,铃音吹雪,5153.2
2816,圣聆初雪,铃音吹雪,5153.2
2817,圣聆初雪,铃音吹雪,5153.2
2818,圣聆初雪,铃音吹雪,5153.2
2819,圣聆初雪,铃音吹雪,5153.2
2820,圣聆初雪,铃音吹雪,5153.2
2821,圣聆初雪,铃音吹雪,5153.2
2822,圣聆初雪,铃音吹雪,5153.2
2823,圣聆初雪,铃音吹雪,5153.2
2824,圣聆初雪,铃音吹雪,5153.2
2825,圣聆初雪,铃音吹雪,5153.2
2826,圣聆初雪,铃音吹雪,5153.2
2827,圣聆初雪,铃音吹雪,5153.2
2828,圣聆初雪,铃音吹雪,5153.2
2829,圣聆初雪,铃音吹雪,5153.2
2830,圣聆初雪,铃音吹雪,5153.2
2831,圣聆初雪,铃音吹雪,5153.2
2832,圣聆初雪,铃音吹雪,5153.2
2833,圣聆初雪,铃音吹雪,5153.2
2834,圣聆初雪,铃音吹雪,5153.2
2835,圣聆初雪,铃音吹雪,5153.2
2836,圣聆初雪,铃音吹雪,5153.2
2837,圣聆初雪,铃音吹雪,5153.2
2838,圣聆初雪,铃音吹雪,5153.2
2839,圣聆初雪,铃音吹雪,5153.2
2840,圣聆初雪,铃音吹雪,5153.2
2841,圣聆初雪,铃音吹雪,5153.2
2842,圣聆初雪,铃音吹雪,5153.2
2843,圣聆初雪,铃音吹雪,5153.2
2844,圣聆初雪,铃音吹雪,5153.2
2845,圣聆初雪,铃音吹雪,5153.2
2846,圣聆初雪,铃音吹雪,5153.2
2847,圣聆初雪,铃音吹雪,5153.2
2848,圣聆初雪,铃音吹雪,5153.2
2849,圣聆初雪,铃音吹雪,5153.2
2850,圣聆初雪,铃音吹雪,5153.2
2851,圣聆初雪,铃音吹雪,5153.2
2852,圣聆初雪,铃音吹雪,5153.2
2853,圣聆初雪,铃音吹雪,5153.2
2854,圣聆初雪,铃音吹雪,5153.2
2855,圣聆初雪,铃音吹雪,5153.2
2856,圣聆初雪,铃音吹雪,5153.2
2857,圣聆初雪,铃音吹雪,5153.2
2858,圣聆初雪,铃音吹雪,5153.2
2859,圣聆初雪,铃音吹雪,5153.2
2860,圣聆初雪,铃音吹雪,5153.2
2861,圣聆初雪,铃音吹雪,5153.2
2862,圣聆初雪,铃音吹雪,5153.2
2863,圣聆初雪,铃音吹雪,5153.2
2864,圣聆初雪,铃音吹雪,5153.2
2865,圣聆初雪,铃音吹雪,5153.2
2866,圣聆初雪,铃音吹雪,5153.2
2867,圣聆初雪,铃音吹雪,5153.2
2868,圣聆初雪,铃音吹雪,5153.2
2869,圣聆初雪,铃音吹雪,5153.2
2870,圣聆初雪,铃音吹雪,5153.2
2871,圣聆初雪,铃音吹雪,5153.2
2872,圣聆初雪,铃音吹雪,5153.2
2873,圣聆初雪,铃音吹雪,5153.2
2874,圣聆初雪,铃音吹雪,5153.2
2875,圣聆初雪,铃音吹雪,5153.2
2876,圣聆初雪,铃音吹雪,5153.2
2877,圣聆初雪,铃音吹雪,5153.2
2878,圣聆初雪,铃音吹雪,5153.2
2879,圣聆初雪,铃音吹雪,5153.2
2880,圣聆初雪,铃音吹雪,5153.2
2881,圣聆初雪,铃音吹雪,5153.2
2882,圣聆初雪,铃音吹雪,5153.2
2883,圣聆初雪,铃音吹雪,5153.2
2884,圣聆初雪,铃音吹雪,5153.2
2885,圣聆初雪,铃音吹雪,5153.2
2886,圣聆初雪,铃音吹雪,5153.2
2887,圣聆初雪,铃音吹雪,5153.2
2888,圣聆初雪,铃音吹雪,5153.2
2889,圣聆初雪,铃音吹雪,5153.2
2890,圣聆初雪,铃音吹雪,5153.2
2891,圣聆初雪,铃音吹雪,5153.2
2892,圣聆初雪,铃音吹雪,5153.2
2893,圣聆初雪,铃音吹雪,5153.2
2894,圣聆初雪,铃音吹雪,5153.2
2895,圣聆初雪,铃音吹雪,5153.2
2896,圣聆初雪,铃音吹雪,5153.2
2897,圣聆初雪,铃音吹雪,5153.2
2898,圣聆初雪,铃音吹雪,5153.2
2899,圣聆初雪,铃音吹雪,5153.2
2900,圣聆初雪,铃音吹雪,5153.2
2901,圣聆初雪,铃音吹雪,5153.2
2902,圣聆初雪,铃音吹雪,5153.2
2903,圣聆初雪,铃音吹雪,5153.2
2904,圣聆初雪,铃音吹雪,5153.2
2905,圣聆初雪,铃音吹雪,5153.2
2906,圣聆初雪,铃音吹雪,5153.2
2907,圣聆初雪,铃音吹雪,5153.2
2908,圣聆初雪,铃音吹雪,5153.2
2909,圣聆初雪,铃音吹雪,5153.2
2910,圣聆初雪,铃音吹雪,5153.2
2911,圣聆初雪,铃音吹雪,5153.2
2912,圣聆初雪,铃音吹雪,5153.2
2913,圣聆初雪,铃音吹雪,5153.2
2914,圣聆初雪,铃音吹雪,5153.2
2915,圣聆初雪,铃音吹雪,5153.2
2916,圣聆初雪,铃音吹雪,5153.2
2917,圣聆初雪,铃音吹雪,5153.2
2918,圣聆初雪,铃音吹雪,5153.2
2919,圣聆初雪,铃音吹雪,5153.2
2920,圣聆初雪,铃音吹雪,5153.2
2921,圣聆初雪,铃音吹雪,5153.2
2922,圣聆初雪,铃音吹雪,5153.2
2923,圣聆初雪,铃音吹雪,5153.2
2924,圣聆初雪,铃音吹雪,5153.2
2925,圣聆初雪,铃音吹雪,5153.2
2926,圣聆初雪,铃音吹雪,5153.2
2927,圣聆初雪,铃音吹雪,5153.2
2928,圣聆初雪,铃音吹雪,5153.2
2929,圣聆初雪,铃音吹雪,5153.2
2930,圣聆初雪,铃音吹雪,5153.2
2931,圣聆初雪,铃音吹雪,5153.2
2932,圣聆初雪,铃音吹雪,5153.2
2933,圣聆初雪,铃音吹雪,5153.2
2934,圣聆初雪,铃音吹雪,5153.2
2935,圣聆初雪,铃音吹雪,5153.2
2936,圣聆初雪,铃音吹雪,5153.2
2937,圣聆初雪,铃音吹雪,5153.2
2938,圣聆初雪,铃音吹雪,5153.2
2939,圣聆初雪,铃音吹雪,5153.2
2940,圣聆初雪,铃音吹雪,5153.2
2941,圣聆初雪,铃音吹雪,5153.2
2942,圣聆初雪,铃音吹雪,5153.2
2943,圣聆初雪,铃音吹雪,5153.2
2944,圣聆初雪,铃音吹雪,5153.2
2945,圣聆初雪,铃音吹雪,5153.2
2946,圣聆初雪,铃音吹雪,5153.2
2947,圣聆初雪,铃音吹雪,5153.2
2948,圣聆初雪,铃音吹雪,5153.2
2949,圣聆初雪,铃音吹雪,5153.2
2950,圣聆初雪,铃音吹雪,5153.2
2951,圣聆初雪,铃音吹雪,5153.2
2952,圣聆初雪,铃音吹雪,5153.2
2953,圣聆初雪,铃音吹雪,5153.2
2954,圣聆初雪,铃音吹雪,5153.2
2955,圣聆初雪,铃音吹雪,5153.2
2956,圣聆初雪,铃音吹雪,5153.2
2957,圣聆初雪,铃音吹雪,5153.2
2958,圣聆初雪,铃音吹雪,5153.2
2959,圣聆初雪,铃音吹雪,5153.2
2960,圣聆初雪,铃音吹雪,5153.2
2961,圣聆初雪,铃音吹雪,5153.2
2962,圣聆初雪,铃音吹雪,5153.2
2963,圣聆初雪,铃音吹雪,5153.2
2964,圣聆初雪,铃音吹雪,5153.2
2965,圣聆初雪,铃音吹雪,5153.2
2966,圣聆初雪,铃音吹雪,5153.2
2967,圣聆初雪,铃音吹雪,5153.2
2968,圣聆初雪,铃音吹雪,5153.2
2969,圣聆初雪,铃音吹雪,5153.2
2970,圣聆初雪,铃音吹雪,5153.2
2971,圣聆初雪,铃音吹雪,5153.2
2972,圣聆初雪,铃音吹雪,5153.2
2973,圣聆初雪,铃音吹雪,5153.2
2974,圣聆初雪,铃音吹雪,5153.2
2975,圣聆初雪,铃音吹雪,5153.2
2976,圣聆初雪,铃音吹雪,5153.2
2977,圣聆初雪,铃音吹雪,5153.2
2978,圣聆初雪,铃音吹雪,5153.2
2979,圣聆初雪,铃音吹雪,5153.2
2980,圣聆初雪,铃音吹雪,5153.2
2981,圣聆初雪,铃音吹雪,5153.2
2982,圣聆初雪,铃音吹雪,5153.2
2983,圣聆初雪,铃音吹雪,5153.2
2984,圣聆初雪,铃音吹雪,5153.2
2985,圣聆初雪,铃音吹雪,5153.2
2986,圣聆初雪,铃音吹雪,5153.2
2987,圣聆初雪,铃音吹雪,5153.2
2988,圣聆初雪,铃音吹雪,5153.2
2989,圣聆初雪,铃音吹雪,5153.2
2990,圣聆初雪,铃音吹雪,5153.2
2991,圣聆初雪,铃音吹雪,5153.2
2992,圣聆初雪,铃音吹雪,5153.2
2993,圣聆初雪,铃音吹雪,5153.2
2994,圣聆初雪,铃音吹雪,5153.2
2995,圣聆初雪,铃音吹雪,5153.2
2996,圣聆初雪,铃音吹雪,5153.2
2997,圣聆初雪,铃音吹雪,5153.2
2998,圣聆初雪,铃音吹雪,5153.2
2999,圣聆初雪,铃音吹雪,5153.2
3000,圣聆初雪,铃音吹雪,5153.2
3001,圣聆初雪,铃音吹雪,5153.2
3002,圣聆初雪,铃音吹雪,5153.2
3003,圣聆初雪,铃音吹雪,5153.2
3004,圣聆初雪,铃音吹雪,5153.2
3005,圣聆初雪,铃音吹雪,5153.2
3006,圣聆初雪,铃音吹雪,5153.2
3007,圣聆初雪,铃音吹雪,5153.2
3008,圣聆初雪,铃音吹雪,5153.2
3009,圣聆初雪,铃音吹雪,5153.2
3010,圣聆初雪,铃音吹雪,5153.2
3011,圣聆初雪,铃音吹雪,5153.2
3012,圣聆初雪,铃音吹雪,5153.2
3013,圣聆初雪,铃音吹雪,5153.2
3014,圣聆初雪,铃音吹雪,5153.2
3015,圣聆初雪,铃音吹雪,5153.2
3016,圣聆初雪,铃音吹雪,5153.2
3017,圣聆初雪,铃音吹雪,5153.2
3018,圣聆初雪,铃音吹雪,5153.2
3019,圣聆初雪,铃音吹雪,5153.2
3020,圣聆初雪,铃音吹雪,5153.2
3021,圣聆初雪,铃音吹雪,5153.2
3022,圣聆初雪,铃音吹雪,5153.2
3023,圣聆初雪,铃音吹雪,5153.2
3024,圣聆初雪,铃音吹雪,5153.2
3025,圣聆初雪,铃音吹雪,5153.2
3026,圣聆初雪,铃音吹雪,5153.2
3027,圣聆初雪,铃音吹雪,5153.2
3028,圣聆初雪,铃音吹雪,5153.2
3029,圣聆初雪,铃音吹雪,5153.2
3030,圣聆初雪,铃音吹雪,5153.2
3031,圣聆初雪,铃音吹雪,5153.2
3032,圣聆初雪,铃音吹雪,5153.2
3033,圣聆初雪,铃音吹雪,5153.2
3034,圣聆初雪,铃音吹雪,5153.2
3035,圣聆初雪,铃音吹雪,5153.2
3036,圣聆初雪,铃音吹雪,5153.2
3037,圣聆初雪,铃音吹雪,5153.2
3038,圣聆初雪,铃音吹雪,5153.2
3039,圣聆初雪,铃音吹雪,5153.2
3040,圣聆初雪,铃音吹雪,5153.2
3041,圣聆初雪,铃音吹雪,5153.2
3042,圣聆初雪,铃音吹雪,5153.2
3043,圣聆初雪,铃音吹雪,5153.2
3044,圣聆初雪,铃音吹雪,5153.2
3045,圣聆初雪,铃音吹雪,5153.2
3046,圣聆初雪,铃音吹雪,5153.2
3047,圣聆初雪,铃音吹雪,5153.2
3048,圣聆初雪,铃音吹雪,5153.2
3049,圣聆初雪,铃音吹雪,5153.2
3050,圣聆初雪,铃音吹雪,5153.2
3051,圣聆初雪,铃音吹雪,5153.2
3052,圣聆初雪,铃音吹雪,5153.2
3053,圣聆初雪,铃音吹雪,5153.2
3054,圣聆初雪,铃音吹雪,5153.2
3055,圣聆初雪,铃音吹雪,5153.2
3056,圣聆初雪,铃音吹雪,5153.2
3057,圣聆初雪,铃音吹雪,5153.2
3058,圣聆初雪,铃音吹雪,5153.2
3059,圣聆初雪,铃音吹雪,5153.2
3060,圣聆初雪,铃音吹雪,5153.2
3061,圣聆初雪,铃音吹雪,5153.2
3062,圣聆初雪,铃音吹雪,5153.2
3063,圣聆初雪,铃音吹雪,5153.2
3064,圣聆初雪,铃音吹雪,5153.2
3065,圣聆初雪,铃音吹雪,5153.2
3066,圣聆初雪,铃音吹雪,5153.2
3067,圣聆初雪,铃音吹雪,5153.2
3068,圣聆初雪,铃音吹雪,5153.2
3069,圣聆初雪,铃音吹雪,5153.2
3070,圣聆初雪,铃音吹雪,5153.2
3071,圣聆初雪,铃音吹雪,5153.2
3072,圣聆初雪,铃音吹雪,5153.2
3073,圣聆初雪,铃音吹雪,5153.2
3074,圣聆初雪,铃音吹雪,5153.2
3075,圣聆初雪,铃音吹雪,5153.2
3076,圣聆初雪,铃音吹雪,5153.2
3077,圣聆初雪,铃音吹雪,5153.2
3078,圣聆初雪,铃音吹雪,5153.2
3079,圣聆初雪,铃音吹雪,5153.2
3080,圣聆初雪,铃音吹雪,5153.2
3081,圣聆初雪,铃音吹雪,5153.2
3082,圣聆初雪,铃音吹雪,5153.2
3083,圣聆初雪,铃音吹雪,5153.2
3084,圣聆初雪,铃音吹雪,5153.2
3085,圣聆初雪,铃音吹雪,5153.2
3086,圣聆初雪,铃音吹雪,5153.2
3087,圣聆初雪,铃音吹雪,5153.2
3088,圣聆初雪,铃音吹雪,5153.2
3089,圣聆初雪,铃音吹雪,5153.2
3090,圣聆初雪,铃音吹雪,5153.2
3091,圣聆初雪,铃音吹雪,5153.2
3092,圣聆初雪,铃音吹雪,5153.2
3093,圣聆初雪,铃音吹雪,5153.2
3094,圣聆初雪,铃音吹雪,5153.2
3095,圣聆初雪,铃音吹雪,5153.2
3096,圣聆初雪,铃音吹雪,5153.2
3097,圣聆初雪,铃音吹雪,5153.2
3098,圣聆初雪,铃音吹雪,5153.2
3099,圣聆初雪,铃音吹雪,5153.2
3100,圣聆初雪,铃音吹雪,5153.2
3101,圣聆初雪,铃音吹雪,5153.2
3102,圣聆初雪,铃音吹雪,5153.2
3103,圣聆初雪,铃音吹雪,5153.2
3104,圣聆初雪,铃音吹雪,5153.2
3105,圣聆初雪,铃音吹雪,5153.2
3106,圣聆初雪,铃音吹雪,5153.2
3107,圣聆初雪,铃音吹雪,5153.2
3108,圣聆初雪,铃音吹雪,5153.2
3109,圣聆初雪,铃音吹雪,5153.2
3110,圣聆初雪,铃音吹雪,5153.2
3111,圣聆初雪,铃音吹雪,5153.2
3112,圣聆初雪,铃音吹雪,5153.2
3113,圣聆初雪,铃音吹雪,5153.2
3114,圣聆初雪,铃音吹雪,5153.2
3115,圣聆初雪,铃音吹雪,5153.2
3116,圣聆初雪,铃音吹雪,5153.2
3117,圣聆初雪,铃音吹雪,5153.2
3118,圣聆初雪,铃音吹雪,5153.2
3119,圣聆初雪,铃音吹雪,5153.2
3120,圣聆初雪,铃音吹雪,5153.2
3121,圣聆初雪,铃音吹雪,5153.2
3122,圣聆初雪,铃音吹雪,5153.2
3123,圣聆初雪,铃音吹雪,5153.2
3124,圣聆初雪,铃音吹雪,5153.2
3125,圣聆初雪,铃音吹雪,5153.2
3126,圣聆初雪,铃音吹雪,5153.2
3127,圣聆初雪,铃音吹雪,5153.2
3128,圣聆初雪,铃音吹雪,5153.2
3129,圣聆初雪,铃音吹雪,5153.2
3130,圣聆初雪,铃音吹雪,5153.2
3131,圣聆初雪,铃音吹雪,5153.2
3132,圣聆初雪,铃音吹雪,5153.2
3133,圣聆初雪,铃音吹雪,5153.2
3134,圣聆初雪,铃音吹雪,5153.2
3135,圣聆初雪,铃音吹雪,5153.2
3136,圣聆初雪,铃音吹雪,5153.2
3137,圣聆初雪,铃音吹雪,5153.2
3138,圣聆初雪,铃音吹雪,5153.2
3139,圣聆初雪,铃音吹雪,5153.2
3140,圣聆初雪,铃音吹雪,5153.2
3141,圣聆初雪,铃音吹雪,5153.2
3142,圣聆初雪,铃音吹雪,5153.2
3143,圣聆初雪,铃音吹雪,5153.2
3144,圣聆初雪,铃音吹雪,5153.2
3145,圣聆初雪,铃音吹雪,5153.2
3146,圣聆初雪,铃音吹雪,5153.2
3147,圣聆初雪,铃音吹雪,5153.2
3148,圣聆初雪,铃音吹雪,5153.2
3149,圣聆初雪,铃音吹雪,5153.2
3150,圣聆初雪,铃音吹雪,5153.2
3151,圣聆初雪,铃音吹雪,5153.2
3152,圣聆初雪,铃音吹雪,5153.2
3153,圣聆初雪,铃音吹雪,5153.2
3154,圣聆初雪,铃音吹雪,5153.2
3155,圣聆初雪,铃音吹雪,5153.2
3156,圣聆初雪,铃音吹雪,5153.2
3157,圣聆初雪,铃音吹雪,5153.2
3158,圣聆初雪,铃音吹雪,5153.2
3159,圣聆初雪,铃音吹雪,5153.2
3160,圣聆初雪,铃音吹雪,5153.2
3161,圣聆初雪,铃音吹雪,5153.2
3162,圣聆初雪,铃音吹雪,5153.2
3163,圣聆初雪,铃音吹雪,5153.2
3164,圣聆初雪,铃音吹雪,5153.2
3165,圣聆初雪,铃音吹雪,5153.2
3166,圣聆初雪,铃音吹雪,5153.2
3167,圣聆初雪,铃音吹雪,5153.2
3168,圣聆初雪,铃音吹雪,5153.2
3169,圣聆初雪,铃音吹雪,5153.2
3170,圣聆初雪,铃音吹雪,5153.2
3171,圣聆初雪,铃音吹雪,5153.2
3172,圣聆初雪,铃音吹雪,5153.2
3173,圣聆初雪,铃音吹雪,5153.2
3174,圣聆初雪,铃音吹雪,5153.2
3175,圣聆初雪,铃音吹雪,5153.2
3176,圣聆初雪,铃音吹雪,5153.2
3177,圣聆初雪,铃音吹雪,5153.2
3178,圣聆初雪,铃音吹雪,5153.2
3179,圣聆初雪,铃音吹雪,5153.2
3180,圣聆初雪,铃音吹雪,5153.2
3181,圣聆初雪,铃音吹雪,5153.2
3182,圣聆初雪,铃音吹雪,5153.2
3183,圣聆初雪,铃音吹雪,5153.2
3184,圣聆初雪,铃音吹雪,5153.2
3185,圣聆初雪,铃音吹雪,5153.2
3186,圣聆初雪,铃音吹雪,5153.2
3187,圣聆初雪,铃音吹雪,5153.2
3188,圣聆初雪,铃音吹雪,5153.2
3189,圣聆初雪,铃音吹雪,5153.2
3190,圣聆初雪,铃音吹雪,5153.2
3191,圣聆初雪,铃音吹雪,5153.2
3192,圣聆初雪,铃音吹雪,5153.2
3193,圣聆初雪,铃音吹雪,5153.2
3194,圣聆初雪,铃音吹雪,5153.2
3195,圣聆初雪,铃音吹雪,5153.2
3196,圣聆初雪,铃音吹雪,5153.2
3197,圣聆初雪,铃音吹雪,5153.2
3198,圣聆初雪,铃音吹雪,5153.2
3199,圣聆初雪,铃音吹雪,5153.2
3200,圣聆初雪,铃音吹雪,5153.2
3201,圣聆初雪,铃音吹雪,5153.2
3202,圣聆初雪,铃音吹雪,5153.2
3203,圣聆初雪,铃音吹雪,5153.2
3204,圣聆初雪,铃音吹雪,5153.2
3205,圣聆初雪,铃音吹雪,5153.2
3206,圣聆初雪,铃音吹雪,5153.2
3207,圣聆初雪,铃音吹雪,5153.2
3208,圣聆初雪,铃音吹雪,5153.2
3209,圣聆初雪,铃音吹雪,5153.2
3210,圣聆初雪,铃音吹雪,5153.2
3211,圣聆初雪,铃音吹雪,5153.2
3212,圣聆初雪,铃音吹雪,5153.2
3213,圣聆初雪,铃音吹雪,5153.2
3214,圣聆初雪,铃音吹雪,5153.2
3215,圣聆初雪,铃音吹雪,5153.2
3216,圣聆初雪,铃音吹雪,5153.2
3217,圣聆初雪,铃音吹雪,5153.2
3218,圣聆初雪,铃音吹雪,5153.2
3219,圣聆初雪,铃音吹雪,5153.2
3220,圣聆初雪,铃音吹雪,5153.2
3221,圣聆初雪,铃音吹雪,5153.2
3222,圣聆初雪,铃音吹雪,5153.2
3223,圣聆初雪,铃音吹雪,5153.2
3224,圣聆初雪,铃音吹雪,5153.2
3225,圣聆初雪,铃音吹雪,5153.2
3226,圣聆初雪,铃音吹雪,5153.2
3227,圣聆初雪,铃音吹雪,5153.2
3228,圣聆初雪,铃音吹雪,5153.2
3229,圣聆初雪,铃音吹雪,5153.2
3230,圣聆初雪,铃音吹雪,5153.2
3231,圣聆初雪,铃音吹雪,5153.2
3232,圣聆初雪,铃音吹雪,5153.2
3233,圣聆初雪,铃音吹雪,5153.2
3234,圣聆初雪,铃音吹雪,5153.2
3235,圣聆初雪,铃音吹雪,5153.2
3236,圣聆初雪,铃音吹雪,5153.2
3237,圣聆初雪,铃音吹雪,5153.2
3238,圣聆初雪,铃音吹雪,5153.2
3239,圣聆初雪,铃音吹雪,5153.2
3240,圣聆初雪,铃音吹雪,5153.2
3241,圣聆初雪,铃音吹雪,5153.2
3242,圣聆初雪,铃音吹雪,5153.2
3243,圣聆初雪,铃音吹雪,5153.2
3244,圣聆初雪,铃音吹雪,5153.2
3245,圣聆初雪,铃音吹雪,5153.2
3246,圣聆初雪,铃音吹雪,5153.2
3247,圣聆初雪,铃音吹雪,5153.2
3248,圣聆初雪,铃音吹雪,5153.2
3249,圣聆初雪,铃音吹雪,5153.2
3250,圣聆初雪,铃音吹雪,5153.2
3251,圣聆初雪,铃音吹雪,5153.2
3252,圣聆初雪,铃音吹雪,5153.2
3253,圣聆初雪,铃音吹雪,5153.2
3254,圣聆初雪,铃音吹雪,5153.2
3255,圣聆初雪,铃音吹雪,5153.2
3256,圣聆初雪,铃音吹雪,5153.2
3257,圣聆初雪,铃音吹雪,5153.2
3258,圣聆初雪,铃音吹雪,5153.2
3259,圣聆初雪,铃音吹雪,5153.2
3260,圣聆初雪,铃音吹雪,5153.2
3261,圣聆初雪,铃音吹雪,5153.2
3262,圣聆初雪,铃音吹雪,5153.2
3263,圣聆初雪,铃音吹雪,5153.2
3264,圣聆初雪,铃音吹雪,5153.2
3265,圣聆初雪,铃音吹雪,5153.2
3266,圣聆初雪,铃音吹雪,5153.2
3267,圣聆初雪,铃音吹雪,5153.2
3268,圣聆初雪,铃音吹雪,5153.2
3269,圣聆初雪,铃音吹雪,5153.2
3270,圣聆初雪,铃音吹雪,5153.2
3271,圣聆初雪,铃音吹雪,5153.2
3272,圣聆初雪,铃音吹雪,5153.2
3273,圣聆初雪,铃音吹雪,5153.2
3274,圣聆初雪,铃音吹雪,5153.2
3275,圣聆初雪,铃音吹雪,5153.2
3276,圣聆初雪,铃音吹雪,5153.2
3277,圣聆初雪,铃音吹雪,5153.2
3278,圣聆初雪,铃音吹雪,5153.2
3279,圣聆初雪,铃音吹雪,5153.2
3280,圣聆初雪,铃音吹雪,5153.2
3281,圣聆初雪,铃音吹雪,5153.2
3282,圣聆初雪,铃音吹雪,5153.2
3283,圣聆初雪,铃音吹雪,5153.2
3284,圣聆初雪,铃音吹雪,5153.2
3285,圣聆初雪,铃音吹雪,5153.2
3286,圣聆初雪,铃音吹雪,5153.2
3287,圣聆初雪,铃音吹雪,5153.2
3288,圣聆初雪,铃音吹雪,5153.2
3289,圣聆初雪,铃音吹雪,5153.2
3290,圣聆初雪,铃音吹雪,5153.2
3291,圣聆初雪,铃音吹雪,5153.2
3292,圣聆初雪,铃音吹雪,5153.2
3293,圣聆初雪,铃音吹雪,5153.2
3294,圣聆初雪,铃音吹雪,5153.2
3295,圣聆初雪,铃音吹雪,5153.2
3296,圣聆初雪,铃音吹雪,5153.2
3297,圣聆初雪,铃音吹雪,5153.2
3298,圣聆初雪,铃音吹雪,5153.2
3299,圣聆初雪,铃音吹雪,5153.2
3300,圣聆初雪,铃音吹雪,5153.2
3301,圣聆初雪,铃音吹雪,5153.2
3302,圣聆初雪,铃音吹雪,5153.2
3303,圣聆初雪,铃音吹雪,5153.2
3304,圣聆初雪,铃音吹雪,5153.2
3305,圣聆初雪,铃音吹雪,5153.2
3306,圣聆初雪,铃音吹雪,5153.2
3307,圣聆初雪,铃音吹雪,5153.2
3308,圣聆初雪,铃音吹雪,5153.2
3309,圣聆初雪,铃音吹雪,5153.2
3310,圣聆初雪,铃音吹雪,5153.2
3311,圣聆初雪,铃音吹雪,5153.2
3312,圣聆初雪,铃音吹雪,5153.2
3313,圣聆初雪,铃音吹雪,5153.2
3314,圣聆初雪,铃音吹雪,5153.2
3315,圣聆初雪,铃音吹雪,5153.2
3316,圣聆初雪,铃音吹雪,5153.2
3317,圣聆初雪,铃音吹雪,5153.2
3318,圣聆初雪,铃音吹雪,5153.2
3319,圣聆初雪,铃音吹雪,5153.2
3320,圣聆初雪,铃音吹雪,5153.2
3321,圣聆初雪,铃音吹雪,5153.2
3322,圣聆初雪,铃音吹雪,5153.2
3323,圣聆初雪,铃音吹雪,5153.2
3324,圣聆初雪,铃音吹雪,5153.2
3325,圣聆初雪,铃音吹雪,5153.2
3326,圣聆初雪,铃音吹雪,5153.2
3327,圣聆初雪,铃音吹雪,5153.2
3328,圣聆初雪,铃音吹雪,5153.2
3329,圣聆初雪,铃音吹雪,5153.2
3330,圣聆初雪,铃音吹雪,5153.2
3331,圣聆初雪,铃音吹雪,5153.2
3332,圣聆初雪,铃音吹雪,5153.2
3333,圣聆初雪,铃音吹雪,5153.2
3334,圣聆初雪,铃音吹雪,5153.2
3335,圣聆初雪,铃音吹雪,5153.2
3336,圣聆初雪,铃音吹雪,5153.2
3337,圣聆初雪,铃音吹雪,5153.2
3338,圣聆初雪,铃音吹雪,5153.2
3339,圣聆初雪,铃音吹雪,5153.2
3340,圣聆初雪,铃音吹雪,5153.2
3341,圣聆初雪,铃音吹雪,5153.2
3342,圣聆初雪,铃音吹雪,5153.2
3343,圣聆初雪,铃音吹雪,5153.2
3344,圣聆初雪,铃音吹雪,5153.2
3345,圣聆初雪,铃音吹雪,5153.2
3346,圣聆初雪,铃音吹雪,5153.2
3347,圣聆初雪,铃音吹雪,5153.2
3348,圣聆初雪,铃音吹雪,5153.2
3349,圣聆初雪,铃音吹雪,5153.2
3350,圣聆初雪,铃音吹雪,5153.2
3351,圣聆初雪,铃音吹雪,5153.2
3352,圣聆初雪,铃音吹雪,5153.2
3353,圣聆初雪,铃音吹雪,5153.2
3354,圣聆初雪,铃音吹雪,5153.2
3355,圣聆初雪,铃音吹雪,5153.2
3356,圣聆初雪,铃音吹雪,5153.2
3357,圣聆初雪,铃音吹雪,5153.2
3358,圣聆初雪,铃音吹雪,5153.2
3359,圣聆初雪,铃音吹雪,5153.2
3360,圣聆初雪,铃音吹雪,5153.2
3361,圣聆初雪,铃音吹雪,5153.2
3362,圣聆初雪,铃音吹雪,5153.2
3363,圣聆初雪,铃音吹雪,5153.2
3364,圣聆初雪,铃音吹雪,5153.2
3365,圣聆初雪,铃音吹雪,5153.2
3366,圣聆初雪,铃音吹雪,5153.2
3367,圣聆初雪,铃音吹雪,5153.2
3368,圣聆初雪,铃音吹雪,5153.2
3369,圣聆初雪,铃音吹雪,5153.2
3370,圣聆初雪,铃音吹雪,5153.2
3371,圣聆初雪,铃音吹雪,5153.2
3372,圣聆初雪,铃音吹雪,5153.2
3373,圣聆初雪,铃音吹雪,5153.2
3374,圣聆初雪,铃音吹雪,5153.2
3375,圣聆初雪,铃音吹雪,5153.2
3376,圣聆初雪,铃音吹雪,5153.2
3377,圣聆初雪,铃音吹雪,5153.2
3378,圣聆初雪,铃音吹雪,5153.2
3379,圣聆初雪,铃音吹雪,5153.2
3380,圣聆初雪,铃音吹雪,5153.2
3381,圣聆初雪,铃音吹雪,5153.2
3382,圣聆初雪,铃音吹雪,5153.2
3383,圣聆初雪,铃音吹雪,5153.2
3384,圣聆初雪,铃音吹雪,5153.2
3385,圣聆初雪,铃音吹雪,5153.2
3386,圣聆初雪,铃音吹雪,5153.2
3387,圣聆初雪,铃音吹雪,5153.2
3388,圣聆初雪,铃音吹雪,5153.2
3389,圣聆初雪,铃音吹雪,5153.2
3390,圣聆初雪,铃音吹雪,5153.2
3391,圣聆初雪,铃音吹雪,5153.2
3392,圣聆初雪,铃音吹雪,5153.2
3393,圣聆初雪,铃音吹雪,5153.2
3394,圣聆初雪,铃音吹雪,5153.2
3395,圣聆初雪,铃音吹雪,5153.2
3396,圣聆初雪,铃音吹雪,5153.2
3397,圣聆初雪,铃音吹雪,5153.2
3398,圣聆初雪,铃音吹雪,5153.2
3399,圣聆初雪,铃音吹雪,5153.2
3400,圣聆初雪,铃音吹雪,5153.2
3401,圣聆初雪,铃音吹雪,5153.2
3402,圣聆初雪,铃音吹雪,5153.2
3403,圣聆初雪,铃音吹雪,5153.2
3404,圣聆初雪,铃音吹雪,5153.2
3405,圣聆初雪,铃音吹雪,5153.2
3406,圣聆初雪,铃音吹雪,5153.2
3407,圣聆初雪,铃音吹雪,5153.2
3408,圣聆初雪,铃音吹雪,5153.2
3409,圣聆初雪,铃音吹雪,5153.2
3410,圣聆初雪,铃音吹雪,5153.2
3411,圣聆初雪,铃音吹雪,5153.2
3412,圣聆初雪,铃音吹雪,5153.2
3413,圣聆初雪,铃音吹雪,5153.2
3414,圣聆初雪,铃音吹雪,5153.2
3415,圣聆初雪,铃音吹雪,5153.2
3416,圣聆初雪,铃音吹雪,5153.2
3417,圣聆初雪,铃音吹雪,5153.2
3418,圣聆初雪,铃音吹雪,5153.2
3419,圣聆初雪,铃音吹雪,5153.2
3420,圣聆初雪,铃音吹雪,5153.2
3421,圣聆初雪,铃音吹雪,5153.2
3422,圣聆初雪,铃音吹雪,5153.2
3423,圣聆初雪,铃音吹雪,5153.2
3424,圣聆初雪,铃音吹雪,5153.2
3425,圣聆初雪,铃音吹雪,5153.2
3426,圣聆初雪,铃音吹雪,5153.2
3427,圣聆初雪,铃音吹雪,5153.2
3428,圣聆初雪,铃音吹雪,5153.2
3429,圣聆初雪,铃音吹雪,5153.2
3430,圣聆初雪,铃音吹雪,5153.2
3431,圣聆初雪,铃音吹雪,5153.2
3432,圣聆初雪,铃音吹雪,5153.2
3433,圣聆初雪,铃音吹雪,5153.2
3434,圣聆初雪,铃音吹雪,5153.2
3435,圣聆初雪,铃音吹雪,5153.2
3436,圣聆初雪,铃音吹雪,5153.2
3437,圣聆初雪,铃音吹雪,5153.2
3438,圣聆初雪,铃音吹雪,5153.2
3439,圣聆初雪,铃音吹雪,5153.2
3440,圣聆初雪,铃音吹雪,5153.2
3441,圣聆初雪,铃音吹雪,5153.2
3442,圣聆初雪,铃音吹雪,5153.2
3443,圣聆初雪,铃音吹雪,5153.2
3444,圣聆初雪,铃音吹雪,5153.2
3445,圣聆初雪,铃音吹雪,5153.2
3446,圣聆初雪,铃音吹雪,5153.2
3447,圣聆初雪,铃音吹雪,5153.2
3448,圣聆初雪,铃音吹雪,5153.2
3449,圣聆初雪,铃音吹雪,5153.2
3450,圣聆初雪,铃音吹雪,5153.2
3451,圣聆初雪,铃音吹雪,5153.2
3452,圣聆初雪,铃音吹雪,5153.2
3453,圣聆初雪,铃音吹雪,5153.2
3454,圣聆初雪,铃音吹雪,5153.2
3455,圣聆初雪,铃音吹雪,5153.2
3456,圣聆初雪,铃音吹雪,5153.2
3457,圣聆初雪,铃音吹雪,5153.2
3458,圣聆初雪,铃音吹雪,5153.2
3459,圣聆初雪,铃音吹雪,5153.2
3460,圣聆初雪,铃音吹雪,5153.2
3461,圣聆初雪,铃音吹雪,5153.2
3462,圣聆初雪,铃音吹雪,5153.2
3463,圣聆初雪,铃音吹雪,5153.2
3464,圣聆初雪,铃音吹雪,5153.2
3465,圣聆初雪,铃音吹雪,5153.2
3466,圣聆初雪,铃音吹雪,5153.2
3467,圣聆初雪,铃音吹雪,5153.2
3468,圣聆初雪,铃音吹雪,5153.2
3469,圣聆初雪,铃音吹雪,5153.2
3470,圣聆初雪,铃音吹雪,5153.2
3471,圣聆初雪,铃音吹雪,5153.2
3472,圣聆初雪,铃音吹雪,5153.2
3473,圣聆初雪,铃音吹雪,5153.2
3474,圣聆初雪,铃音吹雪,5153.2
3475,圣聆初雪,铃音吹雪,5153.2
3476,圣聆初雪,铃音吹雪,5153.2
3477,圣聆初雪,铃音吹雪,5153.2
3478,圣聆初雪,铃音吹雪,5153.2
3479,圣聆初雪,铃音吹雪,5153.2
3480,圣聆初雪,铃音吹雪,5153.2
3481,圣聆初雪,铃音吹雪,5153.2
3482,圣聆初雪,铃音吹雪,5153.2
3483,圣聆初雪,铃音吹雪,5153.2
3484,圣聆初雪,铃音吹雪,5153.2
3485,圣聆初雪,铃音吹雪,5153.2
3486,圣聆初雪,铃音吹雪,5153.2
3487,圣聆初雪,铃音吹雪,5153.2
3488,圣聆初雪,铃音吹雪,5153.2
3489,圣聆初雪,铃音吹雪,5153.2
3490,圣聆初雪,铃音吹雪,5153.2
3491,圣聆初雪,铃音吹雪,5153.2
3492,圣聆初雪,铃音吹雪,5153.2
3493,圣聆初雪,铃音吹雪,5153.2
3494,圣聆初雪,铃音吹雪,5153.2
3495,圣聆初雪,铃音吹雪,5153.2
3496,圣聆初雪,铃音吹雪,5153.2
3497,圣聆初雪,铃音吹雪,5153.2
3498,圣聆初雪,铃音吹雪,5153.2
3499,圣聆初雪,铃音吹雪,5153.2
3500,圣聆初雪,铃音吹雪,5153.2
3501,圣聆初雪,铃音吹雪,5153.2
3502,圣聆初雪,铃音吹雪,5153.2
3503,圣聆初雪,铃音吹雪,5153.2
3504,圣聆初雪,铃音吹雪,5153.2
3505,圣聆初雪,铃音吹雪,5153.2
3506,圣聆初雪,铃音吹雪,5153.2
3507,圣聆初雪,铃音吹雪,5153.2
3508,圣聆初雪,铃音吹雪,5153.2
3509,圣聆初雪,铃音吹雪,5153.2
3510,圣聆初雪,铃音吹雪,5153.2
3511,圣聆初雪,铃音吹雪,5153.2
3512,圣聆初雪,铃音吹雪,5153.2
3513,圣聆初雪,铃音吹雪,5153.2
3514,圣聆初雪,铃音吹雪,5153.2
3515,圣聆初雪,铃音吹雪,5153.2
3516,圣聆初雪,铃音吹雪,5153.2
3517,圣聆初雪,铃音吹雪,5153.2
3518,圣聆初雪,铃音吹雪,5153.2
3519,圣聆初雪,铃音吹雪,5153.2
3520,圣聆初雪,铃音吹雪,5153.2
3521,圣聆初雪,铃音吹雪,5153.2
3522,圣聆初雪,铃音吹雪,5153.2
3523,圣聆初雪,铃音吹雪,5153.2
3524,圣聆初雪,铃音吹雪,5153.2
3525,圣聆初雪,铃音吹雪,5153.2
3526,圣聆初雪,铃音吹雪,5153.2
3527,圣聆初雪,铃音吹雪,5153.2
3528,圣聆初雪,铃音吹雪,5153.2
3529,圣聆初雪,铃音吹雪,5153.2
3530,圣聆初雪,铃音吹雪,5153.2
3531,圣聆初雪,铃音吹雪,5153.2
3532,圣聆初雪,铃音吹雪,5153.2
3533,圣聆初雪,铃音吹雪,5153.2
3534,圣聆初雪,铃音吹雪,5153.2
3535,圣聆初雪,铃音吹雪,5153.2
3536,圣聆初雪,铃音吹雪,5153.2
3537,圣聆初雪,铃音吹雪,5153.2
3538,圣聆初雪,铃音吹雪,5153.2
3539,圣聆初雪,铃音吹雪,5153.2
3540,圣聆初雪,铃音吹雪,5153.2
3541,圣聆初雪,铃音吹雪,5153.2
3542,圣聆初雪,铃音吹雪,5153.2
3543,圣聆初雪,铃音吹雪,5153.2
3544,圣聆初雪,铃音吹雪,5153.2
3545,圣聆初雪,铃音吹雪,5153.2
3546,圣聆初雪,铃音吹雪,5153.2
3547,圣聆初雪,铃音吹雪,5153.2
3548,圣聆初雪,铃音吹雪,5153.2
3549,圣聆初雪,铃音吹雪,5153.2
3550,圣聆初雪,铃音吹雪,5153.2
3551,圣聆初雪,铃音吹雪,5153.2
3552,圣聆初雪,铃音吹雪,5153.2
3553,圣聆初雪,铃音吹雪,5153.2
3554,圣聆初雪,铃音吹雪,5153.2
3555,圣聆初雪,铃音吹雪,5153.2
3556,圣聆初雪,铃音吹雪,5153.2
3557,圣聆初雪,铃音吹雪,5153.2
3558,圣聆初雪,铃音吹雪,5153.2
3559,圣聆初雪,铃音吹雪,5153.2
3560,圣聆初雪,铃音吹雪,5153.2
3561,圣聆初雪,铃音吹雪,5153.2
3562,圣聆初雪,铃音吹雪,5153.2
3563,圣聆初雪,铃音吹雪,5153.2
3564,圣聆初雪,铃音吹雪,5153.2
3565,圣聆初雪,铃音吹雪,5153.2
3566,圣聆初雪,铃音吹雪,5153.2
3567,圣聆初雪,铃音吹雪,5153.2
3568,圣聆初雪,铃音吹雪,5153.2
3569,圣聆初雪,铃音吹雪,5153.2
3570,圣聆初雪,铃音吹雪,5153.2
3571,圣聆初雪,铃音吹雪,5153.2
3572,圣聆初雪,铃音吹雪,5153.2
3573,圣聆初雪,铃音吹雪,5153.2
3574,圣聆初雪,铃音吹雪,5153.2
3575,圣聆初雪,铃音吹雪,5153.2
3576,圣聆初雪,铃音吹雪,5153.2
3577,圣聆初雪,铃音吹雪,5153.2
3578,圣聆初雪,铃音吹雪,5153.2
3579,圣聆初雪,铃音吹雪,5153.2
3580,圣聆初雪,铃音吹雪,5153.2
3581,圣聆初雪,铃音吹雪,5153.2
3582,圣聆初雪,铃音吹雪,5153.2
3583,圣聆初雪,铃音吹雪,5153.2
3584,圣聆初雪,铃音吹雪,5153.2
3585,圣聆初雪,铃音吹雪,5153.2
3586,圣聆初雪,铃音吹雪,5153.2
3587,圣聆初雪,铃音吹雪,5153.2
3588,圣聆初雪,铃音吹雪,5153.2
3589,圣聆初雪,铃音吹雪,5153.2
3590,圣聆初雪,铃音吹雪,5153.2
3591,圣聆初雪,铃音吹雪,5153.2
3592,圣聆初雪,铃音吹雪,5153.2
3593,圣聆初雪,铃音吹雪,5153.2
3594,圣聆初雪,铃音吹雪,5153.2
3595,圣聆初雪,铃音吹雪,5153.2
3596,圣聆初雪,铃音吹雪,5153.2
3597,圣聆初雪,铃音吹雪,5153.2
3598,圣聆初雪,铃音吹雪,5153.2
3599,圣聆初雪,铃音吹雪,5153.2
3600,圣聆初雪,铃音吹雪,5153.2
3601,圣聆初雪,铃音吹雪,5153.2
3602,圣聆初雪,铃音吹雪,5153.2
3603,圣聆初雪,铃音吹雪,5153.2
3604,圣聆初雪,铃音吹雪,5153.2
3605,圣聆初雪,铃音吹雪,5153.2
3606,圣聆初雪,铃音吹雪,5153.2
3607,圣聆初雪,铃音吹雪,5153.2
3608,圣聆初雪,铃音吹雪,5153.2
3609,圣聆初雪,铃音吹雪,5153.2
3610,圣聆初雪,铃音吹雪,5153.2
3611,圣聆初雪,铃音吹雪,5153.2
3612,圣聆初雪,铃音吹雪,5153.2
3613,圣聆初雪,铃音吹雪,5153.2
3614,圣聆初雪,铃音吹雪,5153.2
3615,圣聆初雪,铃音吹雪,5153.2
3616,圣聆初雪,铃音吹雪,5153.2
3617,圣聆初雪,铃音吹雪,5153.2
3618,圣聆初雪,铃音吹雪,5153.2
3619,圣聆初雪,铃音吹雪,5153.2
3620,圣聆初雪,铃音吹雪,5153.2
3621,圣聆初雪,铃音吹雪,5153.2
3622,圣聆初雪,铃音吹雪,5153.2
3623,圣聆初雪,铃音吹雪,5153.2
3624,圣聆初雪,铃音吹雪,5153.2
3625,圣聆初雪,铃音吹雪,5153.2
3626,圣聆初雪,铃音吹雪,5153.2
3627,圣聆初雪,铃音吹雪,5153.2
3628,圣聆初雪,铃音吹雪,5153.2
3629,圣聆初雪,铃音吹雪,5153.2
3630,圣聆初雪,铃音吹雪,5153.2
3631,圣聆初雪,铃音吹雪,5153.2
3632,圣聆初雪,铃音吹雪,5153.2
3633,圣聆初雪,铃音吹雪,5153.2
3634,圣聆初雪,铃音吹雪,5153.2
3635,圣聆初雪,铃音吹雪,5153.2
3636,圣聆初雪,铃音吹雪,5153.2
3637,圣聆初雪,铃音吹雪,5153.2
3638,圣聆初雪,铃音吹雪,5153.2
3639,圣聆初雪,铃音吹雪,5153.2
3640,圣聆初雪,铃音吹雪,5153.2
3641,圣聆初雪,铃音吹雪,5153.2
3642,圣聆初雪,铃音吹雪,5153.2
3643,圣聆初雪,铃音吹雪,5153.2
3644,圣聆初雪,铃音吹雪,5153.2
3645,圣聆初雪,铃音吹雪,5153.2
3646,圣聆初雪,铃音吹雪,5153.2
3647,圣聆初雪,铃音吹雪,5153.2
3648,圣聆初雪,铃音吹雪,5153.2
3649,圣聆初雪,铃音吹雪,5153.2
3650,圣聆初雪,铃音吹雪,5153.2
3651,圣聆初雪,铃音吹雪,5153.2
3652,圣聆初雪,铃音吹雪,5153.2
3653,圣聆初雪,铃音吹雪,5153.2
3654,圣聆初雪,铃音吹雪,5153.2
3655,圣聆初雪,铃音吹雪,5153.2
3656,圣聆初雪,铃音吹雪,5153.2
3657,圣聆初雪,铃音吹雪,5153.2
3658,圣聆初雪,铃音吹雪,5153.2
3659,圣聆初雪,铃音吹雪,5153.2
3660,圣聆初雪,铃音吹雪,5153.2
3661,圣聆初雪,铃音吹雪,5153.2
3662,圣聆初雪,铃音吹雪,5153.2
3663,圣聆初雪,铃音吹雪,5153.2
3664,圣聆初雪,铃音吹雪,5153.2
3665,圣聆初雪,铃音吹雪,5153.2
3666,圣聆初雪,铃音吹雪,5153.2
3667,圣聆初雪,铃音吹雪,5153.2
3668,圣聆初雪,铃音吹雪,5153.2
3669,圣聆初雪,铃音吹雪,5153.2
3670,圣聆初雪,铃音吹雪,5153.2
3671,圣聆初雪,铃音吹雪,5153.2
3672,圣聆初雪,铃音吹雪,5153.2
3673,圣聆初雪,铃音吹雪,5153.2
3674,圣聆初雪,铃音吹雪,5153.2
3675,圣聆初雪,铃音吹雪,5153.2
3676,圣聆初雪,铃音吹雪,5153.2
3677,圣聆初雪,铃音吹雪,5153.2
3678,圣聆初雪,铃音吹雪,5153.2
3679,圣聆初雪,铃音吹雪,5153.2
3680,圣聆初雪,铃音吹雪,5153.2
3681,圣聆初雪,铃音吹雪,5153.2
3682,圣聆初雪,铃音吹雪,5153.2
3683,圣聆初雪,铃音吹雪,5153.2
3684,圣聆初雪,铃音吹雪,5153.2
3685,圣聆初雪,铃音吹雪,5153.2
3686,圣聆初雪,铃音吹雪,5153.2
3687,圣聆初雪,铃音吹雪,5153.2
3688,圣聆初雪,铃音吹雪,5153.2
3689,圣聆初雪,铃音吹雪,5153.2
3690,圣聆初雪,铃音吹雪,5153.2
3691,圣聆初雪,铃音吹雪,5153.2
3692,圣聆初雪,铃音吹雪,5153.2
3693,圣聆初雪,铃音吹雪,5153.2
3694,圣聆初雪,铃音吹雪,5153.2
3695,圣聆初雪,铃音吹雪,5153.2
3696,圣聆初雪,铃音吹雪,5153.2
3697,圣聆初雪,铃音吹雪,5153.2
3698,圣聆初雪,铃音吹雪,5153.2
3699,圣聆初雪,铃音吹雪,5153.2
3700,圣聆初雪,铃音吹雪,5153.2
3701,圣聆初雪,铃音吹雪,5153.2
3702,圣聆初雪,铃音吹雪,5153.2
3703,圣聆初雪,铃音吹雪,5153.2
3704,圣聆初雪,铃音吹雪,5153.2
3705,圣聆初雪,铃音吹雪,5153.2
3706,圣聆初雪,铃音吹雪,5153.2
3707,圣聆初雪,铃音吹雪,5153.2
3708,圣聆初雪,铃音吹雪,5153.2
3709,圣聆初雪,铃音吹雪,5153.2
3710,圣聆初雪,铃音吹雪,5153.2
3711,圣聆初雪,铃音吹雪,5153.2
3712,圣聆初雪,铃音吹雪,5153.2
3713,圣聆初雪,铃音吹雪,5153.2
3714,圣聆初雪,铃音吹雪,5153.2
3715,圣聆初雪,铃音吹雪,5153.2
3716,圣聆初雪,铃音吹雪,5153.2
3717,圣聆初雪,铃音吹雪,5153.2
3718,圣聆初雪,铃音吹雪,5153.2
3719,圣聆初雪,铃音吹雪,5153.2
3720,圣聆初雪,铃音吹雪,5153.2
3721,圣聆初雪,铃音吹雪,5153.2
3722,圣聆初雪,铃音吹雪,5153.2
3723,圣聆初雪,铃音吹雪,5153.2
3724,圣聆初雪,铃音吹雪,5153.2
3725,圣聆初雪,铃音吹雪,5153.2
3726,圣聆初雪,铃音吹雪,5153.2
3727,圣聆初雪,铃音吹雪,5153.2
3728,圣聆初雪,铃音吹雪,5153.2
3729,圣聆初雪,铃音吹雪,5153.2
3730,圣聆初雪,铃音吹雪,5153.2
3731,圣聆初雪,铃音吹雪,5153.2
3732,圣聆初雪,铃音吹雪,5153.2
3733,圣聆初雪,铃音吹雪,5153.2
3734,圣聆初雪,铃音吹雪,5153.2
3735,圣聆初雪,铃音吹雪,5153.2
3736,圣聆初雪,铃音吹雪,5153.2
3737,圣聆初雪,铃音吹雪,5153.2
3738,圣聆初雪,铃音吹雪,5153.2
3739,圣聆初雪,铃音吹雪,5153.2
3740,圣聆初雪,铃音吹雪,5153.2
3741,圣聆初雪,铃音吹雪,5153.2
3742,圣聆初雪,铃音吹雪,5153.2
3743,圣聆初雪,铃音吹雪,5153.2
3744,圣聆初雪,铃音吹雪,5153.2
3745,圣聆初雪,铃音吹雪,5153.2
3746,圣聆初雪,铃音吹雪,5153.2
3747,圣聆初雪,铃音吹雪,5153.2
3748,圣聆初雪,铃音吹雪,5153.2
3749,圣聆初雪,铃音吹雪,5153.2
3750,圣聆初雪,铃音吹雪,5153.2
3751,圣聆初雪,铃音吹雪,5153.2
3752,圣聆初雪,铃音吹雪,5153.2
3753,圣聆初雪,铃音吹雪,5153.2
3754,圣聆初雪,铃音吹雪,5153.2
3755,圣聆初雪,铃音吹雪,5153.2
3756,圣聆初雪,铃音吹雪,5153.2
3757,圣聆初雪,铃音吹雪,5153.2
3758,圣聆初雪,铃音吹雪,5153.2
3759,圣聆初雪,铃音吹雪,5153.2
3760,圣聆初雪,铃音吹雪,5153.2
3761,圣聆初雪,铃音吹雪,5153.2
3762,圣聆初雪,铃音吹雪,5153.2
3763,圣聆初雪,铃音吹雪,5153.2
3764,圣聆初雪,铃音吹雪,5153.2
3765,圣聆初雪,铃音吹雪,5153.2
3766,圣聆初雪,铃音吹雪,5153.2
3767,圣聆初雪,铃音吹雪,5153.2
3768,圣聆初雪,铃音吹雪,5153.2
3769,圣聆初雪,铃音吹雪,5153.2
3770,圣聆初雪,铃音吹雪,5153.2
3771,圣聆初雪,铃音吹雪,5153.2
3772,圣聆初雪,铃音吹雪,5153.2
3773,圣聆初雪,铃音吹雪,5153.2
3774,圣聆初雪,铃音吹雪,5153.2
3775,圣聆初雪,铃音吹雪,5153.2
3776,圣聆初雪,铃音吹雪,5153.2
3777,圣聆初雪,铃音吹雪,5153.2
3778,圣聆初雪,铃音吹雪,5153.2
3779,圣聆初雪,铃音吹雪,5153.2
3780,圣聆初雪,铃音吹雪,5153.2
3781,圣聆初雪,铃音吹雪,5153.2
3782,圣聆初雪,铃音吹雪,5153.2
3783,圣聆初雪,铃音吹雪,5153.2
3784,圣聆初雪,铃音吹雪,5153.2
3785,圣聆初雪,铃音吹雪,5153.2
3786,圣聆初雪,铃音吹雪,5153.2
3787,圣聆初雪,铃音吹雪,5153.2
3788,圣聆初雪,铃音吹雪,5153.2
3789,圣聆初雪,铃音吹雪,5153.2
3790,圣聆初雪,铃音吹雪,5153.2
3791,圣聆初雪,铃音吹雪,5153.2
3792,圣聆初雪,铃音吹雪,5153.2
3793,圣聆初雪,铃音吹雪,5153.2
3794,圣聆初雪,铃音吹雪,5153.2
3795,圣聆初雪,铃音吹雪,5153.2
3796,圣聆初雪,铃音吹雪,5153.2
3797,圣聆初雪,铃音吹雪,5153.2
3798,圣聆初雪,铃音吹雪,5153.2
3799,圣聆初雪,铃音吹雪,5153.2
3800,圣聆初雪,铃音吹雪,5153.2
3801,圣聆初雪,铃音吹雪,5153.2
3802,圣聆初雪,铃音吹雪,5153.2
3803,圣聆初雪,铃音吹雪,5153.2
3804,圣聆初雪,铃音吹雪,5153.2
3805,圣聆初雪,铃音吹雪,5153.2
3806,圣聆初雪,铃音吹雪,5153.2
3807,圣聆初雪,铃音吹雪,5153.2
3808,圣聆初雪,铃音吹雪,5153.2
3809,圣聆初雪,铃音吹雪,5153.2
3810,圣聆初雪,铃音吹雪,5153.2
3811,圣聆初雪,铃音吹雪,5153.2
3812,圣聆初雪,铃音吹雪,5153.2
3813,圣聆初雪,铃音吹雪,5153.2
3814,圣聆初雪,铃音吹雪,5153.2
3815,圣聆初雪,铃音吹雪,5153.2
3816,圣聆初雪,铃音吹雪,5153.2
3817,圣聆初雪,铃音吹雪,5153.2
3818,圣聆初雪,铃音吹雪,5153.2
3819,圣聆初雪,铃音吹雪,5153.2
3820,圣聆初雪,铃音吹雪,5153.2
3821,圣聆初雪,铃音吹雪,5153.2
3822,圣聆初雪,铃音吹雪,5153.2
3823,圣聆初雪,铃音吹雪,5153.2
3824,圣聆初雪,铃音吹雪,5153.2
3825,圣聆初雪,铃音吹雪,5153.2
3826,圣聆初雪,铃音吹雪,5153.2
3827,圣聆初雪,铃音吹雪,5153.2
3828,圣聆初雪,铃音吹雪,5153.2
3829,圣聆初雪,铃音吹雪,5153.2
3830,圣聆初雪,铃音吹雪,5153.2
3831,圣聆初雪,铃音吹雪,5153.2
3832,圣聆初雪,铃音吹雪,5153.2
3833,圣聆初雪,铃音吹雪,5153.2
3834,圣聆初雪,铃音吹雪,5153.2
3835,圣聆初雪,铃音吹雪,5153.2
3836,圣聆初雪,铃音吹雪,5153.2
3837,圣聆初雪,铃音吹雪,5153.2
3838,圣聆初雪,铃音吹雪,5153.2
3839,圣聆初雪,铃音吹雪,5153.2
3840,圣聆初雪,铃音吹雪,5153.2
3841,圣聆初雪,铃音吹雪,5153.2
3842,圣聆初雪,铃音吹雪,5153.2
3843,圣聆初雪,铃音吹雪,5153.2
3844,圣聆初雪,铃音吹雪,5153.2
3845,圣聆初雪,铃音吹雪,5153.2
3846,圣聆初雪,铃音吹雪,5153.2
3847,圣聆初雪,铃音吹雪,5153.2
3848,圣聆初雪,铃音吹雪,5153.2
3849,圣聆初雪,铃音吹雪,5153.2
3850,圣聆初雪,铃音吹雪,5153.2
3851,圣聆初雪,铃音吹雪,5153.2
3852,圣聆初雪,铃音吹雪,5153.2
3853,圣聆初雪,铃音吹雪,5153.2
3854,圣聆初雪,铃音吹雪,5153.2
3855,圣聆初雪,铃音吹雪,5153.2
3856,圣聆初雪,铃音吹雪,5153.2
3857,圣聆初雪,铃音吹雪,5153.2
3858,圣聆初雪,铃音吹雪,5153.2
3859,圣聆初雪,铃音吹雪,5153.2
3860,圣聆初雪,铃音吹雪,5153.2
3861,圣聆初雪,铃音吹雪,5153.2
3862,圣聆初雪,铃音吹雪,5153.2
3863,圣聆初雪,铃音吹雪,5153.2
3864,圣聆初雪,铃音吹雪,5153.2
3865,圣聆初雪,铃音吹雪,5153.2
3866,圣聆初雪,铃音吹雪,5153.2
3867,圣聆初雪,铃音吹雪,5153.2
3868,圣聆初雪,铃音吹雪,5153.2
3869,圣聆初雪,铃音吹雪,5153.2
3870,圣聆初雪,铃音吹雪,5153.2
3871,圣聆初雪,铃音吹雪,5153.2
3872,圣聆初雪,铃音吹雪,5153.2
3873,圣聆初雪,铃音吹雪,5153.2
3874,圣聆初雪,铃音吹雪,5153.2
3875,圣聆初雪,铃音吹雪,5153.2
3876,圣聆初雪,铃音吹雪,5153.2
3877,圣聆初雪,铃音吹雪,5153.2
3878,圣聆初雪,铃音吹雪,5153.2
3879,圣聆初雪,铃音吹雪,5153.2
3880,圣聆初雪,铃音吹雪,5153.2
3881,圣聆初雪,铃音吹雪,5153.2
3882,圣聆初雪,铃音吹雪,5153.2
3883,圣聆初雪,铃音吹雪,5153.2
3884,圣聆初雪,铃音吹雪,5153.2
3885,圣聆初雪,铃音吹雪,5153.2
3886,圣聆初雪,铃音吹雪,5153.2
3887,圣聆初雪,铃音吹雪,5153.2
3888,圣聆初雪,铃音吹雪,5153.2
3889,圣聆初雪,铃音吹雪,5153.2
3890,圣聆初雪,铃音吹雪,5153.2
3891,圣聆初雪,铃音吹雪,5153.2
3892,圣聆初雪,铃音吹雪,5153.2
3893,圣聆初雪,铃音吹雪,5153.2
3894,圣聆初雪,铃音吹雪,5153.2
3895,圣聆初雪,铃音吹雪,5153.2
3896,圣聆初雪,铃音吹雪,5153.2
3897,圣聆初雪,铃音吹雪,5153.2
3898,圣聆初雪,铃音吹雪,5153.2
3899,圣聆初雪,铃音吹雪,5153.2
3900,圣聆初雪,铃音吹雪,5153.2
3901,圣聆初雪,铃音吹雪,5153.2
3902,圣聆初雪,铃音吹雪,5153.2
3903,圣聆初雪,铃音吹雪,5153.2
3904,圣聆初雪,铃音吹雪,5153.2
3905,圣聆初雪,铃音吹雪,5153.2
3906,圣聆初雪,铃音吹雪,5153.2
3907,圣聆初雪,铃音吹雪,5153.2
3908,圣聆初雪,铃音吹雪,5153.2
3909,圣聆初雪,铃音吹雪,5153.2
3910,圣聆初雪,铃音吹雪,5153.2
3911,圣聆初雪,铃音吹雪,5153.2
3912,圣聆初雪,铃音吹雪,5153.2
3913,圣聆初雪,铃音吹雪,5153.2
3914,圣聆初雪,铃音吹雪,5153.2
3915,圣聆初雪,铃音吹雪,5153.2
3916,圣聆初雪,铃音吹雪,5153.2
3917,圣聆初雪,铃音吹雪,5153.2
3918,圣聆初雪,铃音吹雪,5153.2
3919,圣聆初雪,铃音吹雪,5153.2
3920,圣聆初雪,铃音吹雪,5153.2
3921,圣聆初雪,铃音吹雪,5153.2
3922,圣聆初雪,铃音吹雪,5153.2
3923,圣聆初雪,铃音吹雪,5153.2
3924,圣聆初雪,铃音吹雪,5153.2
3925,圣聆初雪,铃音吹雪,5153.2
3926,圣聆初雪,铃音吹雪,5153.2
3927,圣聆初雪,铃音吹雪,5153.2
3928,圣聆初雪,铃音吹雪,5153.2
3929,圣聆初雪,铃音吹雪,5153.2
3930,圣聆初雪,铃音吹雪,5153.2
3931,圣聆初雪,铃音吹雪,5153.2
3932,圣聆初雪,铃音吹雪,5153.2
3933,圣聆初雪,铃音吹雪,5153.2
3934,圣聆初雪,铃音吹雪,5153.2
3935,圣聆初雪,铃音吹雪,5153.2
3936,圣聆初雪,铃音吹雪,5153.2
3937,圣聆初雪,铃音吹雪,5153.2
3938,圣聆初雪,铃音吹雪,5153.2
3939,圣聆初雪,铃音吹雪,5153.2
3940,圣聆初雪,铃音吹雪,5153.2
3941,圣聆初雪,铃音吹雪,5153.2
3942,圣聆初雪,铃音吹雪,5153.2
3943,圣聆初雪,铃音吹雪,5153.2
3944,圣聆初雪,铃音吹雪,5153.2
3945,圣聆初雪,铃音吹雪,5153.2
3946,圣聆初雪,铃音吹雪,5153.2
3947,圣聆初雪,铃音吹雪,5153.2
3948,圣聆初雪,铃音吹雪,5153.2
3949,圣聆初雪,铃音吹雪,5153.2
3950,圣聆初雪,铃音吹雪,5153.2
3951,圣聆初雪,铃音吹雪,5153.2
3952,圣聆初雪,铃音吹雪,5153.2
3953,圣聆初雪,铃音吹雪,5153.2
3954,圣聆初雪,铃音吹雪,5153.2
3955,圣聆初雪,铃音吹雪,5153.2
3956,圣聆初雪,铃音吹雪,5153.2
3957,圣聆初雪,铃音吹雪,5153.2
3958,圣聆初雪,铃音吹雪,5153.2
3959,圣聆初雪,铃音吹雪,5153.2
3960,圣聆初雪,铃音吹雪,5153.2
3961,圣聆初雪,铃音吹雪,5153.2
3962,圣聆初雪,铃音吹雪,5153.2
3963,圣聆初雪,铃音吹雪,5153.2
3964,圣聆初雪,铃音吹雪,5153.2
3965,圣聆初雪,铃音吹雪,5153.2
3966,圣聆初雪,铃音吹雪,5153.2
3967,圣聆初雪,铃音吹雪,5153.2
3968,圣聆初雪,铃音吹雪,5153.2
3969,圣聆初雪,铃音吹雪,5153.2
3970,圣聆初雪,铃音吹雪,5153.2
3971,圣聆初雪,铃音吹雪,5153.2
3972,圣聆初雪,铃音吹雪,5153.2
3973,圣聆初雪,铃音吹雪,5153.2
3974,圣聆初雪,铃音吹雪,5153.2
3975,圣聆初雪,铃音吹雪,5153.2
3976,圣聆初雪,铃音吹雪,5153.2
3977,圣聆初雪,铃音吹雪,5153.2
3978,圣聆初雪,铃音吹雪,5153.2
3979,圣聆初雪,铃音吹雪,5153.2
3980,圣聆初雪,铃音吹雪,5153.2
3981,圣聆初雪,铃音吹雪,5153.2
3982,圣聆初雪,铃音吹雪,5153.2
3983,圣聆初雪,铃音吹雪,5153.2
3984,圣聆初雪,铃音吹雪,5153.2
3985,圣聆初雪,铃音吹雪,5153.2
3986,圣聆初雪,铃音吹雪,5153.2
3987,圣聆初雪,铃音吹雪,5153.2
3988,圣聆初雪,铃音吹雪,5153.2
3989,圣聆初雪,铃音吹雪,5153.2
3990,圣聆初雪,铃音吹雪,5153.2
3991,圣聆初雪,铃音吹雪,5153.2
3992,圣聆初雪,铃音吹雪,5153.2
3993,圣聆初雪,铃音吹雪,5153.2
3994,圣聆初雪,铃音吹雪,5153.2
3995,圣聆初雪,铃音吹雪,5153.2
3996,圣聆初雪,铃音吹雪,5153.2
3997,圣聆初雪,铃音吹雪,5153.2
3998,圣聆初雪,铃音吹雪,5153.2
3999,圣聆初雪,铃音吹雪,5153.2
4000,圣聆初雪,铃音吹雪,5153.2
4001,圣聆初雪,铃音吹雪,5153.2
4002,圣聆初雪,铃音吹雪,5153.2
4003,圣聆初雪,铃音吹雪,5153.2
4004,圣聆初雪,铃音吹雪,5153.2
4005,圣聆初雪,铃音吹雪,5153.2
4006,圣聆初雪,铃音吹雪,5153.2
4007,圣聆初雪,铃音吹雪,5153.2
4008,圣聆初雪,铃音吹雪,5153.2
4009,圣聆初雪,铃音吹雪,5153.2
4010,圣聆初雪,铃音吹雪,5153.2
4011,圣聆初雪,铃音吹雪,5153.2
4012,圣聆初雪,铃音吹雪,5153.2
4013,圣聆初雪,铃音吹雪,5153.2
4014,圣聆初雪,铃音吹雪,5153.2
4015,圣聆初雪,铃音吹雪,5153.2
4016,圣聆初雪,铃音吹雪,5153.2
4017,圣聆初雪,铃音吹雪,5153.2
4018,圣聆初雪,铃音吹雪,5153.2
4019,圣聆初雪,铃音吹雪,5153.2
4020,圣聆初雪,铃音吹雪,5153.2
4021,圣聆初雪,铃音吹雪,5153.2
4022,圣聆初雪,铃音吹雪,5153.2
4023,圣聆初雪,铃音吹雪,5153.2
4024,圣聆初雪,铃音吹雪,5153.2
4025,圣聆初雪,铃音吹雪,5153.2
4026,圣聆初雪,铃音吹雪,5153.2
4027,圣聆初雪,铃音吹雪,5153.2
4028,圣聆初雪,铃音吹雪,5153.2
4029,圣聆初雪,铃音吹雪,5153.2
4030,圣聆初雪,铃音吹雪,5153.2
4031,圣聆初雪,铃音吹雪,5153.2
4032,圣聆初雪,铃音吹雪,5153.2
4033,圣聆初雪,铃音吹雪,5153.2
4034,圣聆初雪,铃音吹雪,5153.2
4035,圣聆初雪,铃音吹雪,5153.2
4036,圣聆初雪,铃音吹雪,5153.2
4037,圣聆初雪,铃音吹雪,5153.2
4038,圣聆初雪,铃音吹雪,5153.2
4039,圣聆初雪,铃音吹雪,5153.2
4040,圣聆初雪,铃音吹雪,5153.2
4041,圣聆初雪,铃音吹雪,5153.2
4042,圣聆初雪,铃音吹雪,5153.2
4043,圣聆初雪,铃音吹雪,5153.2
4044,圣聆初雪,铃音吹雪,5153.2
4045,圣聆初雪,铃音吹雪,5153.2
4046,圣聆初雪,铃音吹雪,5153.2
4047,圣聆初雪,铃音吹雪,5153.2
4048,圣聆初雪,铃音吹雪,5153.2
4049,圣聆初雪,铃音吹雪,5153.2
4050,圣聆初雪,铃音吹雪,5153.2
4051,圣聆初雪,铃音吹雪,5153.2
4052,圣聆初雪,铃音吹雪,5153.2
4053,圣聆初雪,铃音吹雪,5153.2
4054,圣聆初雪,铃音吹雪,5153.2
4055,圣聆初雪,铃音吹雪,5153.2
4056,圣聆初雪,铃音吹雪,5153.2
4057,圣聆初雪,铃音吹雪,5153.2
4058,圣聆初雪,铃音吹雪,5153.2
4059,圣聆初雪,铃音吹雪,5153.2
4060,圣聆初雪,铃音吹雪,5153.2
4061,圣聆初雪,铃音吹雪,5153.2
4062,圣聆初雪,铃音吹雪,5153.2
4063,圣聆初雪,铃音吹雪,5153.2
4064,圣聆初雪,铃音吹雪,5153.2
4065,圣聆初雪,铃音吹雪,5153.2
4066,圣聆初雪,铃音吹雪,5153.2
4067,圣聆初雪,铃音吹雪,5153.2
4068,圣聆初雪,铃音吹雪,5153.2
4069,圣聆初雪,铃音吹雪,5153.2
4070,圣聆初雪,铃音吹雪,5153.2
4071,圣聆初雪,铃音吹雪,5153.2
4072,圣聆初雪,铃音吹雪,5153.2
4073,圣聆初雪,铃音吹雪,5153.2
4074,圣聆初雪,铃音吹雪,5153.2
4075,圣聆初雪,铃音吹雪,5153.2
4076,圣聆初雪,铃音吹雪,5153.2
4077,圣聆初雪,铃音吹雪,5153.2
4078,圣聆初雪,铃音吹雪,5153.2
4079,圣聆初雪,铃音吹雪,5153.2
4080,圣聆初雪,铃音吹雪,5153.2
4081,圣聆初雪,铃音吹雪,5153.2
4082,圣聆初雪,铃音吹雪,5153.2
4083,圣聆初雪,铃音吹雪,5153.2
4084,圣聆初雪,铃音吹雪,5153.2
4085,圣聆初雪,铃音吹雪,5153.2
4086,圣聆初雪,铃音吹雪,5153.2
4087,圣聆初雪,铃音吹雪,5153.2
4088,圣聆初雪,铃音吹雪,5153.2
4089,圣聆初雪,铃音吹雪,5153.2
4090,圣聆初雪,铃音吹雪,5153.2
4091,圣聆初雪,铃音吹雪,5153.2
4092,圣聆初雪,铃音吹雪,5153.2
4093,圣聆初雪,铃音吹雪,5153.2
4094,圣聆初雪,铃音吹雪,5153.2
4095,圣聆初雪,铃音吹雪,5153.2
4096,圣聆初雪,铃音吹雪,5153.2
4097,圣聆初雪,铃音吹雪,5153.2
4098,圣聆初雪,铃音吹雪,5153.2
4099,圣聆初雪,铃音吹雪,5153.2
4100,圣聆初雪,铃音吹雪,5153.2
4101,圣聆初雪,铃音吹雪,5153.2
4102,圣聆初雪,铃音吹雪,5153.2
4103,圣聆初雪,铃音吹雪,5153.2
4104,圣聆初雪,铃音吹雪,5153.2
4105,圣聆初雪,铃音吹雪,5153.2
4106,圣聆初雪,铃音吹雪,5153.2
4107,圣聆初雪,铃音吹雪,5153.2
4108,圣聆初雪,铃音吹雪,5153.2
4109,圣聆初雪,铃音吹雪,5153.2
4110,圣聆初雪,铃音吹雪,5153.2
4111,圣聆初雪,铃音吹雪,5153.2
4112,圣聆初雪,铃音吹雪,5153.2
4113,圣聆初雪,铃音吹雪,5153.2
4114,圣聆初雪,铃音吹雪,5153.2
4115,圣聆初雪,铃音吹雪,5153.2
4116,圣聆初雪,铃音吹雪,5153.2
4117,圣聆初雪,铃音吹雪,5153.2
4118,圣聆初雪,铃音吹雪,5153.2
4119,圣聆初雪,铃音吹雪,5153.2
4120,圣聆初雪,铃音吹雪,5153.2
4121,圣聆初雪,铃音吹雪,5153.2
4122,圣聆初雪,铃音吹雪,5153.2
4123,圣聆初雪,铃音吹雪,5153.2
4124,圣聆初雪,铃音吹雪,5153.2
4125,圣聆初雪,铃音吹雪,5153.2
4126,圣聆初雪,铃音吹雪,5153.2
4127,圣聆初雪,铃音吹雪,5153.2
4128,圣聆初雪,铃音吹雪,5153.2
4129,圣聆初雪,铃音吹雪,5153.2
4130,圣聆初雪,铃音吹雪,5153.2
4131,圣聆初雪,铃音吹雪,5153.2
4132,圣聆初雪,铃音吹雪,5153.2
4133,圣聆初雪,铃音吹雪,5153.2
4134,圣聆初雪,铃音吹雪,5153.2
4135,圣聆初雪,铃音吹雪,5153.2
4136,圣聆初雪,铃音吹雪,5153.2
4137,圣聆初雪,铃音吹雪,5153.2
4138,圣聆初雪,铃音吹雪,5153.2
4139,圣聆初雪,铃音吹雪,5153.2
4140,圣聆初雪,铃音吹雪,5153.2
4141,圣聆初雪,铃音吹雪,5153.2
4142,圣聆初雪,铃音吹雪,5153.2
4143,圣聆初雪,铃音吹雪,5153.2
4144,圣聆初雪,铃音吹雪,5153.2
4145,圣聆初雪,铃音吹雪,5153.2
4146,圣聆初雪,铃音吹雪,5153.2
4147,圣聆初雪,铃音吹雪,5153.2
4148,圣聆初雪,铃音吹雪,5153.2
4149,圣聆初雪,铃音吹雪,5153.2
4150,圣聆初雪,铃音吹雪,5153.2
4151,圣聆初雪,铃音吹雪,5153.2
4152,圣聆初雪,铃音吹雪,5153.2
4153,圣聆初雪,铃音吹雪,5153.2
4154,圣聆初雪,铃音吹雪,5153.2
4155,圣聆初雪,铃音吹雪,5153.2
4156,圣聆初雪,铃音吹雪,5153.2
4157,圣聆初雪,铃音吹雪,5153.2
4158,圣聆初雪,铃音吹雪,5153.2
4159,圣聆初雪,铃音吹雪,5153.2
4160,圣聆初雪,铃音吹雪,5153.2
4161,圣聆初雪,铃音吹雪,5153.2
4162,圣聆初雪,铃音吹雪,5153.2
4163,圣聆初雪,铃音吹雪,5153.2
4164,圣聆初雪,铃音吹雪,5153.2
4165,圣聆初雪,铃音吹雪,5153.2
4166,圣聆初雪,铃音吹雪,5153.2
4167,圣聆初雪,铃音吹雪,5153.2
4168,圣聆初雪,铃音吹雪,5153.2
4169,圣聆初雪,铃音吹雪,5153.2
4170,圣聆初雪,铃音吹雪,5153.2
4171,圣聆初雪,铃音吹雪,5153.2
4172,圣聆初雪,铃音吹雪,5153.2
4173,圣聆初雪,铃音吹雪,5153.2
4174,圣聆初雪,铃音吹雪,5153.2
4175,圣聆初雪,铃音吹雪,5153.2
4176,圣聆初雪,铃音吹雪,5153.2
4177,圣聆初雪,铃音吹雪,5153.2
4178,圣聆初雪,铃音吹雪,5153.2
4179,圣聆初雪,铃音吹雪,5153.2
4180,圣聆初雪,铃音吹雪,5153.2
4181,圣聆初雪,铃音吹雪,5153.2
4182,圣聆初雪,铃音吹雪,5153.2
4183,圣聆初雪,铃音吹雪,5153.2
4184,圣聆初雪,铃音吹雪,5153.2
4185,圣聆初雪,铃音吹雪,5153.2
4186,圣聆初雪,铃音吹雪,5153.2
4187,圣聆初雪,铃音吹雪,5153.2
4188,圣聆初雪,铃音吹雪,5153.2
4189,圣聆初雪,铃音吹雪,5153.2
4190,圣聆初雪,铃音吹雪,5153.2
4191,圣聆初雪,铃音吹雪,5153.2
4192,圣聆初雪,铃音吹雪,5153.2
4193,圣聆初雪,铃音吹雪,5153.2
4194,圣聆初雪,铃音吹雪,5153.2
4195,圣聆初雪,铃音吹雪,5153.2
4196,圣聆初雪,铃音吹雪,5153.2
4197,圣聆初雪,铃音吹雪,5153.2
4198,圣聆初雪,铃音吹雪,5153.2
4199,圣聆初雪,铃音吹雪,5153.2
4200,圣聆初雪,铃音吹雪,5153.2
4201,圣聆初雪,铃音吹雪,5153.2
4202,圣聆初雪,铃音吹雪,5153.2
4203,圣聆初雪,铃音吹雪,5153.2
4204,圣聆初雪,铃音吹雪,5153.2
4205,圣聆初雪,铃音吹雪,5153.2
4206,圣聆初雪,铃音吹雪,5153.2
4207,圣聆初雪,铃音吹雪,5153.2
4208,圣聆初雪,铃音吹雪,5153.2
4209,圣聆初雪,铃音吹雪,5153.2
4210,圣聆初雪,铃音吹雪,5153.2
4211,圣聆初雪,铃音吹雪,5153.2
4212,圣聆初雪,铃音吹雪,5153.2
4213,圣聆初雪,铃音吹雪,5153.2
4214,圣聆初雪,铃音吹雪,5153.2
4215,圣聆初雪,铃音吹雪,5153.2
4216,圣聆初雪,铃音吹雪,5153.2
4217,圣聆初雪,铃音吹雪,5153.2
4218,圣聆初雪,铃音吹雪,5153.2
4219,圣聆初雪,铃音吹雪,5153.2
4220,圣聆初雪,铃音吹雪,5153.2
4221,圣聆初雪,铃音吹雪,5153.2
4222,圣聆初雪,铃音吹雪,5153.2
4223,圣聆初雪,铃音吹雪,5153.2
4224,圣聆初雪,铃音吹雪,5153.2
4225,圣聆初雪,铃音吹雪,5153.2
4226,圣聆初雪,铃音吹雪,5153.2
4227,圣聆初雪,铃音吹雪,5153.2
4228,圣聆初雪,铃音吹雪,5153.2
4229,圣聆初雪,铃音吹雪,5153.2
4230,圣聆初雪,铃音吹雪,5153.2
4231,圣聆初雪,铃音吹雪,5153.2
4232,圣聆初雪,铃音吹雪,5153.2
4233,圣聆初雪,铃音吹雪,5153.2
4234,圣聆初雪,铃音吹雪,5153.2
4235,圣聆初雪,铃音吹雪,5153.2
4236,圣聆初雪,铃音吹雪,5153.2
4237,圣聆初雪,铃音吹雪,5153.2
4238,圣聆初雪,铃音吹雪,5153.2
4239,圣聆初雪,铃音吹雪,5153.2
4240,圣聆初雪,铃音吹雪,5153.2
4241,圣聆初雪,铃音吹雪,5153.2
4242,圣聆初雪,铃音吹雪,5153.2
4243,圣聆初雪,铃音吹雪,5153.2
4244,圣聆初雪,铃音吹雪,5153.2
4245,圣聆初雪,铃音吹雪,5153.2
4246,圣聆初雪,铃音吹雪,5153.2
4247,圣聆初雪,铃音吹雪,5153.2
4248,圣聆初雪,铃音吹雪,5153.2
4249,圣聆初雪,铃音吹雪,5153.2
4250,圣聆初雪,铃音吹雪,5153.2
4251,圣聆初雪,铃音吹雪,5153.2
4252,圣聆初雪,铃音吹雪,5153.2
4253,圣聆初雪,铃音吹雪,5153.2
4254,圣聆初雪,铃音吹雪,5153.2
4255,圣聆初雪,铃音吹雪,5153.2
4256,圣聆初雪,铃音吹雪,5153.2
4257,圣聆初雪,铃音吹雪,5153.2
4258,圣聆初雪,铃音吹雪,5153.2
4259,圣聆初雪,铃音吹雪,5153.2
4260,圣聆初雪,铃音吹雪,5153.2
4261,圣聆初雪,铃音吹雪,5153.2
4262,圣聆初雪,铃音吹雪,5153.2
4263,圣聆初雪,铃音吹雪,5153.2
4264,圣聆初雪,铃音吹雪,5153.2
4265,圣聆初雪,铃音吹雪,5153.2
4266,圣聆初雪,铃音吹雪,5153.2
4267,圣聆初雪,铃音吹雪,5153.2
4268,圣聆初雪,铃音吹雪,5153.2
4269,圣聆初雪,铃音吹雪,5153.2
4270,圣聆初雪,铃音吹雪,5153.2
4271,圣聆初雪,铃音吹雪,5153.2
4272,圣聆初雪,铃音吹雪,5153.2
4273,圣聆初雪,铃音吹雪,5153.2
4274,圣聆初雪,铃音吹雪,5153.2
4275,圣聆初雪,铃音吹雪,5153.2
4276,圣聆初雪,铃音吹雪,5153.2
4277,圣聆初雪,铃音吹雪,5153.2
4278,圣聆初雪,铃音吹雪,5153.2
4279,圣聆初雪,铃音吹雪,5153.2
4280,圣聆初雪,铃音吹雪,5153.2
4281,圣聆初雪,铃音吹雪,5153.2
4282,圣聆初雪,铃音吹雪,5153.2
4283,圣聆初雪,铃音吹雪,5153.2
4284,圣聆初雪,铃音吹雪,5153.2
4285,圣聆初雪,铃音吹雪,5153.2
4286,圣聆初雪,铃音吹雪,5153.2
4287,圣聆初雪,铃音吹雪,5153.2
4288,圣聆初雪,铃音吹雪,5153.2
4289,圣聆初雪,铃音吹雪,5153.2
4290,圣聆初雪,铃音吹雪,5153.2
4291,圣聆初雪,铃音吹雪,5153.2
4292,圣聆初雪,铃音吹雪,5153.2
4293,圣聆初雪,铃音吹雪,5153.2
4294,圣聆初雪,铃音吹雪,5153.2
4295,圣聆初雪,铃音吹雪,5153.2
4296,圣聆初雪,铃音吹雪,5153.2
4297,圣聆初雪,铃音吹雪,5153.2
4298,圣聆初雪,铃音吹雪,5153.2
4299,圣聆初雪,铃音吹雪,5153.2
4300,圣聆初雪,铃音吹雪,5153.2
4301,圣聆初雪,铃音吹雪,5153.2
4302,圣聆初雪,铃音吹雪,5153.2
4303,圣聆初雪,铃音吹雪,5153.2
4304,圣聆初雪,铃音吹雪,5153.2
4305,圣聆初雪,铃音吹雪,5153.2
4306,圣聆初雪,铃音吹雪,5153.2
4307,圣聆初雪,铃音吹雪,5153.2
4308,圣聆初雪,铃音吹雪,5153.2
4309,圣聆初雪,铃音吹雪,5153.2
4310,圣聆初雪,铃音吹雪,5153.2
4311,圣聆初雪,铃音吹雪,5153.2
4312,圣聆初雪,铃音吹雪,5153.2
4313,圣聆初雪,铃音吹雪,5153.2
4314,圣聆初雪,铃音吹雪,5153.2
4315,圣聆初雪,铃音吹雪,5153.2
4316,圣聆初雪,铃音吹雪,5153.2
4317,圣聆初雪,铃音吹雪,5153.2
4318,圣聆初雪,铃音吹雪,5153.2
4319,圣聆初雪,铃音吹雪,5153.2
4320,圣聆初雪,铃音吹雪,5153.2
4321,圣聆初雪,铃音吹雪,5153.2
4322,圣聆初雪,铃音吹雪,5153.2
4323,圣聆初雪,铃音吹雪,5153.2
4324,圣聆初雪,铃音吹雪,5153.2
4325,圣聆初雪,铃音吹雪,5153.2
4326,圣聆初雪,铃音吹雪,5153.2
4327,圣聆初雪,铃音吹雪,5153.2
4328,圣聆初雪,铃音吹雪,5153.2
4329,圣聆初雪,铃音吹雪,5153.2
4330,圣聆初雪,铃音吹雪,5153.2
4331,圣聆初雪,铃音吹雪,5153.2
4332,圣聆初雪,铃音吹雪,5153.2
4333,圣聆初雪,铃音吹雪,5153.2
4334,圣聆初雪,铃音吹雪,5153.2
4335,圣聆初雪,铃音吹雪,5153.2
4336,圣聆初雪,铃音吹雪,5153.2
4337,圣聆初雪,铃音吹雪,5153.2
4338,圣聆初雪,铃音吹雪,5153.2
4339,圣聆初雪,铃音吹雪,5153.2
4340,圣聆初雪,铃音吹雪,5153.2
4341,圣聆初雪,铃音吹雪,5153.2
4342,圣聆初雪,铃音吹雪,5153.2
4343,圣聆初雪,铃音吹雪,5153.2
4344,圣聆初雪,铃音吹雪,5153.2
4345,圣聆初雪,铃音吹雪,5153.2
4346,圣聆初雪,铃音吹雪,5153.2
4347,圣聆初雪,铃音吹雪,5153.2
4348,圣聆初雪,铃音吹雪,5153.2
4349,圣聆初雪,铃音吹雪,5153.2
4350,圣聆初雪,铃音吹雪,5153.2
4351,圣聆初雪,铃音吹雪,5153.2
4352,圣聆初雪,铃音吹雪,5153.2
4353,圣聆初雪,铃音吹雪,5153.2
4354,圣聆初雪,铃音吹雪,5153.2
4355,圣聆初雪,铃音吹雪,5153.2
4356,圣聆初雪,铃音吹雪,5153.2
4357,圣聆初雪,铃音吹雪,5153.2
4358,圣聆初雪,铃音吹雪,5153.2
4359,圣聆初雪,铃音吹雪,5153.2
4360,圣聆初雪,铃音吹雪,5153.2
4361,圣聆初雪,铃音吹雪,5153.2
4362,圣聆初雪,铃音吹雪,5153.2
4363,圣聆初雪,铃音吹雪,5153.2
4364,圣聆初雪,铃音吹雪,5153.2
4365,圣聆初雪,铃音吹雪,5153.2
4366,圣聆初雪,铃音吹雪,5153.2
4367,圣聆初雪,铃音吹雪,5153.2
4368,圣聆初雪,铃音吹雪,5153.2
4369,圣聆初雪,铃音吹雪,5153.2
4370,圣聆初雪,铃音吹雪,5153.2
4371,圣聆初雪,铃音吹雪,5153.2
4372,圣聆初雪,铃音吹雪,5153.2
4373,圣聆初雪,铃音吹雪,5153.2
4374,圣聆初雪,铃音吹雪,5153.2
4375,圣聆初雪,铃音吹雪,5153.2
4376,圣聆初雪,铃音吹雪,5153.2
4377,圣聆初雪,铃音吹雪,5153.2
4378,圣聆初雪,铃音吹雪,5153.2
4379,圣聆初雪,铃音吹雪,5153.2
4380,圣聆初雪,铃音吹雪,5153.2
4381,圣聆初雪,铃音吹雪,5153.2
4382,圣聆初雪,铃音吹雪,5153.2
4383,圣聆初雪,铃音吹雪,5153.2
4384,圣聆初雪,铃音吹雪,5153.2
4385,圣聆初雪,铃音吹雪,5153.2
4386,圣聆初雪,铃音吹雪,5153.2
4387,圣聆初雪,铃音吹雪,5153.2
4388,圣聆初雪,铃音吹雪,5153.2
4389,圣聆初雪,铃音吹雪,5153.2
4390,圣聆初雪,铃音吹雪,5153.2
4391,圣聆初雪,铃音吹雪,5153.2
4392,圣聆初雪,铃音吹雪,5153.2
4393,圣聆初雪,铃音吹雪,5153.2
4394,圣聆初雪,铃音吹雪,5153.2
4395,圣聆初雪,铃音吹雪,5153.2
4396,圣聆初雪,铃音吹雪,5153.2
4397,圣聆初雪,铃音吹雪,5153.2
4398,圣聆初雪,铃音吹雪,5153.2
4399,圣聆初雪,铃音吹雪,5153.2
4400,圣聆初雪,铃音吹雪,5153.2
4401,圣聆初雪,铃音吹雪,5153.2
4402,圣聆初雪,铃音吹雪,5153.2
4403,圣聆初雪,铃音吹雪,5153.2
4404,圣聆初雪,铃音吹雪,5153.2
4405,圣聆初雪,铃音吹雪,5153.2
4406,圣聆初雪,铃音吹雪,5153.2
4407,圣聆初雪,铃音吹雪,5153.2
4408,圣聆初雪,铃音吹雪,5153.2
4409,圣聆初雪,铃音吹雪,5153.2
4410,圣聆初雪,铃音吹雪,5153.2
4411,圣聆初雪,铃音吹雪,5153.2
4412,圣聆初雪,铃音吹雪,5153.2
4413,圣聆初雪,铃音吹雪,5153.2
4414,圣聆初雪,铃音吹雪,5153.2
4415,圣聆初雪,铃音吹雪,5153.2
4416,圣聆初雪,铃音吹雪,5153.2
4417,圣聆初雪,铃音吹雪,5153.2
4418,圣聆初雪,铃音吹雪,5153.2
4419,圣聆初雪,铃音吹雪,5153.2
4420,圣聆初雪,铃音吹雪,5153.2
4421,圣聆初雪,铃音吹雪,5153.2
4422,圣聆初雪,铃音吹雪,5153.2
4423,圣聆初雪,铃音吹雪,5153.2
4424,圣聆初雪,铃音吹雪,5153.2
4425,圣聆初雪,铃音吹雪,5153.2
4426,圣聆初雪,铃音吹雪,5153.2
4427,圣聆初雪,铃音吹雪,5153.2
4428,圣聆初雪,铃音吹雪,5153.2
4429,圣聆初雪,铃音吹雪,5153.2
4430,圣聆初雪,铃音吹雪,5153.2
4431,圣聆初雪,铃音吹雪,5153.2
4432,圣聆初雪,铃音吹雪,5153.2
4433,圣聆初雪,铃音吹雪,5153.2
4434,圣聆初雪,铃音吹雪,5153.2
4435,圣聆初雪,铃音吹雪,5153.2
4436,圣聆初雪,铃音吹雪,5153.2
4437,圣聆初雪,铃音吹雪,5153.2
4438,圣聆初雪,铃音吹雪,5153.2
4439,圣聆初雪,铃音吹雪,5153.2
4440,圣聆初雪,铃音吹雪,5153.2
4441,圣聆初雪,铃音吹雪,5153.2
4442,圣聆初雪,铃音吹雪,5153.2
4443,圣聆初雪,铃音吹雪,5153.2
4444,圣聆初雪,铃音吹雪,5153.2
4445,圣聆初雪,铃音吹雪,5153.2
4446,圣聆初雪,铃音吹雪,5153.2
4447,圣聆初雪,铃音吹雪,5153.2
4448,圣聆初雪,铃音吹雪,5153.2
4449,圣聆初雪,铃音吹雪,5153.2
4450,圣聆初雪,铃音吹雪,5153.2
4451,圣聆初雪,铃音吹雪,5153.2
4452,圣聆初雪,铃音吹雪,5153.2
4453,圣聆初雪,铃音吹雪,5153.2
4454,圣聆初雪,铃音吹雪,5153.2
4455,圣聆初雪,铃音吹雪,5153.2
4456,圣聆初雪,铃音吹雪,5153.2
4457,圣聆初雪,铃音吹雪,5153.2
4458,圣聆初雪,铃音吹雪,5153.2
4459,圣聆初雪,铃音吹雪,5153.2
4460,圣聆初雪,铃音吹雪,5153.2
4461,圣聆初雪,铃音吹雪,5153.2
4462,圣聆初雪,铃音吹雪,5153.2
4463,圣聆初雪,铃音吹雪,5153.2
4464,圣聆初雪,铃音吹雪,5153.2
4465,圣聆初雪,铃音吹雪,5153.2
4466,圣聆初雪,铃音吹雪,5153.2
4467,圣聆初雪,铃音吹雪,5153.2
4468,圣聆初雪,铃音吹雪,5153.2
4469,圣聆初雪,铃音吹雪,5153.2
4470,圣聆初雪,铃音吹雪,5153.2
4471,圣聆初雪,铃音吹雪,5153.2
4472,圣聆初雪,铃音吹雪,5153.2
4473,圣聆初雪,铃音吹雪,5153.2
4474,圣聆初雪,铃音吹雪,5153.2
4475,圣聆初雪,铃音吹雪,5153.2
4476,圣聆初雪,铃音吹雪,5153.2
4477,圣聆初雪,铃音吹雪,5153.2
4478,圣聆初雪,铃音吹雪,5153.2
4479,圣聆初雪,铃音吹雪,5153.2
4480,圣聆初雪,铃音吹雪,5153.2
4481,圣聆初雪,铃音吹雪,5153.2
4482,圣聆初雪,铃音吹雪,5153.2
4483,圣聆初雪,铃音吹雪,5153.2
4484,圣聆初雪,铃音吹雪,5153.2
4485,圣聆初雪,铃音吹雪,5153.2
4486,圣聆初雪,铃音吹雪,5153.2
4487,圣聆初雪,铃音吹雪,5153.2
4488,圣聆初雪,铃音吹雪,5153.2
4489,圣聆初雪,铃音吹雪,5153.2
4490,圣聆初雪,铃音吹雪,5153.2
4491,圣聆初雪,铃音吹雪,5153.2
4492,圣聆初雪,铃音吹雪,5153.2
4493,圣聆初雪,铃音吹雪,5153.2
4494,圣聆初雪,铃音吹雪,5153.2
4495,圣聆初雪,铃音吹雪,5153.2
4496,圣聆初雪,铃音吹雪,5153.2
4497,圣聆初雪,铃音吹雪,5153.2
4498,圣聆初雪,铃音吹雪,5153.2
4499,圣聆初雪,铃音吹雪,5153.2
4500,圣聆初雪,铃音吹雪,5153.2
4501,圣聆初雪,铃音吹雪,5153.2
4502,圣聆初雪,铃音吹雪,5153.2
4503,圣聆初雪,铃音吹雪,5153.2
4504,圣聆初雪,铃音吹雪,5153.2
4505,圣聆初雪,铃音吹雪,5153.2
4506,圣聆初雪,铃音吹雪,5153.2
4507,圣聆初雪,铃音吹雪,5153.2
4508,圣聆初雪,铃音吹雪,5153.2
4509,圣聆初雪,铃音吹雪,5153.2
4510,圣聆初雪,铃音吹雪,5153.2
4511,圣聆初雪,铃音吹雪,5153.2
4512,圣聆初雪,铃音吹雪,5153.2
4513,圣聆初雪,铃音吹雪,5153.2
4514,圣聆初雪,铃音吹雪,5153.2
4515,圣聆初雪,铃音吹雪,5153.2
4516,圣聆初雪,铃音吹雪,5153.2
4517,圣聆初雪,铃音吹雪,5153.2
4518,圣聆初雪,铃音吹雪,5153.2
4519,圣聆初雪,铃音吹雪,5153.2
4520,圣聆初雪,铃音吹雪,5153.2
4521,圣聆初雪,铃音吹雪,5153.2
4522,圣聆初雪,铃音吹雪,5153.2
4523,圣聆初雪,铃音吹雪,5153.2
4524,圣聆初雪,铃音吹雪,5153.2
4525,圣聆初雪,铃音吹雪,5153.2
4526,圣聆初雪,铃音吹雪,5153.2
4527,圣聆初雪,铃音吹雪,5153.2
4528,圣聆初雪,铃音吹雪,5153.2
4529,圣聆初雪,铃音吹雪,5153.2
4530,圣聆初雪,铃音吹雪,5153.2
4531,圣聆初雪,铃音吹雪,5153.2
4532,圣聆初雪,铃音吹雪,5153.2
4533,圣聆初雪,铃音吹雪,5153.2
4534,圣聆初雪,铃音吹雪,5153.2
4535,圣聆初雪,铃音吹雪,5153.2
4536,圣聆初雪,铃音吹雪,5153.2
4537,圣聆初雪,铃音吹雪,5153.2
4538,圣聆初雪,铃音吹雪,5153.2
4539,圣聆初雪,铃音吹雪,5153.2
4540,圣聆初雪,铃音吹雪,5153.2
4541,圣聆初雪,铃音吹雪,5153.2
4542,圣聆初雪,铃音吹雪,5153.2
4543,圣聆初雪,铃音吹雪,5153.2
4544,圣聆初雪,铃音吹雪,5153.2
4545,圣聆初雪,铃音吹雪,5153.2
4546,圣聆初雪,铃音吹雪,5153.2
4547,圣聆初雪,铃音吹雪,5153.2
4548,圣聆初雪,铃音吹雪,5153.2
4549,圣聆初雪,铃音吹雪,5153.2
4550,圣聆初雪,铃音吹雪,5153.2
4551,圣聆初雪,铃音吹雪,5153.2
4552,圣聆初雪,铃音吹雪,5153.2
4553,圣聆初雪,铃音吹雪,5153.2
4554,圣聆初雪,铃音吹雪,5153.2
4555,圣聆初雪,铃音吹雪,5153.2
4556,圣聆初雪,铃音吹雪,5153.2
4557,圣聆初雪,铃音吹雪,5153.2
4558,圣聆初雪,铃音吹雪,5153.2
4559,圣聆初雪,铃音吹雪,5153.2
4560,圣聆初雪,铃音吹雪,5153.2
4561,圣聆初雪,铃音吹雪,5153.2
4562,圣聆初雪,铃音吹雪,5153.2
4563,圣聆初雪,铃音吹雪,5153.2
4564,圣聆初雪,铃音吹雪,5153.2
4565,圣聆初雪,铃音吹雪,5153.2
4566,圣聆初雪,铃音吹雪,5153.2
4567,圣聆初雪,铃音吹雪,5153.2
4568,圣聆初雪,铃音吹雪,5153.2
4569,圣聆初雪,铃音吹雪,5153.2
4570,圣聆初雪,铃音吹雪,5153.2
4571,圣聆初雪,铃音吹雪,5153.2
4572,圣聆初雪,铃音吹雪,5153.2
4573,圣聆初雪,铃音吹雪,5153.2
4574,圣聆初雪,铃音吹雪,5153.2
4575,圣聆初雪,铃音吹雪,5153.2
4576,圣聆初雪,铃音吹雪,5153.2
4577,圣聆初雪,铃音吹雪,5153.2
4578,圣聆初雪,铃音吹雪,5153.2
4579,圣聆初雪,铃音吹雪,5153.2
4580,圣聆初雪,铃音吹雪,5153.2
4581,圣聆初雪,铃音吹雪,5153.2
4582,圣聆初雪,铃音吹雪,5153.2
4583,圣聆初雪,铃音吹雪,5153.2
4584,圣聆初雪,铃音吹雪,5153.2
4585,圣聆初雪,铃音吹雪,5153.2
4586,圣聆初雪,铃音吹雪,5153.2
4587,圣聆初雪,铃音吹雪,5153.2
4588,圣聆初雪,铃音吹雪,5153.2
4589,圣聆初雪,铃音吹雪,5153.2
4590,圣聆初雪,铃音吹雪,5153.2
4591,圣聆初雪,铃音吹雪,5153.2
4592,圣聆初雪,铃音吹雪,5153.2
4593,圣聆初雪,铃音吹雪,5153.2
4594,圣聆初雪,铃音吹雪,5153.2
4595,圣聆初雪,铃音吹雪,5153.2
4596,圣聆初雪,铃音吹雪,5153.2
4597,圣聆初雪,铃音吹雪,5153.2
4598,圣聆初雪,铃音吹雪,5153.2
4599,圣聆初雪,铃音吹雪,5153.2
4600,圣聆初雪,铃音吹雪,5153.2
4601,圣聆初雪,铃音吹雪,5153.2
4602,圣聆初雪,铃音吹雪,5153.2
4603,圣聆初雪,铃音吹雪,5153.2
4604,圣聆初雪,铃音吹雪,5153.2
4605,圣聆初雪,铃音吹雪,5153.2
4606,圣聆初雪,铃音吹雪,5153.2
4607,圣聆初雪,铃音吹雪,5153.2
4608,圣聆初雪,铃音吹雪,5153.2
4609,圣聆初雪,铃音吹雪,5153.2
4610,圣聆初雪,铃音吹雪,5153.2
4611,圣聆初雪,铃音吹雪,5153.2
4612,圣聆初雪,铃音吹雪,5153.2
4613,圣聆初雪,铃音吹雪,5153.2
4614,圣聆初雪,铃音吹雪,5153.2
4615,圣聆初雪,铃音吹雪,5153.2
4616,圣聆初雪,铃音吹雪,5153.2
4617,圣聆初雪,铃音吹雪,5153.2
4618,圣聆初雪,铃音吹雪,5153.2
4619,圣聆初雪,铃音吹雪,5153.2
4620,圣聆初雪,铃音吹雪,5153.2
4621,圣聆初雪,铃音吹雪,5153.2
4622,圣聆初雪,铃音吹雪,5153.2
4623,圣聆初雪,铃音吹雪,5153.2
4624,圣聆初雪,铃音吹雪,5153.2
4625,圣聆初雪,铃音吹雪,5153.2
4626,圣聆初雪,铃音吹雪,5153.2
4627,圣聆初雪,铃音吹雪,5153.2
4628,圣聆初雪,铃音吹雪,5153.2
4629,圣聆初雪,铃音吹雪,5153.2
4630,圣聆初雪,铃音吹雪,5153.2
4631,圣聆初雪,铃音吹雪,5153.2
4632,圣聆初雪,铃音吹雪,5153.2
4633,圣聆初雪,铃音吹雪,5153.2
4634,圣聆初雪,铃音吹雪,5153.2
4635,圣聆初雪,铃音吹雪,5153.2
4636,圣聆初雪,铃音吹雪,5153.2
4637,圣聆初雪,铃音吹雪,5153.2
4638,圣聆初雪,铃音吹雪,5153.2
4639,圣聆初雪,铃音吹雪,5153.2
4640,圣聆初雪,铃音吹雪,5153.2
4641,圣聆初雪,铃音吹雪,5153.2
4642,圣聆初雪,铃音吹雪,5153.2
4643,圣聆初雪,铃音吹雪,5153.2
4644,圣聆初雪,铃音吹雪,5153.2
4645,圣聆初雪,铃音吹雪,5153.2
4646,圣聆初雪,铃音吹雪,5153.2
4647,圣聆初雪,铃音吹雪,5153.2
4648,圣聆初雪,铃音吹雪,5153.2
4649,圣聆初雪,铃音吹雪,5153.2
4650,圣聆初雪,铃音吹雪,5153.2
4651,圣聆初雪,铃音吹雪,5153.2
4652,圣聆初雪,铃音吹雪,5153.2
4653,圣聆初雪,铃音吹雪,5153.2
4654,圣聆初雪,铃音吹雪,5153.2
4655,圣聆初雪,铃音吹雪,5153.2
4656,圣聆初雪,铃音吹雪,5153.2
4657,圣聆初雪,铃音吹雪,5153.2
4658,圣聆初雪,铃音吹雪,5153.2
4659,圣聆初雪,铃音吹雪,5153.2
4660,圣聆初雪,铃音吹雪,5153.2
4661,圣聆初雪,铃音吹雪,5153.2
4662,圣聆初雪,铃音吹雪,5153.2
4663,圣聆初雪,铃音吹雪,5153.2
4664,圣聆初雪,铃音吹雪,5153.2
4665,圣聆初雪,铃音吹雪,5153.2
4666,圣聆初雪,铃音吹雪,5153.2
4667,圣聆初雪,铃音吹雪,5153.2
4668,圣聆初雪,铃音吹雪,5153.2
4669,圣聆初雪,铃音吹雪,5153.2
4670,圣聆初雪,铃音吹雪,5153.2
4671,圣聆初雪,铃音吹雪,5153.2
4672,圣聆初雪,铃音吹雪,5153.2
4673,圣聆初雪,铃音吹雪,5153.2
4674,圣聆初雪,铃音吹雪,5153.2
4675,圣聆初雪,铃音吹雪,5153.2
4676,圣聆初雪,铃音吹雪,5153.2
4677,圣聆初雪,铃音吹雪,5153.2
4678,圣聆初雪,铃音吹雪,5153.2
4679,圣聆初雪,铃音吹雪,5153.2
4680,圣聆初雪,铃音吹雪,5153.2
4681,圣聆初雪,铃音吹雪,5153.2
4682,圣聆初雪,铃音吹雪,5153.2
4683,圣聆初雪,铃音吹雪,5153.2
4684,圣聆初雪,铃音吹雪,5153.2
4685,圣聆初雪,铃音吹雪,5153.2
4686,圣聆初雪,铃音吹雪,5153.2
4687,圣聆初雪,铃音吹雪,5153.2
4688,圣聆初雪,铃音吹雪,5153.2
4689,圣聆初雪,铃音吹雪,5153.2
4690,圣聆初雪,铃音吹雪,5153.2
4691,圣聆初雪,铃音吹雪,5153.2
4692,圣聆初雪,铃音吹雪,5153.2
4693,圣聆初雪,铃音吹雪,5153.2
4694,圣聆初雪,铃音吹雪,5153.2
4695,圣聆初雪,铃音吹雪,5153.2
4696,圣聆初雪,铃音吹雪,5153.2
4697,圣聆初雪,铃音吹雪,5153.2
4698,圣聆初雪,铃音吹雪,5153.2
4699,圣聆初雪,铃音吹雪,5153.2
4700,圣聆初雪,铃音吹雪,5153.2
4701,圣聆初雪,铃音吹雪,5153.2
4702,圣聆初雪,铃音吹雪,5153.2
4703,圣聆初雪,铃音吹雪,5153.2
4704,圣聆初雪,铃音吹雪,5153.2
4705,圣聆初雪,铃音吹雪,5153.2
4706,圣聆初雪,铃音吹雪,5153.2
4707,圣聆初雪,铃音吹雪,5153.2
4708,圣聆初雪,铃音吹雪,5153.2
4709,圣聆初雪,铃音吹雪,5153.2
4710,圣聆初雪,铃音吹雪,5153.2
4711,圣聆初雪,铃音吹雪,5153.2
4712,圣聆初雪,铃音吹雪,5153.2
4713,圣聆初雪,铃音吹雪,5153.2
4714,圣聆初雪,铃音吹雪,5153.2
4715,圣聆初雪,铃音吹雪,5153.2
4716,圣聆初雪,铃音吹雪,5153.2
4717,圣聆初雪,铃音吹雪,5153.2
4718,圣聆初雪,铃音吹雪,5153.2
4719,圣聆初雪,铃音吹雪,5153.2
4720,圣聆初雪,铃音吹雪,5153.2
4721,圣聆初雪,铃音吹雪,5153.2
4722,圣聆初雪,铃音吹雪,5153.2
4723,圣聆初雪,铃音吹雪,5153.2
4724,圣聆初雪,铃音吹雪,5153.2
4725,圣聆初雪,铃音吹雪,5153.2
4726,圣聆初雪,铃音吹雪,5153.2
4727,圣聆初雪,铃音吹雪,5153.2
4728,圣聆初雪,铃音吹雪,5153.2
4729,圣聆初雪,铃音吹雪,5153.2
4730,圣聆初雪,铃音吹雪,5153.2
4731,圣聆初雪,铃音吹雪,5153.2
4732,圣聆初雪,铃音吹雪,5153.2
4733,圣聆初雪,铃音吹雪,5153.2
4734,圣聆初雪,铃音吹雪,5153.2
4735,圣聆初雪,铃音吹雪,5153.2
4736,圣聆初雪,铃音吹雪,5153.2
4737,圣聆初雪,铃音吹雪,5153.2
4738,圣聆初雪,铃音吹雪,5153.2
4739,圣聆初雪,铃音吹雪,5153.2
4740,圣聆初雪,铃音吹雪,5153.2
4741,圣聆初雪,铃音吹雪,5153.2
4742,圣聆初雪,铃音吹雪,5153.2
4743,圣聆初雪,铃音吹雪,5153.2
4744,圣聆初雪,铃音吹雪,5153.2
4745,圣聆初雪,铃音吹雪,5153.2
4746,圣聆初雪,铃音吹雪,5153.2
4747,圣聆初雪,铃音吹雪,5153.2
4748,圣聆初雪,铃音吹雪,5153.2
4749,圣聆初雪,铃音吹雪,5153.2
4750,圣聆初雪,铃音吹雪,5153.2
4751,圣聆初雪,铃音吹雪,5153.2
4752,圣聆初雪,铃音吹雪,5153.2
4753,圣聆初雪,铃音吹雪,5153.2
4754,圣聆初雪,铃音吹雪,5153.2
4755,圣聆初雪,铃音吹雪,5153.2
4756,圣聆初雪,铃音吹雪,5153.2
4757,圣聆初雪,铃音吹雪,5153.2
4758,圣聆初雪,铃音吹雪,5153.2
4759,圣聆初雪,铃音吹雪,5153.2
4760,圣聆初雪,铃音吹雪,5153.2
4761,圣聆初雪,铃音吹雪,5153.2
4762,圣聆初雪,铃音吹雪,5153.2
4763,圣聆初雪,铃音吹雪,5153.2
4764,圣聆初雪,铃音吹雪,5153.2
4765,圣聆初雪,铃音吹雪,5153.2
4766,圣聆初雪,铃音吹雪,5153.2
4767,圣聆初雪,铃音吹雪,5153.2
4768,圣聆初雪,铃音吹雪,5153.2
4769,圣聆初雪,铃音吹雪,5153.2
4770,圣聆初雪,铃音吹雪,5153.2
4771,圣聆初雪,铃音吹雪,5153.2
4772,圣聆初雪,铃音吹雪,5153.2
4773,圣聆初雪,铃音吹雪,5153.2
4774,圣聆初雪,铃音吹雪,5153.2
4775,圣聆初雪,铃音吹雪,5153.2
4776,圣聆初雪,铃音吹雪,5153.2
4777,圣聆初雪,铃音吹雪,5153.2
4778,圣聆初雪,铃音吹雪,5153.2
4779,圣聆初雪,铃音吹雪,5153.2
4780,圣聆初雪,铃音吹雪,5153.2
4781,圣聆初雪,铃音吹雪,5153.2
4782,圣聆初雪,铃音吹雪,5153.2
4783,圣聆初雪,铃音吹雪,5153.2
4784,圣聆初雪,铃音吹雪,5153.2
4785,圣聆初雪,铃音吹雪,5153.2
4786,圣聆初雪,铃音吹雪,5153.2
4787,圣聆初雪,铃音吹雪,5153.2
4788,圣聆初雪,铃音吹雪,5153.2
4789,圣聆初雪,铃音吹雪,5153.2
4790,圣聆初雪,铃音吹雪,5153.2
4791,圣聆初雪,铃音吹雪,5153.2
4792,圣聆初雪,铃音吹雪,5153.2
4793,圣聆初雪,铃音吹雪,5153.2
4794,圣聆初雪,铃音吹雪,5153.2
4795,圣聆初雪,铃音吹雪,5153.2
4796,圣聆初雪,铃音吹雪,5153.2
4797,圣聆初雪,铃音吹雪,5153.2
4798,圣聆初雪,铃音吹雪,5153.2
4799,圣聆初雪,铃音吹雪,5153.2
4800,圣聆初雪,铃音吹雪,5153.2
4801,圣聆初雪,铃音吹雪,5153.2
4802,圣聆初雪,铃音吹雪,5153.2
4803,圣聆初雪,铃音吹雪,5153.2
4804,圣聆初雪,铃音吹雪,5153.2
4805,圣聆初雪,铃音吹雪,5153.2
4806,圣聆初雪,铃音吹雪,5153.2
4807,圣聆初雪,铃音吹雪,5153.2
4808,圣聆初雪,铃音吹雪,5153.2
4809,圣聆初雪,铃音吹雪,5153.2
4810,圣聆初雪,铃音吹雪,5153.2
4811,圣聆初雪,铃音吹雪,5153.2
4812,圣聆初雪,铃音吹雪,5153.2
4813,圣聆初雪,铃音吹雪,5153.2
4814,圣聆初雪,铃音吹雪,5153.2
4815,圣聆初雪,铃音吹雪,5153.2
4816,圣聆初雪,铃音吹雪,5153.2
4817,圣聆初雪,铃音吹雪,5153.2
4818,圣聆初雪,铃音吹雪,5153.2
4819,圣聆初雪,铃音吹雪,5153.2
4820,圣聆初雪,铃音吹雪,5153.2
4821,圣聆初雪,铃音吹雪,5153.2
4822,圣聆初雪,铃音吹雪,5153.2
4823,圣聆初雪,铃音吹雪,5153.2
4824,圣聆初雪,铃音吹雪,5153.2
4825,圣聆初雪,铃音吹雪,5153.2
4826,圣聆初雪,铃音吹雪,5153.2
4827,圣聆初雪,铃音吹雪,5153.2
4828,圣聆初雪,铃音吹雪,5153.2
4829,圣聆初雪,铃音吹雪,5153.2
4830,圣聆初雪,铃音吹雪,5153.2
4831,圣聆初雪,铃音吹雪,5153.2
4832,圣聆初雪,铃音吹雪,5153.2
4833,圣聆初雪,铃音吹雪,5153.2
4834,圣聆初雪,铃音吹雪,5153.2
4835,圣聆初雪,铃音吹雪,5153.2
4836,圣聆初雪,铃音吹雪,5153.2
4837,圣聆初雪,铃音吹雪,5153.2
4838,圣聆初雪,铃音吹雪,5153.2
4839,圣聆初雪,铃音吹雪,5153.2
4840,圣聆初雪,铃音吹雪,5153.2
4841,圣聆初雪,铃音吹雪,5153.2
4842,圣聆初雪,铃音吹雪,5153.2
4843,圣聆初雪,铃音吹雪,5153.2
4844,圣聆初雪,铃音吹雪,5153.2
4845,圣聆初雪,铃音吹雪,5153.2
4846,圣聆初雪,铃音吹雪,5153.2
4847,圣聆初雪,铃音吹雪,5153.2
4848,圣聆初雪,铃音吹雪,5153.2
4849,圣聆初雪,铃音吹雪,5153.2
4850,圣聆初雪,铃音吹雪,5153.2
4851,圣聆初雪,铃音吹雪,5153.2
4852,圣聆初雪,铃音吹雪,5153.2
4853,圣聆初雪,铃音吹雪,5153.2
4854,圣聆初雪,铃音吹雪,5153.2
4855,圣聆初雪,铃音吹雪,5153.2
4856,圣聆初雪,铃音吹雪,5153.2
4857,圣聆初雪,铃音吹雪,5153.2
4858,圣聆初雪,铃音吹雪,5153.2
4859,圣聆初雪,铃音吹雪,5153.2
4860,圣聆初雪,铃音吹雪,5153.2
4861,圣聆初雪,铃音吹雪,5153.2
4862,圣聆初雪,铃音吹雪,5153.2
4863,圣聆初雪,铃音吹雪,5153.2
4864,圣聆初雪,铃音吹雪,5153.2
4865,圣聆初雪,铃音吹雪,5153.2
4866,圣聆初雪,铃音吹雪,5153.2
4867,圣聆初雪,铃音吹雪,5153.2
4868,圣聆初雪,铃音吹雪,5153.2
4869,圣聆初雪,铃音吹雪,5153.2
4870,圣聆初雪,铃音吹雪,5153.2
4871,圣聆初雪,铃音吹雪,5153.2
4872,圣聆初雪,铃音吹雪,5153.2
4873,圣聆初雪,铃音吹雪,5153.2
4874,圣聆初雪,铃音吹雪,5153.2
4875,圣聆初雪,铃音吹雪,5153.2
4876,圣聆初雪,铃音吹雪,5153.2
4877,圣聆初雪,铃音吹雪,5153.2
4878,圣聆初雪,铃音吹雪,5153.2
4879,圣聆初雪,铃音吹雪,5153.2
4880,圣聆初雪,铃音吹雪,5153.2
4881,圣聆初雪,铃音吹雪,5153.2
4882,圣聆初雪,铃音吹雪,5153.2
4883,圣聆初雪,铃音吹雪,5153.2
4884,圣聆初雪,铃音吹雪,5153.2
4885,圣聆初雪,铃音吹雪,5153.2
4886,圣聆初雪,铃音吹雪,5153.2
4887,圣聆初雪,铃音吹雪,5153.2
4888,圣聆初雪,铃音吹雪,5153.2
4889,圣聆初雪,铃音吹雪,5153.2
4890,圣聆初雪,铃音吹雪,5153.2
4891,圣聆初雪,铃音吹雪,5153.2
4892,圣聆初雪,铃音吹雪,5153.2
4893,圣聆初雪,铃音吹雪,5153.2
4894,圣聆初雪,铃音吹雪,5153.2
4895,圣聆初雪,铃音吹雪,5153.2
4896,圣聆初雪,铃音吹雪,5153.2
4897,圣聆初雪,铃音吹雪,5153.2
4898,圣聆初雪,铃音吹雪,5153.2
4899,圣聆初雪,铃音吹雪,5153.2
4900,圣聆初雪,铃音吹雪,5153.2
4901,圣聆初雪,铃音吹雪,5153.2
4902,圣聆初雪,铃音吹雪,5153.2
4903,圣聆初雪,铃音吹雪,5153.2
4904,圣聆初雪,铃音吹雪,5153.2
4905,圣聆初雪,铃音吹雪,5153.2
4906,圣聆初雪,铃音吹雪,5153.2
4907,圣聆初雪,铃音吹雪,5153.2
4908,圣聆初雪,铃音吹雪,5153.2
4909,圣聆初雪,铃音吹雪,5153.2
4910,圣聆初雪,铃音吹雪,5153.2
4911,圣聆初雪,铃音吹雪,5153.2
4912,圣聆初雪,铃音吹雪,5153.2
4913,圣聆初雪,铃音吹雪,5153.2
4914,圣聆初雪,铃音吹雪,5153.2
4915,圣聆初雪,铃音吹雪,5153.2
4916,圣聆初雪,铃音吹雪,5153.2
4917,圣聆初雪,铃音吹雪,5153.2
4918,圣聆初雪,铃音吹雪,5153.2
4919,圣聆初雪,铃音吹雪,5153.2
4920,圣聆初雪,铃音吹雪,5153.2
4921,圣聆初雪,铃音吹雪,5153.2
4922,圣聆初雪,铃音吹雪,5153.2
4923,圣聆初雪,铃音吹雪,5153.2
4924,圣聆初雪,铃音吹雪,5153.2
4925,圣聆初雪,铃音吹雪,5153.2
4926,圣聆初雪,铃音吹雪,5153.2
4927,圣聆初雪,铃音吹雪,5153.2
4928,圣聆初雪,铃音吹雪,5153.2
4929,圣聆初雪,铃音吹雪,5153.2
4930,圣聆初雪,铃音吹雪,5153.2
4931,圣聆初雪,铃音吹雪,5153.2
4932,圣聆初雪,铃音吹雪,5153.2
4933,圣聆初雪,铃音吹雪,5153.2
4934,圣聆初雪,铃音吹雪,5153.2
4935,圣聆初雪,铃音吹雪,5153.2
4936,圣聆初雪,铃音吹雪,5153.2
4937,圣聆初雪,铃音吹雪,5153.2
4938,圣聆初雪,铃音吹雪,5153.2
4939,圣聆初雪,铃音吹雪,5153.2
4940,圣聆初雪,铃音吹雪,5153.2
4941,圣聆初雪,铃音吹雪,5153.2
4942,圣聆初雪,铃音吹雪,5153.2
4943,圣聆初雪,铃音吹雪,5153.2
4944,圣聆初雪,铃音吹雪,5153.2
4945,圣聆初雪,铃音吹雪,5153.2
4946,圣聆初雪,铃音吹雪,5153.2
4947,圣聆初雪,铃音吹雪,5153.2
4948,圣聆初雪,铃音吹雪,5153.2
4949,圣聆初雪,铃音吹雪,5153.2
4950,圣聆初雪,铃音吹雪,5153.2
4951,圣聆初雪,铃音吹雪,5153.2
4952,圣聆初雪,铃音吹雪,5153.2
4953,圣聆初雪,铃音吹雪,5153.2
4954,圣聆初雪,铃音吹雪,5153.2
4955,圣聆初雪,铃音吹雪,5153.2
4956,圣聆初雪,铃音吹雪,5153.2
4957,圣聆初雪,铃音吹雪,5153.2
4958,圣聆初雪,铃音吹雪,5153.2
4959,圣聆初雪,铃音吹雪,5153.2
4960,圣聆初雪,铃音吹雪,5153.2
4961,圣聆初雪,铃音吹雪,5153.2
4962,圣聆初雪,铃音吹雪,5153.2
4963,圣聆初雪,铃音吹雪,5153.2
4964,圣聆初雪,铃音吹雪,5153.2
4965,圣聆初雪,铃音吹雪,5153.2
4966,圣聆初雪,铃音吹雪,5153.2
4967,圣聆初雪,铃音吹雪,5153.2
4968,圣聆初雪,铃音吹雪,5153.2
4969,圣聆初雪,铃音吹雪,5153.2
4970,圣聆初雪,铃音吹雪,5153.2
4971,圣聆初雪,铃音吹雪,5153.2
4972,圣聆初雪,铃音吹雪,5153.2
4973,圣聆初雪,铃音吹雪,5153.2
4974,圣聆初雪,铃音吹雪,5153.2
4975,圣聆初雪,铃音吹雪,5153.2
4976,圣聆初雪,铃音吹雪,5153.2
4977,圣聆初雪,铃音吹雪,5153.2
4978,圣聆初雪,铃音吹雪,5153.2
4979,圣聆初雪,铃音吹雪,5153.2
4980,圣聆初雪,铃音吹雪,5153.2
4981,圣聆初雪,铃音吹雪,5153.2
4982,圣聆初雪,铃音吹雪,5153.2
4983,圣聆初雪,铃音吹雪,5153.2
4984,圣聆初雪,铃音吹雪,5153.2
4985,圣聆初雪,铃音吹雪,5153.2
4986,圣聆初雪,铃音吹雪,5153.2
4987,圣聆初雪,铃音吹雪,5153.2
4988,圣聆初雪,铃音吹雪,5153.2
4989,圣聆初雪,铃音吹雪,5153.2
4990,圣聆初雪,铃音吹雪,5153.2
4991,圣聆初雪,铃音吹雪,5153.2
4992,圣聆初雪,铃音吹雪,5153.2
4993,圣聆初雪,铃音吹雪,5153.2
4994,圣聆初雪,铃音吹雪,5153.2
4995,圣聆初雪,铃音吹雪,5153.2
4996,圣聆初雪,铃音吹雪,5153.2
4997,圣聆初雪,铃音吹雪,5153.2
4998,圣聆初雪,铃音吹雪,5153.2
4999,圣聆初雪,铃音吹雪,5153.2
5000,圣聆初雪,铃音吹雪,5153.2
5001,圣聆初雪,铃音吹雪,5153.2
5002,圣聆初雪,铃音吹雪,5153.2
5003,圣聆初雪,铃音吹雪,5153.2
5004,圣聆初雪,铃音吹雪,5153.2
5005,圣聆初雪,铃音吹雪,5153.2
5006,圣聆初雪,铃音吹雪,5153.2
5007,圣聆初雪,铃音吹雪,5153.2
5008,圣聆初雪,铃音吹雪,5153.2
5009,圣聆初雪,铃音吹雪,5153.2
5010,圣聆初雪,铃音吹雪,5153.2
5011,圣聆初雪,铃音吹雪,5153.2
5012,圣聆初雪,铃音吹雪,5153.2
5013,圣聆初雪,铃音吹雪,5153.2
5014,圣聆初雪,铃音吹雪,5153.2
5015,圣聆初雪,铃音吹雪,5153.2
5016,圣聆初雪,铃音吹雪,5153.2
5017,圣聆初雪,铃音吹雪,5153.2
5018,圣聆初雪,铃音吹雪,5153.2
5019,圣聆初雪,铃音吹雪,5153.2
5020,圣聆初雪,铃音吹雪,5153.2
5021,圣聆初雪,铃音吹雪,5153.2
5022,圣聆初雪,铃音吹雪,5153.2
5023,圣聆初雪,铃音吹雪,5153.2
5024,圣聆初雪,铃音吹雪,5153.2
5025,圣聆初雪,铃音吹雪,5153.2
5026,圣聆初雪,铃音吹雪,5153.2
5027,圣聆初雪,铃音吹雪,5153.2
5028,圣聆初雪,铃音吹雪,5153.2
5029,圣聆初雪,铃音吹雪,5153.2
5030,圣聆初雪,铃音吹雪,5153.2
5031,圣聆初雪,铃音吹雪,5153.2
5032,圣聆初雪,铃音吹雪,5153.2
5033,圣聆初雪,铃音吹雪,5153.2
5034,圣聆初雪,铃音吹雪,5153.2
5035,圣聆初雪,铃音吹雪,5153.2
5036,圣聆初雪,铃音吹雪,5153.2
5037,圣聆初雪,铃音吹雪,5153.2
5038,圣聆初雪,铃音吹雪,5153.2
5039,圣聆初雪,铃音吹雪,5153.2
5040,圣聆初雪,铃音吹雪,5153.2
5041,圣聆初雪,铃音吹雪,5153.2
5042,圣聆初雪,铃音吹雪,5153.2
5043,圣聆初雪,铃音吹雪,5153.2
5044,圣聆初雪,铃音吹雪,5153.2
5045,圣聆初雪,铃音吹雪,5153.2
5046,圣聆初雪,铃音吹雪,5153.2
5047,圣聆初雪,铃音吹雪,5153.2
5048,圣聆初雪,铃音吹雪,5153.2
5049,圣聆初雪,铃音吹雪,5153.2
5050,圣聆初雪,铃音吹雪,5153.2
5051,圣聆初雪,铃音吹雪,5153.2
5052,圣聆初雪,铃音吹雪,5153.2
5053,圣聆初雪,铃音吹雪,5153.2
5054,圣聆初雪,铃音吹雪,5153.2
5055,圣聆初雪,铃音吹雪,5153.2
5056,圣聆初雪,铃音吹雪,5153.2
5057,圣聆初雪,铃音吹雪,5153.2
5058,圣聆初雪,铃音吹雪,5153.2
5059,圣聆初雪,铃音吹雪,5153.2
5060,圣聆初雪,铃音吹雪,5153.2
5061,圣聆初雪,铃音吹雪,5153.2
5062,圣聆初雪,铃音吹雪,5153.2
5063,圣聆初雪,铃音吹雪,5153.2
5064,圣聆初雪,铃音吹雪,5153.2
5065,圣聆初雪,铃音吹雪,5153.2
5066,圣聆初雪,铃音吹雪,5153.2
5067,圣聆初雪,铃音吹雪,5153.2
5068,圣聆初雪,铃音吹雪,5153.2
5069,圣聆初雪,铃音吹雪,5153.2
5070,圣聆初雪,铃音吹雪,5153.2
5071,圣聆初雪,铃音吹雪,5153.2
5072,圣聆初雪,铃音吹雪,5153.2
5073,圣聆初雪,铃音吹雪,5153.2
5074,圣聆初雪,铃音吹雪,5153.2
5075,圣聆初雪,铃音吹雪,5153.2
5076,圣聆初雪,铃音吹雪,5153.2
5077,圣聆初雪,铃音吹雪,5153.2
5078,圣聆初雪,铃音吹雪,5153.2
5079,圣聆初雪,铃音吹雪,5153.2
5080,圣聆初雪,铃音吹雪,5153.2
5081,圣聆初雪,铃音吹雪,5153.2
5082,圣聆初雪,铃音吹雪,5153.2
5083,圣聆初雪,铃音吹雪,5153.2
5084,圣聆初雪,铃音吹雪,5153.2
5085,圣聆初雪,铃音吹雪,5153.2
5086,圣聆初雪,铃音吹雪,5153.2
5087,圣聆初雪,铃音吹雪,5153.2
5088,圣聆初雪,铃音吹雪,5153.2
5089,圣聆初雪,铃音吹雪,5153.2
5090,圣聆初雪,铃音吹雪,5153.2
5091,圣聆初雪,铃音吹雪,5153.2
5092,圣聆初雪,铃音吹雪,5153.2
5093,圣聆初雪,铃音吹雪,5153.2
5094,圣聆初雪,铃音吹雪,5153.2
5095,圣聆初雪,铃音吹雪,5153.2
5096,圣聆初雪,铃音吹雪,5153.2
5097,圣聆初雪,铃音吹雪,5153.2
5098,圣聆初雪,铃音吹雪,5153.2
5099,圣聆初雪,铃音吹雪,5153.2
5100,圣聆初雪,铃音吹雪,5153.2
5101,圣聆初雪,铃音吹雪,5153.2
5102,圣聆初雪,铃音吹雪,5153.2
5103,圣聆初雪,铃音吹雪,5153.2
5104,圣聆初雪,铃音吹雪,5153.2
5105,圣聆初雪,铃音吹雪,5153.2
5106,圣聆初雪,铃音吹雪,5153.2
5107,圣聆初雪,铃音吹雪,5153.2
5108,圣聆初雪,铃音吹雪,5153.2
5109,圣聆初雪,铃音吹雪,5153.2
5110,圣聆初雪,铃音吹雪,5153.2
5111,圣聆初雪,铃音吹雪,5153.2
5112,圣聆初雪,铃音吹雪,5153.2
5113,圣聆初雪,铃音吹雪,5153.2
5114,圣聆初雪,铃音吹雪,5153.2
5115,圣聆初雪,铃音吹雪,5153.2
5116,圣聆初雪,铃音吹雪,5153.2
5117,圣聆初雪,铃音吹雪,5153.2
5118,圣聆初雪,铃音吹雪,5153.2
5119,圣聆初雪,铃音吹雪,5153.2
5120,圣聆初雪,铃音吹雪,5153.2
5121,圣聆初雪,铃音吹雪,5153.2
5122,圣聆初雪,铃音吹雪,5153.2
5123,圣聆初雪,铃音吹雪,5153.2
5124,圣聆初雪,铃音吹雪,5153.2
5125,圣聆初雪,铃音吹雪,5153.2
5126,圣聆初雪,铃音吹雪,5153.2
5127,圣聆初雪,铃音吹雪,5153.2
5128,圣聆初雪,铃音吹雪,5153.2
5129,圣聆初雪,铃音吹雪,5153.2
5130,圣聆初雪,铃音吹雪,5153.2
5131,圣聆初雪,铃音吹雪,5153.2
5132,圣聆初雪,铃音吹雪,5153.2
5133,圣聆初雪,铃音吹雪,5153.2
5134,圣聆初雪,铃音吹雪,5153.2
5135,圣聆初雪,铃音吹雪,5153.2
5136,圣聆初雪,铃音吹雪,5153.2
5137,圣聆初雪,铃音吹雪,5153.2
5138,圣聆初雪,铃音吹雪,5153.2
5139,圣聆初雪,铃音吹雪,5153.2
5140,圣聆初雪,铃音吹雪,5153.2
5141,圣聆初雪,铃音吹雪,5153.2
5142,圣聆初雪,铃音吹雪,5153.2
5143,圣聆初雪,铃音吹雪,5153.2
5144,圣聆初雪,铃音吹雪,5153.2
5145,圣聆初雪,铃音吹雪,5153.2
5146,圣聆初雪,铃音吹雪,5153.2
5147,圣聆初雪,铃音吹雪,5153.2
5148,圣聆初雪,铃音吹雪,5153.2
5149,圣聆初雪,铃音吹雪,5153.2
5150,圣聆初雪,铃音吹雪,5153.2
5151,圣聆初雪,铃音吹雪,5153.2
5152,圣聆初雪,铃音吹雪,5153.2
5153,圣聆初雪,铃音吹雪,5153.2
5154,圣聆初雪,铃音吹雪,5153.2
5155,圣聆初雪,铃音吹雪,5153.2
5156,圣聆初雪,铃音吹雪,5153.2
5157,圣聆初雪,铃音吹雪,5153.2
5158,圣聆初雪,铃音吹雪,5153.2
5159,圣聆初雪,铃音吹雪,5153.2
5160,圣聆初雪,铃音吹雪,5153.2
5161,圣聆初雪,铃音吹雪,5153.2
5162,圣聆初雪,铃音吹雪,5153.2
5163,圣聆初雪,铃音吹雪,5153.2
5164,圣聆初雪,铃音吹雪,5153.2
5165,圣聆初雪,铃音吹雪,5153.2
5166,圣聆初雪,铃音吹雪,5153.2
5167,圣聆初雪,铃音吹雪,5153.2
5168,圣聆初雪,铃音吹雪,5153.2
5169,圣聆初雪,铃音吹雪,5153.2
5170,圣聆初雪,铃音吹雪,5153.2
5171,圣聆初雪,铃音吹雪,5153.2
5172,圣聆初雪,铃音吹雪,5153.2
5173,圣聆初雪,铃音吹雪,5153.2
5174,圣聆初雪,铃音吹雪,5153.2
5175,圣聆初雪,铃音吹雪,5153.2
5176,圣聆初雪,铃音吹雪,5153.2
5177,圣聆初雪,铃音吹雪,5153.2
5178,圣聆初雪,铃音吹雪,5153.2
5179,圣聆初雪,铃音吹雪,5153.2
5180,圣聆初雪,铃音吹雪,5153.2
5181,圣聆初雪,铃音吹雪,5153.2
5182,圣聆初雪,铃音吹雪,5153.2
5183,圣聆初雪,铃音吹雪,5153.2
5184,圣聆初雪,铃音吹雪,5153.2
5185,圣聆初雪,铃音吹雪,5153.2
5186,圣聆初雪,铃音吹雪,5153.2
5187,圣聆初雪,铃音吹雪,5153.2
5188,圣聆初雪,铃音吹雪,5153.2
5189,圣聆初雪,铃音吹雪,5153.2
5190,圣聆初雪,铃音吹雪,5153.2
5191,圣聆初雪,铃音吹雪,5153.2
5192,圣聆初雪,铃音吹雪,5153.2
5193,圣聆初雪,铃音吹雪,5153.2
5194,圣聆初雪,铃音吹雪,5153.2
5195,圣聆初雪,铃音吹雪,5153.2
5196,圣聆初雪,铃音吹雪,5153.2
5197,圣聆初雪,铃音吹雪,5153.2
5198,圣聆初雪,铃音吹雪,5153.2
5199,圣聆初雪,铃音吹雪,5153.2
5200,圣聆初雪,铃音吹雪,5153.2
5201,圣聆初雪,铃音吹雪,5153.2
5202,圣聆初雪,铃音吹雪,5153.2
5203,圣聆初雪,铃音吹雪,5153.2
5204,圣聆初雪,铃音吹雪,5153.2
5205,圣聆初雪,铃音吹雪,5153.2
5206,圣聆初雪,铃音吹雪,5153.2
5207,圣聆初雪,铃音吹雪,5153.2
5208,圣聆初雪,铃音吹雪,5153.2
5209,圣聆初雪,铃音吹雪,5153.2
5210,圣聆初雪,铃音吹雪,5153.2
5211,圣聆初雪,铃音吹雪,5153.2
5212,圣聆初雪,铃音吹雪,5153.2
5213,圣聆初雪,铃音吹雪,5153.2
5214,圣聆初雪,铃音吹雪,5153.2
5215,圣聆初雪,铃音吹雪,5153.2
5216,圣聆初雪,铃音吹雪,5153.2
5217,圣聆初雪,铃音吹雪,5153.2
5218,圣聆初雪,铃音吹雪,5153.2
5219,圣聆初雪,铃音吹雪,5153.2
5220,圣聆初雪,铃音吹雪,5153.2
5221,圣聆初雪,铃音吹雪,5153.2
5222,圣聆初雪,铃音吹雪,5153.2
5223,圣聆初雪,铃音吹雪,5153.2
5224,圣聆初雪,铃音吹雪,5153.2
5225,圣聆初雪,铃音吹雪,5153.2
5226,圣聆初雪,铃音吹雪,5153.2
5227,圣聆初雪,铃音吹雪,5153.2
5228,圣聆初雪,铃音吹雪,5153.2
5229,圣聆初雪,铃音吹雪,5153.2
5230,圣聆初雪,铃音吹雪,5153.2
5231,圣聆初雪,铃音吹雪,5153.2
5232,圣聆初雪,铃音吹雪,5153.2
5233,圣聆初雪,铃音吹雪,5153.2
5234,圣聆初雪,铃音吹雪,5153.2
5235,圣聆初雪,铃音吹雪,5153.2
5236,圣聆初雪,铃音吹雪,5153.2
5237,圣聆初雪,铃音吹雪,5153.2
5238,圣聆初雪,铃音吹雪,5153.2
5239,圣聆初雪,铃音吹雪,5153.2
5240,圣聆初雪,铃音吹雪,5153.2
5241,圣聆初雪,铃音吹雪,5153.2
5242,圣聆初雪,铃音吹雪,5153.2
5243,圣聆初雪,铃音吹雪,5153.2
5244,圣聆初雪,铃音吹雪,5153.2
5245,圣聆初雪,铃音吹雪,5153.2
5246,圣聆初雪,铃音吹雪,5153.2
5247,圣聆初雪,铃音吹雪,5153.2
5248,圣聆初雪,铃音吹雪,5153.2
5249,圣聆初雪,铃音吹雪,5153.2
5250,圣聆初雪,铃音吹雪,5153.2
5251,圣聆初雪,铃音吹雪,5153.2
5252,圣聆初雪,铃音吹雪,5153.2
5253,圣聆初雪,铃音吹雪,5153.2
5254,圣聆初雪,铃音吹雪,5153.2
5255,圣聆初雪,铃音吹雪,5153.2
5256,圣聆初雪,铃音吹雪,5153.2
5257,圣聆初雪,铃音吹雪,5153.2
5258,圣聆初雪,铃音吹雪,5153.2
5259,圣聆初雪,铃音吹雪,5153.2
5260,圣聆初雪,铃音吹雪,5153.2
5261,圣聆初雪,铃音吹雪,5153.2
5262,圣聆初雪,铃音吹雪,5153.2
5263,圣聆初雪,铃音吹雪,5153.2
5264,圣聆初雪,铃音吹雪,5153.2
5265,圣聆初雪,铃音吹雪,5153.2
5266,圣聆初雪,铃音吹雪,5153.2
5267,圣聆初雪,铃音吹雪,5153.2
5268,圣聆初雪,铃音吹雪,5153.2
5269,圣聆初雪,铃音吹雪,5153.2
5270,圣聆初雪,铃音吹雪,5153.2
5271,圣聆初雪,铃音吹雪,5153.2
5272,圣聆初雪,铃音吹雪,5153.2
5273,圣聆初雪,铃音吹雪,5153.2
5274,圣聆初雪,铃音吹雪,5153.2
5275,圣聆初雪,铃音吹雪,5153.2
5276,圣聆初雪,铃音吹雪,5153.2
5277,圣聆初雪,铃音吹雪,5153.2
5278,圣聆初雪,铃音吹雪,5153.2
5279,圣聆初雪,铃音吹雪,5153.2
5280,圣聆初雪,铃音吹雪,5153.2
5281,圣聆初雪,铃音吹雪,5153.2
5282,圣聆初雪,铃音吹雪,5153.2
5283,圣聆初雪,铃音吹雪,5153.2
5284,圣聆初雪,铃音吹雪,5153.2
5285,圣聆初雪,铃音吹雪,5153.2
5286,圣聆初雪,铃音吹雪,5153.2
5287,圣聆初雪,铃音吹雪,5153.2
5288,圣聆初雪,铃音吹雪,5153.2
5289,圣聆初雪,铃音吹雪,5153.2
5290,圣聆初雪,铃音吹雪,5153.2
5291,圣聆初雪,铃音吹雪,5153.2
5292,圣聆初雪,铃音吹雪,5153.2
5293,圣聆初雪,铃音吹雪,5153.2
5294,圣聆初雪,铃音吹雪,5153.2
5295,圣聆初雪,铃音吹雪,5153.2
5296,圣聆初雪,铃音吹雪,5153.2
5297,圣聆初雪,铃音吹雪,5153.2
5298,圣聆初雪,铃音吹雪,5153.2
5299,圣聆初雪,铃音吹雪,5153.2
5300,圣聆初雪,铃音吹雪,5153.2
5301,圣聆初雪,铃音吹雪,5153.2
5302,圣聆初雪,铃音吹雪,5153.2
5303,圣聆初雪,铃音吹雪,5153.2
5304,圣聆初雪,铃音吹雪,5153.2
5305,圣聆初雪,铃音吹雪,5153.2
5306,圣聆初雪,铃音吹雪,5153.2
5307,圣聆初雪,铃音吹雪,5153.2
5308,圣聆初雪,铃音吹雪,5153.2
5309,圣聆初雪,铃音吹雪,5153.2
5310,圣聆初雪,铃音吹雪,5153.2
5311,圣聆初雪,铃音吹雪,5153.2
5312,圣聆初雪,铃音吹雪,5153.2
5313,圣聆初雪,铃音吹雪,5153.2
5314,圣聆初雪,铃音吹雪,5153.2
5315,圣聆初雪,铃音吹雪,5153.2
5316,圣聆初雪,铃音吹雪,5153.2
5317,圣聆初雪,铃音吹雪,5153.2
5318,圣聆初雪,铃音吹雪,5153.2
5319,圣聆初雪,铃音吹雪,5153.2
5320,圣聆初雪,铃音吹雪,5153.2
5321,圣聆初雪,铃音吹雪,5153.2
5322,圣聆初雪,铃音吹雪,5153.2
5323,圣聆初雪,铃音吹雪,5153.2
5324,圣聆初雪,铃音吹雪,5153.2
5325,圣聆初雪,铃音吹雪,5153.2
5326,圣聆初雪,铃音吹雪,5153.2
5327,圣聆初雪,铃音吹雪,5153.2
5328,圣聆初雪,铃音吹雪,5153.2
5329,圣聆初雪,铃音吹雪,5153.2
5330,圣聆初雪,铃音吹雪,5153.2
5331,圣聆初雪,铃音吹雪,5153.2
5332,圣聆初雪,铃音吹雪,5153.2
5333,圣聆初雪,铃音吹雪,5153.2
5334,圣聆初雪,铃音吹雪,5153.2
5335,圣聆初雪,铃音吹雪,5153.2
5336,圣聆初雪,铃音吹雪,5153.2
5337,圣聆初雪,铃音吹雪,5153.2
5338,圣聆初雪,铃音吹雪,5153.2
5339,圣聆初雪,铃音吹雪,5153.2
5340,圣聆初雪,铃音吹雪,5153.2
5341,圣聆初雪,铃音吹雪,5153.2
5342,圣聆初雪,铃音吹雪,5153.2
5343,圣聆初雪,铃音吹雪,5153.2
5344,圣聆初雪,铃音吹雪,5153.2
5345,圣聆初雪,铃音吹雪,5153.2
5346,圣聆初雪,铃音吹雪,5153.2
5347,圣聆初雪,铃音吹雪,5153.2
5348,圣聆初雪,铃音吹雪,5153.2
5349,圣聆初雪,铃音吹雪,5153.2
5350,圣聆初雪,铃音吹雪,5153.2
5351,圣聆初雪,铃音吹雪,5153.2
5352,圣聆初雪,铃音吹雪,5153.2
5353,圣聆初雪,铃音吹雪,5153.2
5354,圣聆初雪,铃音吹雪,5153.2
5355,圣聆初雪,铃音吹雪,5153.2
5356,圣聆初雪,铃音吹雪,5153.2
5357,圣聆初雪,铃音吹雪,5153.2
5358,圣聆初雪,铃音吹雪,5153.2
5359,圣聆初雪,铃音吹雪,5153.2
5360,圣聆初雪,铃音吹雪,5153.2
5361,圣聆初雪,铃音吹雪,5153.2
5362,圣聆初雪,铃音吹雪,5153.2
5363,圣聆初雪,铃音吹雪,5153.2
5364,圣聆初雪,铃音吹雪,5153.2
5365,圣聆初雪,铃音吹雪,5153.2
5366,圣聆初雪,铃音吹雪,5153.2
5367,圣聆初雪,铃音吹雪,5153.2
5368,圣聆初雪,铃音吹雪,5153.2
5369,圣聆初雪,铃音吹雪,5153.2
5370,圣聆初雪,铃音吹雪,5153.2
5371,圣聆初雪,铃音吹雪,5153.2
5372,圣聆初雪,铃音吹雪,5153.2
5373,圣聆初雪,铃音吹雪,5153.2
5374,圣聆初雪,铃音吹雪,5153.2
5375,圣聆初雪,铃音吹雪,5153.2
5376,圣聆初雪,铃音吹雪,5153.2
5377,圣聆初雪,铃音吹雪,5153.2
5378,圣聆初雪,铃音吹雪,5153.2
5379,圣聆初雪,铃音吹雪,5153.2
5380,圣聆初雪,铃音吹雪,5153.2
5381,圣聆初雪,铃音吹雪,5153.2
5382,圣聆初雪,铃音吹雪,5153.2
5383,圣聆初雪,铃音吹雪,5153.2
5384,圣聆初雪,铃音吹雪,5153.2
5385,圣聆初雪,铃音吹雪,5153.2
5386,圣聆初雪,铃音吹雪,5153.2
5387,圣聆初雪,铃音吹雪,5153.2
5388,圣聆初雪,铃音吹雪,5153.2
5389,圣聆初雪,铃音吹雪,5153.2
5390,圣聆初雪,铃音吹雪,5153.2
5391,圣聆初雪,铃音吹雪,5153.2
5392,圣聆初雪,铃音吹雪,5153.2
5393,圣聆初雪,铃音吹雪,5153.2
5394,圣聆初雪,铃音吹雪,5153.2
5395,圣聆初雪,铃音吹雪,5153.2
5396,圣聆初雪,铃音吹雪,5153.2
5397,圣聆初雪,铃音吹雪,5153.2
5398,圣聆初雪,铃音吹雪,5153.2
5399,圣聆初雪,铃音吹雪,5153.2
5400,圣聆初雪,铃音吹雪,5153.2
5401,圣聆初雪,铃音吹雪,5153.2
5402,圣聆初雪,铃音吹雪,5153.2
5403,圣聆初雪,铃音吹雪,5153.2
5404,圣聆初雪,铃音吹雪,5153.2
5405,圣聆初雪,铃音吹雪,5153.2
5406,圣聆初雪,铃音吹雪,5153.2
5407,圣聆初雪,铃音吹雪,5153.2
5408,圣聆初雪,铃音吹雪,5153.2
5409,圣聆初雪,铃音吹雪,5153.2
5410,圣聆初雪,铃音吹雪,5153.2
5411,圣聆初雪,铃音吹雪,5153.2
5412,圣聆初雪,铃音吹雪,5153.2
5413,圣聆初雪,铃音吹雪,5153.2
5414,圣聆初雪,铃音吹雪,5153.2
5415,圣聆初雪,铃音吹雪,5153.2
5416,圣聆初雪,铃音吹雪,5153.2
5417,圣聆初雪,铃音吹雪,5153.2
5418,圣聆初雪,铃音吹雪,5153.2
5419,圣聆初雪,铃音吹雪,5153.2
5420,圣聆初雪,铃音吹雪,5153.2
5421,圣聆初雪,铃音吹雪,5153.2
5422,圣聆初雪,铃音吹雪,5153.2
5423,圣聆初雪,铃音吹雪,5153.2
5424,圣聆初雪,铃音吹雪,5153.2
5425,圣聆初雪,铃音吹雪,5153.2
5426,圣聆初雪,铃音吹雪,5153.2
5427,圣聆初雪,铃音吹雪,5153.2
5428,圣聆初雪,铃音吹雪,5153.2
5429,圣聆初雪,铃音吹雪,5153.2
5430,圣聆初雪,铃音吹雪,5153.2
5431,圣聆初雪,铃音吹雪,5153.2
5432,圣聆初雪,铃音吹雪,5153.2
5433,圣聆初雪,铃音吹雪,5153.2
5434,圣聆初雪,铃音吹雪,5153.2
5435,圣聆初雪,铃音吹雪,5153.2
5436,圣聆初雪,铃音吹雪,5153.2
5437,圣聆初雪,铃音吹雪,5153.2
5438,圣聆初雪,铃音吹雪,5153.2
5439,圣聆初雪,铃音吹雪,5153.2
5440,圣聆初雪,铃音吹雪,5153.2
5441,圣聆初雪,铃音吹雪,5153.2
5442,圣聆初雪,铃音吹雪,5153.2
5443,圣聆初雪,铃音吹雪,5153.2
5444,圣聆初雪,铃音吹雪,5153.2
5445,圣聆初雪,铃音吹雪,5153.2
5446,圣聆初雪,铃音吹雪,5153.2
5447,圣聆初雪,铃音吹雪,5153.2
5448,圣聆初雪,铃音吹雪,5153.2
5449,圣聆初雪,铃音吹雪,5153.2
5450,圣聆初雪,铃音吹雪,5153.2
5451,圣聆初雪,铃音吹雪,5153.2
5452,圣聆初雪,铃音吹雪,5153.2
5453,圣聆初雪,铃音吹雪,5153.2
5454,圣聆初雪,铃音吹雪,5153.2
5455,圣聆初雪,铃音吹雪,5153.2
5456,圣聆初雪,铃音吹雪,5153.2
5457,圣聆初雪,铃音吹雪,5153.2
5458,圣聆初雪,铃音吹雪,5153.2
5459,圣聆初雪,铃音吹雪,5153.2
5460,圣聆初雪,铃音吹雪,5153.2
5461,圣聆初雪,铃音吹雪,5153.2
5462,圣聆初雪,铃音吹雪,5153.2
5463,圣聆初雪,铃音吹雪,5153.2
5464,圣聆初雪,铃音吹雪,5153.2
5465,圣聆初雪,铃音吹雪,5153.2
5466,圣聆初雪,铃音吹雪,5153.2
5467,圣聆初雪,铃音吹雪,5153.2
5468,圣聆初雪,铃音吹雪,5153.2
5469,圣聆初雪,铃音吹雪,5153.2
5470,圣聆初雪,铃音吹雪,5153.2
5471,圣聆初雪,铃音吹雪,5153.2
5472,圣聆初雪,铃音吹雪,5153.2
5473,圣聆初雪,铃音吹雪,5153.2
5474,圣聆初雪,铃音吹雪,5153.2
5475,圣聆初雪,铃音吹雪,5153.2
5476,圣聆初雪,铃音吹雪,5153.2
5477,圣聆初雪,铃音吹雪,5153.2
5478,圣聆初雪,铃音吹雪,5153.2
5479,圣聆初雪,铃音吹雪,5153.2
5480,圣聆初雪,铃音吹雪,5153.2
5481,圣聆初雪,铃音吹雪,5153.2
5482,圣聆初雪,铃音吹雪,5153.2
5483,圣聆初雪,铃音吹雪,5153.2
5484,圣聆初雪,铃音吹雪,5153.2
5485,圣聆初雪,铃音吹雪,5153.2
5486,圣聆初雪,铃音吹雪,5153.2
5487,圣聆初雪,铃音吹雪,5153.2
5488,圣聆初雪,铃音吹雪,5153.2
5489,圣聆初雪,铃音吹雪,5153.2
5490,圣聆初雪,铃音吹雪,5153.2
5491,圣聆初雪,铃音吹雪,5153.2
5492,圣聆初雪,铃音吹雪,5153.2
5493,圣聆初雪,铃音吹雪,5153.2
5494,圣聆初雪,铃音吹雪,5153.2
5495,圣聆初雪,铃音吹雪,5153.2
5496,圣聆初雪,铃音吹雪,5153.2
5497,圣聆初雪,铃音吹雪,5153.2
5498,圣聆初雪,铃音吹雪,5153.2
5499,圣聆初雪,铃音吹雪,5153.2
5500,圣聆初雪,铃音吹雪,5153.2
5501,圣聆初雪,铃音吹雪,5153.2
5502,圣聆初雪,铃音吹雪,5153.2
5503,圣聆初雪,铃音吹雪,5153.2
5504,圣聆初雪,铃音吹雪,5153.2
5505,圣聆初雪,铃音吹雪,5153.2
5506,圣聆初雪,铃音吹雪,5153.2
5507,圣聆初雪,铃音吹雪,5153.2
5508,圣聆初雪,铃音吹雪,5153.2
5509,圣聆初雪,铃音吹雪,5153.2
5510,圣聆初雪,铃音吹雪,5153.2
5511,圣聆初雪,铃音吹雪,5153.2
5512,圣聆初雪,铃音吹雪,5153.2
5513,圣聆初雪,铃音吹雪,5153.2
5514,圣聆初雪,铃音吹雪,5153.2
5515,圣聆初雪,铃音吹雪,5153.2
5516,圣聆初雪,铃音吹雪,5153.2
5517,圣聆初雪,铃音吹雪,5153.2
5518,圣聆初雪,铃音吹雪,5153.2
5519,圣聆初雪,铃音吹雪,5153.2
5520,圣聆初雪,铃音吹雪,5153.2
5521,圣聆初雪,铃音吹雪,5153.2
5522,圣聆初雪,铃音吹雪,5153.2
5523,圣聆初雪,铃音吹雪,5153.2
5524,圣聆初雪,铃音吹雪,5153.2
5525,圣聆初雪,铃音吹雪,5153.2
5526,圣聆初雪,铃音吹雪,5153.2
5527,圣聆初雪,铃音吹雪,5153.2
5528,圣聆初雪,铃音吹雪,5153.2
5529,圣聆初雪,铃音吹雪,5153.2
5530,圣聆初雪,铃音吹雪,5153.2
5531,圣聆初雪,铃音吹雪,5153.2
5532,圣聆初雪,铃音吹雪,5153.2
5533,圣聆初雪,铃音吹雪,5153.2
5534,圣聆初雪,铃音吹雪,5153.2
5535,圣聆初雪,铃音吹雪,5153.2
5536,圣聆初雪,铃音吹雪,5153.2
5537,圣聆初雪,铃音吹雪,5153.2
5538,圣聆初雪,铃音吹雪,5153.2
5539,圣聆初雪,铃音吹雪,5153.2
5540,圣聆初雪,铃音吹雪,5153.2
5541,圣聆初雪,铃音吹雪,5153.2
5542,圣聆初雪,铃音吹雪,5153.2
5543,圣聆初雪,铃音吹雪,5153.2
5544,圣聆初雪,铃音吹雪,5153.2
5545,圣聆初雪,铃音吹雪,5153.2
5546,圣聆初雪,铃音吹雪,5153.2
5547,圣聆初雪,铃音吹雪,5153.2
5548,圣聆初雪,铃音吹雪,5153.2
5549,圣聆初雪,铃音吹雪,5153.2
5550,圣聆初雪,铃音吹雪,5153.2
5551,圣聆初雪,铃音吹雪,5153.2
5552,圣聆初雪,铃音吹雪,5153.2
5553,圣聆初雪,铃音吹雪,5153.2
5554,圣聆初雪,铃音吹雪,5153.2
5555,圣聆初雪,铃音吹雪,5153.2
5556,圣聆初雪,铃音吹雪,5153.2
5557,圣聆初雪,铃音吹雪,5153.2
5558,圣聆初雪,铃音吹雪,5153.2
5559,圣聆初雪,铃音吹雪,5153.2
5560,圣聆初雪,铃音吹雪,5153.2
5561,圣聆初雪,铃音吹雪,5153.2
5562,圣聆初雪,铃音吹雪,5153.2
5563,圣聆初雪,铃音吹雪,5153.2
5564,圣聆初雪,铃音吹雪,5153.2
5565,圣聆初雪,铃音吹雪,5153.2
5566,圣聆初雪,铃音吹雪,5153.2
5567,圣聆初雪,铃音吹雪,5153.2
5568,圣聆初雪,铃音吹雪,5153.2
5569,圣聆初雪,铃音吹雪,5153.2
5570,圣聆初雪,铃音吹雪,5153.2
5571,圣聆初雪,铃音吹雪,5153.2
5572,圣聆初雪,铃音吹雪,5153.2
5573,圣聆初雪,铃音吹雪,5153.2
5574,圣聆初雪,铃音吹雪,5153.2
5575,圣聆初雪,铃音吹雪,5153.2
5576,圣聆初雪,铃音吹雪,5153.2
5577,圣聆初雪,铃音吹雪,5153.2
5578,圣聆初雪,铃音吹雪,5153.2
5579,圣聆初雪,铃音吹雪,5153.2
5580,圣聆初雪,铃音吹雪,5153.2
5581,圣聆初雪,铃音吹雪,5153.2
5582,圣聆初雪,铃音吹雪,5153.2
5583,圣聆初雪,铃音吹雪,5153.2
5584,圣聆初雪,铃音吹雪,5153.2
5585,圣聆初雪,铃音吹雪,5153.2
5586,圣聆初雪,铃音吹雪,5153.2
5587,圣聆初雪,铃音吹雪,5153.2
5588,圣聆初雪,铃音吹雪,5153.2
5589,圣聆初雪,铃音吹雪,5153.2
5590,圣聆初雪,铃音吹雪,5153.2
5591,圣聆初雪,铃音吹雪,5153.2
5592,圣聆初雪,铃音吹雪,5153.2
5593,圣聆初雪,铃音吹雪,5153.2
5594,圣聆初雪,铃音吹雪,5153.2
5595,圣聆初雪,铃音吹雪,5153.2
5596,圣聆初雪,铃音吹雪,5153.2
5597,圣聆初雪,铃音吹雪,5153.2
5598,圣聆初雪,铃音吹雪,5153.2
5599,圣聆初雪,铃音吹雪,5153.2
5600,圣聆初雪,铃音吹雪,5153.2
5601,圣聆初雪,铃音吹雪,5153.2
5602,圣聆初雪,铃音吹雪,5153.2
5603,圣聆初雪,铃音吹雪,5153.2
5604,圣聆初雪,铃音吹雪,5153.2
5605,圣聆初雪,铃音吹雪,5153.2
5606,圣聆初雪,铃音吹雪,5153.2
5607,圣聆初雪,铃音吹雪,5153.2
5608,圣聆初雪,铃音吹雪,5153.2
5609,圣聆初雪,铃音吹雪,5153.2
5610,圣聆初雪,铃音吹雪,5153.2
5611,圣聆初雪,铃音吹雪,5153.2
5612,圣聆初雪,铃音吹雪,5153.2
5613,圣聆初雪,铃音吹雪,5153.2
5614,圣聆初雪,铃音吹雪,5153.2
5615,圣聆初雪,铃音吹雪,5153.2
5616,圣聆初雪,铃音吹雪,5153.2
5617,圣聆初雪,铃音吹雪,5153.2
5618,圣聆初雪,铃音吹雪,5153.2
5619,圣聆初雪,铃音吹雪,5153.2
5620,圣聆初雪,铃音吹雪,5153.2
5621,圣聆初雪,铃音吹雪,5153.2
5622,圣聆初雪,铃音吹雪,5153.2
5623,圣聆初雪,铃音吹雪,5153.2
5624,圣聆初雪,铃音吹雪,5153.2
5625,圣聆初雪,铃音吹雪,5153.2
5626,圣聆初雪,铃音吹雪,5153.2
5627,圣聆初雪,铃音吹雪,5153.2
5628,圣聆初雪,铃音吹雪,5153.2
5629,圣聆初雪,铃音吹雪,5153.2
5630,圣聆初雪,铃音吹雪,5153.2
5631,圣聆初雪,铃音吹雪,5153.2
5632,圣聆初雪,铃音吹雪,5153.2
5633,圣聆初雪,铃音吹雪,5153.2
5634,圣聆初雪,铃音吹雪,5153.2
5635,圣聆初雪,铃音吹雪,5153.2
5636,圣聆初雪,铃音吹雪,5153.2
5637,圣聆初雪,铃音吹雪,5153.2
5638,圣聆初雪,铃音吹雪,5153.2
5639,圣聆初雪,铃音吹雪,5153.2
5640,圣聆初雪,铃音吹雪,5153.2
5641,圣聆初雪,铃音吹雪,5153.2
5642,圣聆初雪,铃音吹雪,5153.2
5643,圣聆初雪,铃音吹雪,5153.2
5644,圣聆初雪,铃音吹雪,5153.2
5645,圣聆初雪,铃音吹雪,5153.2
5646,圣聆初雪,铃音吹雪,5153.2
5647,圣聆初雪,铃音吹雪,5153.2
5648,圣聆初雪,铃音吹雪,5153.2
5649,圣聆初雪,铃音吹雪,5153.2
5650,圣聆初雪,铃音吹雪,5153.2
5651,圣聆初雪,铃音吹雪,5153.2
5652,圣聆初雪,铃音吹雪,5153.2
5653,圣聆初雪,铃音吹雪,5153.2
5654,圣聆初雪,铃音吹雪,5153.2
5655,圣聆初雪,铃音吹雪,5153.2
5656,圣聆初雪,铃音吹雪,5153.2
5657,圣聆初雪,铃音吹雪,5153.2
5658,圣聆初雪,铃音吹雪,5153.2
5659,圣聆初雪,铃音吹雪,5153.2
5660,圣聆初雪,铃音吹雪,5153.2
5661,圣聆初雪,铃音吹雪,5153.2
5662,圣聆初雪,铃音吹雪,5153.2
5663,圣聆初雪,铃音吹雪,5153.2
5664,圣聆初雪,铃音吹雪,5153.2
5665,圣聆初雪,铃音吹雪,5153.2
5666,圣聆初雪,铃音吹雪,5153.2
5667,圣聆初雪,铃音吹雪,5153.2
5668,圣聆初雪,铃音吹雪,5153.2
5669,圣聆初雪,铃音吹雪,5153.2
5670,圣聆初雪,铃音吹雪,5153.2
5671,圣聆初雪,铃音吹雪,5153.2
5672,圣聆初雪,铃音吹雪,5153.2
5673,圣聆初雪,铃音吹雪,5153.2
5674,圣聆初雪,铃音吹雪,5153.2
5675,圣聆初雪,铃音吹雪,5153.2
5676,圣聆初雪,铃音吹雪,5153.2
5677,圣聆初雪,铃音吹雪,5153.2
5678,圣聆初雪,铃音吹雪,5153.2
5679,圣聆初雪,铃音吹雪,5153.2
5680,圣聆初雪,铃音吹雪,5153.2
5681,圣聆初雪,铃音吹雪,5153.2
5682,圣聆初雪,铃音吹雪,5153.2
5683,圣聆初雪,铃音吹雪,5153.2
5684,圣聆初雪,铃音吹雪,5153.2
5685,圣聆初雪,铃音吹雪,5153.2
5686,圣聆初雪,铃音吹雪,5153.2
5687,圣聆初雪,铃音吹雪,5153.2
5688,圣聆初雪,铃音吹雪,5153.2
5689,圣聆初雪,铃音吹雪,5153.2
5690,圣聆初雪,铃音吹雪,5153.2
5691,圣聆初雪,铃音吹雪,5153.2
5692,圣聆初雪,铃音吹雪,5153.2
5693,圣聆初雪,铃音吹雪,5153.2
5694,圣聆初雪,铃音吹雪,5153.2
5695,圣聆初雪,铃音吹雪,5153.2
5696,圣聆初雪,铃音吹雪,5153.2
5697,圣聆初雪,铃音吹雪,5153.2
5698,圣聆初雪,铃音吹雪,5153.2
5699,圣聆初雪,铃音吹雪,5153.2
5700,圣聆初雪,铃音吹雪,5153.2
5701,圣聆初雪,铃音吹雪,5153.2
5702,圣聆初雪,铃音吹雪,5153.2
5703,圣聆初雪,铃音吹雪,5153.2
5704,圣聆初雪,铃音吹雪,5153.2
5705,圣聆初雪,铃音吹雪,5153.2
5706,圣聆初雪,铃音吹雪,5153.2
5707,圣聆初雪,铃音吹雪,5153.2
5708,圣聆初雪,铃音吹雪,5153.2
5709,圣聆初雪,铃音吹雪,5153.2
5710,圣聆初雪,铃音吹雪,5153.2
5711,圣聆初雪,铃音吹雪,5153.2
5712,圣聆初雪,铃音吹雪,5153.2
5713,圣聆初雪,铃音吹雪,5153.2
5714,圣聆初雪,铃音吹雪,5153.2
5715,圣聆初雪,铃音吹雪,5153.2
5716,圣聆初雪,铃音吹雪,5153.2
5717,圣聆初雪,铃音吹雪,5153.2
5718,圣聆初雪,铃音吹雪,5153.2
5719,圣聆初雪,铃音吹雪,5153.2
5720,圣聆初雪,铃音吹雪,5153.2
5721,圣聆初雪,铃音吹雪,5153.2
5722,圣聆初雪,铃音吹雪,5153.2
5723,圣聆初雪,铃音吹雪,5153.2
5724,圣聆初雪,铃音吹雪,5153.2
5725,圣聆初雪,铃音吹雪,5153.2
5726,圣聆初雪,铃音吹雪,5153.2
5727,圣聆初雪,铃音吹雪,5153.2
5728,圣聆初雪,铃音吹雪,5153.2
5729,圣聆初雪,铃音吹雪,5153.2
5730,圣聆初雪,铃音吹雪,5153.2
5731,圣聆初雪,铃音吹雪,5153.2
5732,圣聆初雪,铃音吹雪,5153.2
5733,圣聆初雪,铃音吹雪,5153.2
5734,圣聆初雪,铃音吹雪,5153.2
5735,圣聆初雪,铃音吹雪,5153.2
5736,圣聆初雪,铃音吹雪,5153.2
5737,圣聆初雪,铃音吹雪,5153.2
5738,圣聆初雪,铃音吹雪,5153.2
5739,圣聆初雪,铃音吹雪,5153.2
5740,圣聆初雪,铃音吹雪,5153.2
5741,圣聆初雪,铃音吹雪,5153.2
5742,圣聆初雪,铃音吹雪,5153.2
5743,圣聆初雪,铃音吹雪,5153.2
5744,圣聆初雪,铃音吹雪,5153.2
5745,圣聆初雪,铃音吹雪,5153.2
5746,圣聆初雪,铃音吹雪,5153.2
5747,圣聆初雪,铃音吹雪,5153.2
5748,圣聆初雪,铃音吹雪,5153.2
5749,圣聆初雪,铃音吹雪,5153.2
5750,圣聆初雪,铃音吹雪,5153.2
5751,圣聆初雪,铃音吹雪,5153.2
5752,圣聆初雪,铃音吹雪,5153.2
5753,圣聆初雪,铃音吹雪,5153.2
5754,圣聆初雪,铃音吹雪,5153.2
5755,圣聆初雪,铃音吹雪,5153.2
5756,圣聆初雪,铃音吹雪,5153.2
5757,圣聆初雪,铃音吹雪,5153.2
5758,圣聆初雪,铃音吹雪,5153.2
5759,圣聆初雪,铃音吹雪,5153.2
5760,圣聆初雪,铃音吹雪,5153.2
5761,圣聆初雪,铃音吹雪,5153.2
5762,圣聆初雪,铃音吹雪,5153.2
5763,圣聆初雪,铃音吹雪,5153.2
5764,圣聆初雪,铃音吹雪,5153.2
5765,圣聆初雪,铃音吹雪,5153.2
5766,圣聆初雪,铃音吹雪,5153.2
5767,圣聆初雪,铃音吹雪,5153.2
5768,圣聆初雪,铃音吹雪,5153.2
5769,圣聆初雪,铃音吹雪,5153.2
5770,圣聆初雪,铃音吹雪,5153.2
5771,圣聆初雪,铃音吹雪,5153.2
5772,圣聆初雪,铃音吹雪,5153.2
5773,圣聆初雪,铃音吹雪,5153.2
5774,圣聆初雪,铃音吹雪,5153.2
5775,圣聆初雪,铃音吹雪,5153.2
5776,圣聆初雪,铃音吹雪,5153.2
5777,圣聆初雪,铃音吹雪,5153.2
5778,圣聆初雪,铃音吹雪,5153.2
5779,圣聆初雪,铃音吹雪,5153.2
5780,圣聆初雪,铃音吹雪,5153.2
5781,圣聆初雪,铃音吹雪,5153.2
5782,圣聆初雪,铃音吹雪,5153.2
5783,圣聆初雪,铃音吹雪,5153.2
5784,圣聆初雪,铃音吹雪,5153.2
5785,圣聆初雪,铃音吹雪,5153.2
5786,圣聆初雪,铃音吹雪,5153.2
5787,圣聆初雪,铃音吹雪,5153.2
5788,圣聆初雪,铃音吹雪,5153.2
5789,圣聆初雪,铃音吹雪,5153.2
5790,圣聆初雪,铃音吹雪,5153.2
5791,圣聆初雪,铃音吹雪,5153.2
5792,圣聆初雪,铃音吹雪,5153.2
5793,圣聆初雪,铃音吹雪,5153.2
5794,圣聆初雪,铃音吹雪,5153.2
5795,圣聆初雪,铃音吹雪,5153.2
5796,圣聆初雪,铃音吹雪,5153.2
5797,圣聆初雪,铃音吹雪,5153.2
5798,圣聆初雪,铃音吹雪,5153.2
5799,圣聆初雪,铃音吹雪,5153.2
5800,圣聆初雪,铃音吹雪,5153.2
5801,圣聆初雪,铃音吹雪,5153.2
5802,圣聆初雪,铃音吹雪,5153.2
5803,圣聆初雪,铃音吹雪,5153.2
5804,圣聆初雪,铃音吹雪,5153.2
5805,圣聆初雪,铃音吹雪,5153.2
5806,圣聆初雪,铃音吹雪,5153.2
5807,圣聆初雪,铃音吹雪,5153.2
5808,圣聆初雪,铃音吹雪,5153.2
5809,圣聆初雪,铃音吹雪,5153.2
5810,圣聆初雪,铃音吹雪,5153.2
5811,圣聆初雪,铃音吹雪,5153.2
5812,圣聆初雪,铃音吹雪,5153.2
5813,圣聆初雪,铃音吹雪,5153.2
5814,圣聆初雪,铃音吹雪,5153.2
5815,圣聆初雪,铃音吹雪,5153.2
5816,圣聆初雪,铃音吹雪,5153.2
5817,圣聆初雪,铃音吹雪,5153.2
5818,圣聆初雪,铃音吹雪,5153.2
5819,圣聆初雪,铃音吹雪,5153.2
5820,圣聆初雪,铃音吹雪,5153.2
5821,圣聆初雪,铃音吹雪,5153.2
5822,圣聆初雪,铃音吹雪,5153.2
5823,圣聆初雪,铃音吹雪,5153.2
5824,圣聆初雪,铃音吹雪,5153.2
5825,圣聆初雪,铃音吹雪,5153.2
5826,圣聆初雪,铃音吹雪,5153.2
5827,圣聆初雪,铃音吹雪,5153.2
5828,圣聆初雪,铃音吹雪,5153.2
5829,圣聆初雪,铃音吹雪,5153.2
5830,圣聆初雪,铃音吹雪,5153.2
5831,圣聆初雪,铃音吹雪,5153.2
5832,圣聆初雪,铃音吹雪,5153.2
5833,圣聆初雪,铃音吹雪,5153.2
5834,圣聆初雪,铃音吹雪,5153.2
5835,圣聆初雪,铃音吹雪,5153.2
5836,圣聆初雪,铃音吹雪,5153.2
5837,圣聆初雪,铃音吹雪,5153.2
5838,圣聆初雪,铃音吹雪,5153.2
5839,圣聆初雪,铃音吹雪,5153.2
5840,圣聆初雪,铃音吹雪,5153.2
5841,圣聆初雪,铃音吹雪,5153.2
5842,圣聆初雪,铃音吹雪,5153.2
5843,圣聆初雪,铃音吹雪,5153.2
5844,圣聆初雪,铃音吹雪,5153.2
5845,圣聆初雪,铃音吹雪,5153.2
5846,圣聆初雪,铃音吹雪,5153.2
5847,圣聆初雪,铃音吹雪,5153.2
5848,圣聆初雪,铃音吹雪,5153.2
5849,圣聆初雪,铃音吹雪,5153.2
5850,圣聆初雪,铃音吹雪,5153.2
5851,圣聆初雪,铃音吹雪,5153.2
5852,圣聆初雪,铃音吹雪,5153.2
5853,圣聆初雪,铃音吹雪,5153.2
5854,圣聆初雪,铃音吹雪,5153.2
5855,圣聆初雪,铃音吹雪,5153.2
5856,圣聆初雪,铃音吹雪,5153.2
5857,圣聆初雪,铃音吹雪,5153.2
5858,圣聆初雪,铃音吹雪,5153.2
5859,圣聆初雪,铃音吹雪,5153.2
5860,圣聆初雪,铃音吹雪,5153.2
5861,圣聆初雪,铃音吹雪,5153.2
5862,圣聆初雪,铃音吹雪,5153.2
5863,圣聆初雪,铃音吹雪,5153.2
5864,圣聆初雪,铃音吹雪,5153.2
5865,圣聆初雪,铃音吹雪,5153.2
5866,圣聆初雪,铃音吹雪,5153.2
5867,圣聆初雪,铃音吹雪,5153.2
5868,圣聆初雪,铃音吹雪,5153.2
5869,圣聆初雪,铃音吹雪,5153.2
5870,圣聆初雪,铃音吹雪,5153.2
5871,圣聆初雪,铃音吹雪,5153.2
5872,圣聆初雪,铃音吹雪,5153.2
5873,圣聆初雪,铃音吹雪,5153.2
5874,圣聆初雪,铃音吹雪,5153.2
5875,圣聆初雪,铃音吹雪,5153.2
5876,圣聆初雪,铃音吹雪,5153.2
5877,圣聆初雪,铃音吹雪,5153.2
5878,圣聆初雪,铃音吹雪,5153.2
5879,圣聆初雪,铃音吹雪,5153.2
5880,圣聆初雪,铃音吹雪,5153.2
5881,圣聆初雪,铃音吹雪,5153.2
5882,圣聆初雪,铃音吹雪,5153.2
5883,圣聆初雪,铃音吹雪,5153.2
5884,圣聆初雪,铃音吹雪,5153.2
5885,圣聆初雪,铃音吹雪,5153.2
5886,圣聆初雪,铃音吹雪,5153.2
5887,圣聆初雪,铃音吹雪,5153.2
5888,圣聆初雪,铃音吹雪,5153.2
5889,圣聆初雪,铃音吹雪,5153.2
5890,圣聆初雪,铃音吹雪,5153.2
5891,圣聆初雪,铃音吹雪,5153.2
5892,圣聆初雪,铃音吹雪,5153.2
5893,圣聆初雪,铃音吹雪,5153.2
5894,圣聆初雪,铃音吹雪,5153.2
5895,圣聆初雪,铃音吹雪,5153.2
5896,圣聆初雪,铃音吹雪,5153.2
5897,圣聆初雪,铃音吹雪,5153.2
5898,圣聆初雪,铃音吹雪,5153.2
5899,圣聆初雪,铃音吹雪,5153.2
5900,圣聆初雪,铃音吹雪,5153.2
5901,圣聆初雪,铃音吹雪,5153.2
5902,圣聆初雪,铃音吹雪,5153.2
5903,圣聆初雪,铃音吹雪,5153.2
5904,圣聆初雪,铃音吹雪,5153.2
5905,圣聆初雪,铃音吹雪,5153.2
5906,圣聆初雪,铃音吹雪,5153.2
5907,圣聆初雪,铃音吹雪,5153.2
5908,圣聆初雪,铃音吹雪,5153.2
5909,圣聆初雪,铃音吹雪,5153.2
5910,圣聆初雪,铃音吹雪,5153.2
5911,圣聆初雪,铃音吹雪,5153.2
5912,圣聆初雪,铃音吹雪,5153.2
5913,圣聆初雪,铃音吹雪,5153.2
5914,圣聆初雪,铃音吹雪,5153.2
5915,圣聆初雪,铃音吹雪,5153.2
5916,圣聆初雪,铃音吹雪,5153.2
5917,圣聆初雪,铃音吹雪,5153.2
5918,圣聆初雪,铃音吹雪,5153.2
5919,圣聆初雪,铃音吹雪,5153.2
5920,圣聆初雪,铃音吹雪,5153.2
5921,圣聆初雪,铃音吹雪,5153.2
5922,圣聆初雪,铃音吹雪,5153.2
5923,圣聆初雪,铃音吹雪,5153.2
5924,圣聆初雪,铃音吹雪,5153.2
5925,圣聆初雪,铃音吹雪,5153.2
5926,圣聆初雪,铃音吹雪,5153.2
5927,圣聆初雪,铃音吹雪,5153.2
5928,圣聆初雪,铃音吹雪,5153.2
5929,圣聆初雪,铃音吹雪,5153.2
5930,圣聆初雪,铃音吹雪,5153.2
5931,圣聆初雪,铃音吹雪,5153.2
5932,圣聆初雪,铃音吹雪,5153.2
5933,圣聆初雪,铃音吹雪,5153.2
5934,圣聆初雪,铃音吹雪,5153.2
5935,圣聆初雪,铃音吹雪,5153.2
5936,圣聆初雪,铃音吹雪,5153.2
5937,圣聆初雪,铃音吹雪,5153.2
5938,圣聆初雪,铃音吹雪,5153.2
5939,圣聆初雪,铃音吹雪,5153.2
5940,圣聆初雪,铃音吹雪,5153.2
5941,圣聆初雪,铃音吹雪,5153.2
5942,圣聆初雪,铃音吹雪,5153.2
5943,圣聆初雪,铃音吹雪,5153.2
5944,圣聆初雪,铃音吹雪,5153.2
5945,圣聆初雪,铃音吹雪,5153.2
5946,圣聆初雪,铃音吹雪,5153.2
5947,圣聆初雪,铃音吹雪,5153.2
5948,圣聆初雪,铃音吹雪,5153.2
5949,圣聆初雪,铃音吹雪,5153.2
5950,圣聆初雪,铃音吹雪,5153.2
5951,圣聆初雪,铃音吹雪,5153.2
5952,圣聆初雪,铃音吹雪,5153.2
5953,圣聆初雪,铃音吹雪,5153.2
5954,圣聆初雪,铃音吹雪,5153.2
5955,圣聆初雪,铃音吹雪,5153.2
5956,圣聆初雪,铃音吹雪,5153.2
5957,圣聆初雪,铃音吹雪,5153.2
5958,圣聆初雪,铃音吹雪,5153.2
5959,圣聆初雪,铃音吹雪,5153.2
5960,圣聆初雪,铃音吹雪,5153.2
5961,圣聆初雪,铃音吹雪,5153.2
5962,圣聆初雪,铃音吹雪,5153.2
5963,圣聆初雪,铃音吹雪,5153.2
5964,圣聆初雪,铃音吹雪,5153.2
5965,圣聆初雪,铃音吹雪,5153.2
5966,圣聆初雪,铃音吹雪,5153.2
5967,圣聆初雪,铃音吹雪,5153.2
5968,圣聆初雪,铃音吹雪,5153.2
5969,圣聆初雪,铃音吹雪,5153.2
5970,圣聆初雪,铃音吹雪,5153.2
5971,圣聆初雪,铃音吹雪,5153.2
5972,圣聆初雪,铃音吹雪,5153.2
5973,圣聆初雪,铃音吹雪,5153.2
5974,圣聆初雪,铃音吹雪,5153.2
5975,圣聆初雪,铃音吹雪,5153.2
5976,圣聆初雪,铃音吹雪,5153.2
5977,圣聆初雪,铃音吹雪,5153.2
5978,圣聆初雪,铃音吹雪,5153.2
5979,圣聆初雪,铃音吹雪,5153.2
5980,圣聆初雪,铃音吹雪,5153.2
5981,圣聆初雪,铃音吹雪,5153.2
5982,圣聆初雪,铃音吹雪,5153.2
5983,圣聆初雪,铃音吹雪,5153.2
5984,圣聆初雪,铃音吹雪,5153.2
5985,圣聆初雪,铃音吹雪,5153.2
5986,圣聆初雪,铃音吹雪,5153.2
5987,圣聆初雪,铃音吹雪,5153.2
5988,圣聆初雪,铃音吹雪,5153.2
5989,圣聆初雪,铃音吹雪,5153.2
5990,圣聆初雪,铃音吹雪,5153.2
5991,圣聆初雪,铃音吹雪,5153.2
5992,圣聆初雪,铃音吹雪,5153.2
5993,圣聆初雪,铃音吹雪,5153.2
5994,圣聆初雪,铃音吹雪,5153.2
5995,圣聆初雪,铃音吹雪,5153.2
5996,圣聆初雪,铃音吹雪,5153.2
5997,圣聆初雪,铃音吹雪,5153.2
5998,圣聆初雪,铃音吹雪,5153.2
5999,圣聆初雪,铃音吹雪,5153.2
6000,圣聆初雪,铃音吹雪,5153.2
6001,圣聆初雪,铃音吹雪,5153.2
6002,圣聆初雪,铃音吹雪,5153.2
6003,圣聆初雪,铃音吹雪,5153.2
6004,圣聆初雪,铃音吹雪,5153.2
6005,圣聆初雪,铃音吹雪,5153.2
6006,圣聆初雪,铃音吹雪,5153.2
6007,圣聆初雪,铃音吹雪,5153.2
6008,圣聆初雪,铃音吹雪,5153.2
6009,圣聆初雪,铃音吹雪,5153.2
6010,圣聆初雪,铃音吹雪,5153.2
6011,圣聆初雪,铃音吹雪,5153.2
6012,圣聆初雪,铃音吹雪,5153.2
6013,圣聆初雪,铃音吹雪,5153.2
6014,圣聆初雪,铃音吹雪,5153.2
6015,圣聆初雪,铃音吹雪,5153.2
6016,圣聆初雪,铃音吹雪,5153.2
6017,圣聆初雪,铃音吹雪,5153.2
6018,圣聆初雪,铃音吹雪,5153.2
6019,圣聆初雪,铃音吹雪,5153.2
6020,圣聆初雪,铃音吹雪,5153.2
6021,圣聆初雪,铃音吹雪,5153.2
6022,圣聆初雪,铃音吹雪,5153.2
6023,圣聆初雪,铃音吹雪,5153.2
6024,圣聆初雪,铃音吹雪,5153.2
6025,圣聆初雪,铃音吹雪,5153.2
6026,圣聆初雪,铃音吹雪,5153.2
6027,圣聆初雪,铃音吹雪,5153.2
6028,圣聆初雪,铃音吹雪,5153.2
6029,圣聆初雪,铃音吹雪,5153.2
6030,圣聆初雪,铃音吹雪,5153.2
6031,圣聆初雪,铃音吹雪,5153.2
6032,圣聆初雪,铃音吹雪,5153.2
6033,圣聆初雪,铃音吹雪,5153.2
6034,圣聆初雪,铃音吹雪,5153.2
6035,圣聆初雪,铃音吹雪,5153.2
6036,圣聆初雪,铃音吹雪,5153.2
6037,圣聆初雪,铃音吹雪,5153.2
6038,圣聆初雪,铃音吹雪,5153.2
6039,圣聆初雪,铃音吹雪,5153.2
6040,圣聆初雪,铃音吹雪,5153.2
6041,圣聆初雪,铃音吹雪,5153.2
6042,圣聆初雪,铃音吹雪,5153.2
6043,圣聆初雪,铃音吹雪,5153.2
6044,圣聆初雪,铃音吹雪,5153.2
6045,圣聆初雪,铃音吹雪,5153.2
6046,圣聆初雪,铃音吹雪,5153.2
6047,圣聆初雪,铃音吹雪,5153.2
6048,圣聆初雪,铃音吹雪,5153.2
6049,圣聆初雪,铃音吹雪,5153.2
6050,圣聆初雪,铃音吹雪,5153.2
6051,圣聆初雪,铃音吹雪,5153.2
6052,圣聆初雪,铃音吹雪,5153.2
6053,圣聆初雪,铃音吹雪,5153.2
6054,圣聆初雪,铃音吹雪,5153.2
6055,圣聆初雪,铃音吹雪,5153.2
6056,圣聆初雪,铃音吹雪,5153.2
6057,圣聆初雪,铃音吹雪,5153.2
6058,圣聆初雪,铃音吹雪,5153.2
6059,圣聆初雪,铃音吹雪,5153.2
6060,圣聆初雪,铃音吹雪,5153.2
6061,圣聆初雪,铃音吹雪,5153.2
6062,圣聆初雪,铃音吹雪,5153.2
6063,圣聆初雪,铃音吹雪,5153.2
6064,圣聆初雪,铃音吹雪,5153.2
6065,圣聆初雪,铃音吹雪,5153.2
6066,圣聆初雪,铃音吹雪,5153.2
6067,圣聆初雪,铃音吹雪,5153.2
6068,圣聆初雪,铃音吹雪,5153.2
6069,圣聆初雪,铃音吹雪,5153.2
6070,圣聆初雪,铃音吹雪,5153.2
6071,圣聆初雪,铃音吹雪,5153.2
6072,圣聆初雪,铃音吹雪,5153.2
6073,圣聆初雪,铃音吹雪,5153.2
6074,圣聆初雪,铃音吹雪,5153.2
6075,圣聆初雪,铃音吹雪,5153.2
6076,圣聆初雪,铃音吹雪,5153.2
6077,圣聆初雪,铃音吹雪,5153.2
6078,圣聆初雪,铃音吹雪,5153.2
6079,圣聆初雪,铃音吹雪,5153.2
6080,圣聆初雪,铃音吹雪,5153.2
6081,圣聆初雪,铃音吹雪,5153.2
6082,圣聆初雪,铃音吹雪,5153.2
6083,圣聆初雪,铃音吹雪,5153.2
6084,圣聆初雪,铃音吹雪,5153.2
6085,圣聆初雪,铃音吹雪,5153.2
6086,圣聆初雪,铃音吹雪,5153.2
6087,圣聆初雪,铃音吹雪,5153.2
6088,圣聆初雪,铃音吹雪,5153.2
6089,圣聆初雪,铃音吹雪,5153.2
6090,圣聆初雪,铃音吹雪,5153.2
6091,圣聆初雪,铃音吹雪,5153.2
6092,圣聆初雪,铃音吹雪,5153.2
6093,圣聆初雪,铃音吹雪,5153.2
6094,圣聆初雪,铃音吹雪,5153.2
6095,圣聆初雪,铃音吹雪,5153.2
6096,圣聆初雪,铃音吹雪,5153.2
6097,圣聆初雪,铃音吹雪,5153.2
6098,圣聆初雪,铃音吹雪,5153.2
6099,圣聆初雪,铃音吹雪,5153.2
6100,圣聆初雪,铃音吹雪,5153.2
6101,圣聆初雪,铃音吹雪,5153.2
6102,圣聆初雪,铃音吹雪,5153.2
6103,圣聆初雪,铃音吹雪,5153.2
6104,圣聆初雪,铃音吹雪,5153.2
6105,圣聆初雪,铃音吹雪,5153.2
6106,圣聆初雪,铃音吹雪,5153.2
6107,圣聆初雪,铃音吹雪,5153.2
6108,圣聆初雪,铃音吹雪,5153.2
6109,圣聆初雪,铃音吹雪,5153.2
6110,圣聆初雪,铃音吹雪,5153.2
6111,圣聆初雪,铃音吹雪,5153.2
6112,圣聆初雪,铃音吹雪,5153.2
6113,圣聆初雪,铃音吹雪,5153.2
6114,圣聆初雪,铃音吹雪,5153.2
6115,圣聆初雪,铃音吹雪,5153.2
6116,圣聆初雪,铃音吹雪,5153.2
6117,圣聆初雪,铃音吹雪,5153.2
6118,圣聆初雪,铃音吹雪,5153.2
6119,圣聆初雪,铃音吹雪,5153.2
6120,圣聆初雪,铃音吹雪,5153.2
6121,圣聆初雪,铃音吹雪,5153.2
6122,圣聆初雪,铃音吹雪,5153.2
6123,圣聆初雪,铃音吹雪,5153.2
6124,圣聆初雪,铃音吹雪,5153.2
6125,圣聆初雪,铃音吹雪,5153.2
6126,圣聆初雪,铃音吹雪,5153.2
6127,圣聆初雪,铃音吹雪,5153.2
6128,圣聆初雪,铃音吹雪,5153.2
6129,圣聆初雪,铃音吹雪,5153.2
6130,圣聆初雪,铃音吹雪,5153.2
6131,圣聆初雪,铃音吹雪,5153.2
6132,圣聆初雪,铃音吹雪,5153.2
6133,圣聆初雪,铃音吹雪,5153.2
6134,圣聆初雪,铃音吹雪,5153.2
6135,圣聆初雪,铃音吹雪,5153.2
6136,圣聆初雪,铃音吹雪,5153.2
6137,圣聆初雪,铃音吹雪,5153.2
6138,圣聆初雪,铃音吹雪,5153.2
6139,圣聆初雪,铃音吹雪,5153.2
6140,圣聆初雪,铃音吹雪,5153.2
6141,圣聆初雪,铃音吹雪,5153.2
6142,圣聆初雪,铃音吹雪,5153.2
6143,圣聆初雪,铃音吹雪,5153.2
6144,圣聆初雪,铃音吹雪,5153.2
6145,圣聆初雪,铃音吹雪,5153.2
6146,圣聆初雪,铃音吹雪,5153.2
6147,圣聆初雪,铃音吹雪,5153.2
6148,圣聆初雪,铃音吹雪,5153.2
6149,圣聆初雪,铃音吹雪,5153.2
6150,圣聆初雪,铃音吹雪,5153.2
6151,圣聆初雪,铃音吹雪,5153.2
6152,圣聆初雪,铃音吹雪,5153.2
6153,圣聆初雪,铃音吹雪,5153.2
6154,圣聆初雪,铃音吹雪,5153.2
6155,圣聆初雪,铃音吹雪,5153.2
6156,圣聆初雪,铃音吹雪,5153.2
6157,圣聆初雪,铃音吹雪,5153.2
6158,圣聆初雪,铃音吹雪,5153.2
6159,圣聆初雪,铃音吹雪,5153.2
6160,圣聆初雪,铃音吹雪,5153.2
6161,圣聆初雪,铃音吹雪,5153.2
6162,圣聆初雪,铃音吹雪,5153.2
6163,圣聆初雪,铃音吹雪,5153.2
6164,圣聆初雪,铃音吹雪,5153.2
6165,圣聆初雪,铃音吹雪,5153.2
6166,圣聆初雪,铃音吹雪,5153.2
6167,圣聆初雪,铃音吹雪,5153.2
6168,圣聆初雪,铃音吹雪,5153.2
6169,圣聆初雪,铃音吹雪,5153.2
6170,圣聆初雪,铃音吹雪,5153.2
6171,圣聆初雪,铃音吹雪,5153.2
6172,圣聆初雪,铃音吹雪,5153.2
6173,圣聆初雪,铃音吹雪,5153.2
6174,圣聆初雪,铃音吹雪,5153.2
6175,圣聆初雪,铃音吹雪,5153.2
6176,圣聆初雪,铃音吹雪,5153.2
6177,圣聆初雪,铃音吹雪,5153.2
6178,圣聆初雪,铃音吹雪,5153.2
6179,圣聆初雪,铃音吹雪,5153.2
6180,圣聆初雪,铃音吹雪,5153.2
6181,圣聆初雪,铃音吹雪,5153.2
6182,圣聆初雪,铃音吹雪,5153.2
6183,圣聆初雪,铃音吹雪,5153.2
6184,圣聆初雪,铃音吹雪,5153.2
6185,圣聆初雪,铃音吹雪,5153.2
6186,圣聆初雪,铃音吹雪,5153.2
6187,圣聆初雪,铃音吹雪,5153.2
6188,圣聆初雪,铃音吹雪,5153.2
6189,圣聆初雪,铃音吹雪,5153.2
6190,圣聆初雪,铃音吹雪,5153.2
6191,圣聆初雪,铃音吹雪,5153.2
6192,圣聆初雪,铃音吹雪,5153.2
6193,圣聆初雪,铃音吹雪,5153.2
6194,圣聆初雪,铃音吹雪,5153.2
6195,圣聆初雪,铃音吹雪,5153.2
6196,圣聆初雪,铃音吹雪,5153.2
6197,圣聆初雪,铃音吹雪,5153.2
6198,圣聆初雪,铃音吹雪,5153.2
6199,圣聆初雪,铃音吹雪,5153.2
6200,圣聆初雪,铃音吹雪,5153.2
6201,圣聆初雪,铃音吹雪,5153.2
6202,圣聆初雪,铃音吹雪,5153.2
6203,圣聆初雪,铃音吹雪,5153.2
6204,圣聆初雪,铃音吹雪,5153.2
6205,圣聆初雪,铃音吹雪,5153.2
6206,圣聆初雪,铃音吹雪,5153.2
6207,圣聆初雪,铃音吹雪,5153.2
6208,圣聆初雪,铃音吹雪,5153.2
6209,圣聆初雪,铃音吹雪,5153.2
6210,圣聆初雪,铃音吹雪,5153.2
6211,圣聆初雪,铃音吹雪,5153.2
6212,圣聆初雪,铃音吹雪,5153.2
6213,圣聆初雪,铃音吹雪,5153.2
6214,圣聆初雪,铃音吹雪,5153.2
6215,圣聆初雪,铃音吹雪,5153.2
6216,圣聆初雪,铃音吹雪,5153.2
6217,圣聆初雪,铃音吹雪,5153.2
6218,圣聆初雪,铃音吹雪,5153.2
6219,圣聆初雪,铃音吹雪,5153.2
6220,圣聆初雪,铃音吹雪,5153.2
6221,圣聆初雪,铃音吹雪,5153.2
6222,圣聆初雪,铃音吹雪,5153.2
6223,圣聆初雪,铃音吹雪,5153.2
6224,圣聆初雪,铃音吹雪,5153.2
6225,圣聆初雪,铃音吹雪,5153.2
6226,圣聆初雪,铃音吹雪,5153.2
6227,圣聆初雪,铃音吹雪,5153.2
6228,圣聆初雪,铃音吹雪,5153.2
6229,圣聆初雪,铃音吹雪,5153.2
6230,圣聆初雪,铃音吹雪,5153.2
6231,圣聆初雪,铃音吹雪,5153.2
6232,圣聆初雪,铃音吹雪,5153.2
6233,圣聆初雪,铃音吹雪,5153.2
6234,圣聆初雪,铃音吹雪,5153.2
6235,圣聆初雪,铃音吹雪,5153.2
6236,圣聆初雪,铃音吹雪,5153.2
6237,圣聆初雪,铃音吹雪,5153.2
6238,圣聆初雪,铃音吹雪,5153.2
6239,圣聆初雪,铃音吹雪,5153.2
6240,圣聆初雪,铃音吹雪,5153.2
6241,圣聆初雪,铃音吹雪,5153.2
6242,圣聆初雪,铃音吹雪,5153.2
6243,圣聆初雪,铃音吹雪,5153.2
6244,圣聆初雪,铃音吹雪,5153.2
6245,圣聆初雪,铃音吹雪,5153.2
6246,圣聆初雪,铃音吹雪,5153.2
6247,圣聆初雪,铃音吹雪,5153.2
6248,圣聆初雪,铃音吹雪,5153.2
6249,圣聆初雪,铃音吹雪,5153.2
6250,圣聆初雪,铃音吹雪,5153.2
6251,圣聆初雪,铃音吹雪,5153.2
6252,圣聆初雪,铃音吹雪,5153.2
6253,圣聆初雪,铃音吹雪,5153.2
6254,圣聆初雪,铃音吹雪,5153.2
6255,圣聆初雪,铃音吹雪,5153.2
6256,圣聆初雪,铃音吹雪,5153.2
6257,圣聆初雪,铃音吹雪,5153.2
6258,圣聆初雪,铃音吹雪,5153.2
6259,圣聆初雪,铃音吹雪,5153.2
6260,圣聆初雪,铃音吹雪,5153.2
6261,圣聆初雪,铃音吹雪,5153.2
6262,圣聆初雪,铃音吹雪,5153.2
6263,圣聆初雪,铃音吹雪,5153.2
6264,圣聆初雪,铃音吹雪,5153.2
6265,圣聆初雪,铃音吹雪,5153.2
6266,圣聆初雪,铃音吹雪,5153.2
6267,圣聆初雪,铃音吹雪,5153.2
6268,圣聆初雪,铃音吹雪,5153.2
6269,圣聆初雪,铃音吹雪,5153.2
6270,圣聆初雪,铃音吹雪,5153.2
6271,圣聆初雪,铃音吹雪,5153.2
6272,圣聆初雪,铃音吹雪,5153.2
6273,圣聆初雪,铃音吹雪,5153.2
6274,圣聆初雪,铃音吹雪,5153.2
6275,圣聆初雪,铃音吹雪,5153.2
6276,圣聆初雪,铃音吹雪,5153.2
6277,圣聆初雪,铃音吹雪,5153.2
6278,圣聆初雪,铃音吹雪,5153.2
6279,圣聆初雪,铃音吹雪,5153.2
6280,圣聆初雪,铃音吹雪,5153.2
6281,圣聆初雪,铃音吹雪,5153.2
6282,圣聆初雪,铃音吹雪,5153.2
6283,圣聆初雪,铃音吹雪,5153.2
6284,圣聆初雪,铃音吹雪,5153.2
6285,圣聆初雪,铃音吹雪,5153.2
6286,圣聆初雪,铃音吹雪,5153.2
6287,圣聆初雪,铃音吹雪,5153.2
6288,圣聆初雪,铃音吹雪,5153.2
6289,圣聆初雪,铃音吹雪,5153.2
6290,圣聆初雪,铃音吹雪,5153.2
6291,圣聆初雪,铃音吹雪,5153.2
6292,圣聆初雪,铃音吹雪,5153.2
6293,圣聆初雪,铃音吹雪,5153.2
6294,圣聆初雪,铃音吹雪,5153.2
6295,圣聆初雪,铃音吹雪,5153.2
6296,圣聆初雪,铃音吹雪,5153.2
6297,圣聆初雪,铃音吹雪,5153.2
6298,圣聆初雪,铃音吹雪,5153.2
6299,圣聆初雪,铃音吹雪,5153.2
6300,圣聆初雪,铃音吹雪,5153.2
6301,圣聆初雪,铃音吹雪,5153.2
6302,圣聆初雪,铃音吹雪,5153.2
6303,圣聆初雪,铃音吹雪,5153.2
6304,圣聆初雪,铃音吹雪,5153.2
6305,圣聆初雪,铃音吹雪,5153.2
6306,圣聆初雪,铃音吹雪,5153.2
6307,圣聆初雪,铃音吹雪,5153.2
6308,圣聆初雪,铃音吹雪,5153.2
6309,圣聆初雪,铃音吹雪,5153.2
6310,圣聆初雪,铃音吹雪,5153.2
6311,圣聆初雪,铃音吹雪,5153.2
6312,圣聆初雪,铃音吹雪,5153.2
6313,圣聆初雪,铃音吹雪,5153.2
6314,圣聆初雪,铃音吹雪,5153.2
6315,圣聆初雪,铃音吹雪,5153.2
6316,圣聆初雪,铃音吹雪,5153.2
6317,圣聆初雪,铃音吹雪,5153.2
6318,圣聆初雪,铃音吹雪,5153.2
6319,圣聆初雪,铃音吹雪,5153.2
6320,圣聆初雪,铃音吹雪,5153.2
6321,圣聆初雪,铃音吹雪,5153.2
6322,圣聆初雪,铃音吹雪,5153.2
6323,圣聆初雪,铃音吹雪,5153.2
6324,圣聆初雪,铃音吹雪,5153.2
6325,圣聆初雪,铃音吹雪,5153.2
6326,圣聆初雪,铃音吹雪,5153.2
6327,圣聆初雪,铃音吹雪,5153.2
6328,圣聆初雪,铃音吹雪,5153.2
6329,圣聆初雪,铃音吹雪,5153.2
6330,圣聆初雪,铃音吹雪,5153.2
6331,圣聆初雪,铃音吹雪,5153.2
6332,圣聆初雪,铃音吹雪,5153.2
6333,圣聆初雪,铃音吹雪,5153.2
6334,圣聆初雪,铃音吹雪,5153.2
6335,圣聆初雪,铃音吹雪,5153.2
6336,圣聆初雪,铃音吹雪,5153.2
6337,圣聆初雪,铃音吹雪,5153.2
6338,圣聆初雪,铃音吹雪,5153.2
6339,圣聆初雪,铃音吹雪,5153.2
6340,圣聆初雪,铃音吹雪,5153.2
6341,圣聆初雪,铃音吹雪,5153.2
6342,圣聆初雪,铃音吹雪,5153.2
6343,圣聆初雪,铃音吹雪,5153.2
6344,圣聆初雪,铃音吹雪,5153.2
6345,圣聆初雪,铃音吹雪,5153.2
6346,圣聆初雪,铃音吹雪,5153.2
6347,圣聆初雪,铃音吹雪,5153.2
6348,圣聆初雪,铃音吹雪,5153.2
6349,圣聆初雪,铃音吹雪,5153.2
6350,圣聆初雪,铃音吹雪,5153.2
6351,圣聆初雪,铃音吹雪,5153.2
6352,圣聆初雪,铃音吹雪,5153.2
6353,圣聆初雪,铃音吹雪,5153.2
6354,圣聆初雪,铃音吹雪,5153.2
6355,圣聆初雪,铃音吹雪,5153.2
6356,圣聆初雪,铃音吹雪,5153.2
6357,圣聆初雪,铃音吹雪,5153.2
6358,圣聆初雪,铃音吹雪,5153.2
6359,圣聆初雪,铃音吹雪,5153.2
6360,圣聆初雪,铃音吹雪,5153.2
6361,圣聆初雪,铃音吹雪,5153.2
6362,圣聆初雪,铃音吹雪,5153.2
6363,圣聆初雪,铃音吹雪,5153.2
6364,圣聆初雪,铃音吹雪,5153.2
6365,圣聆初雪,铃音吹雪,5153.2
6366,圣聆初雪,铃音吹雪,5153.2
6367,圣聆初雪,铃音吹雪,5153.2
6368,圣聆初雪,铃音吹雪,5153.2
6369,圣聆初雪,铃音吹雪,5153.2
6370,圣聆初雪,铃音吹雪,5153.2
6371,圣聆初雪,铃音吹雪,5153.2
6372,圣聆初雪,铃音吹雪,5153.2
6373,圣聆初雪,铃音吹雪,5153.2
6374,圣聆初雪,铃音吹雪,5153.2
6375,圣聆初雪,铃音吹雪,5153.2
6376,圣聆初雪,铃音吹雪,5153.2
6377,圣聆初雪,铃音吹雪,5153.2
6378,圣聆初雪,铃音吹雪,5153.2
6379,圣聆初雪,铃音吹雪,5153.2
6380,圣聆初雪,铃音吹雪,5153.2
6381,圣聆初雪,铃音吹雪,5153.2
6382,圣聆初雪,铃音吹雪,5153.2
6383,圣聆初雪,铃音吹雪,5153.2
6384,圣聆初雪,铃音吹雪,5153.2
6385,圣聆初雪,铃音吹雪,5153.2
6386,圣聆初雪,铃音吹雪,5153.2
6387,圣聆初雪,铃音吹雪,5153.2
6388,圣聆初雪,铃音吹雪,5153.2
6389,圣聆初雪,铃音吹雪,5153.2
6390,圣聆初雪,铃音吹雪,5153.2
6391,圣聆初雪,铃音吹雪,5153.2
6392,圣聆初雪,铃音吹雪,5153.2
6393,圣聆初雪,铃音吹雪,5153.2
6394,圣聆初雪,铃音吹雪,5153.2
6395,圣聆初雪,铃音吹雪,5153.2
6396,圣聆初雪,铃音吹雪,5153.2
6397,圣聆初雪,铃音吹雪,5153.2
6398,圣聆初雪,铃音吹雪,5153.2
6399,圣聆初雪,铃音吹雪,5153.2
6400,圣聆初雪,铃音吹雪,5153.2
6401,圣聆初雪,铃音吹雪,5153.2
6402,圣聆初雪,铃音吹雪,5153.2
6403,圣聆初雪,铃音吹雪,5153.2
6404,圣聆初雪,铃音吹雪,5153.2
6405,圣聆初雪,铃音吹雪,5153.2
6406,圣聆初雪,铃音吹雪,5153.2
6407,圣聆初雪,铃音吹雪,5153.2
6408,圣聆初雪,铃音吹雪,5153.2
6409,圣聆初雪,铃音吹雪,5153.2
6410,圣聆初雪,铃音吹雪,5153.2
6411,圣聆初雪,铃音吹雪,5153.2
6412,圣聆初雪,铃音吹雪,5153.2
6413,圣聆初雪,铃音吹雪,5153.2
6414,圣聆初雪,铃音吹雪,5153.2
6415,圣聆初雪,铃音吹雪,5153.2
6416,圣聆初雪,铃音吹雪,5153.2
6417,圣聆初雪,铃音吹雪,5153.2
6418,圣聆初雪,铃音吹雪,5153.2
6419,圣聆初雪,铃音吹雪,5153.2
6420,圣聆初雪,铃音吹雪,5153.2
6421,圣聆初雪,铃音吹雪,5153.2
6422,圣聆初雪,铃音吹雪,5153.2
6423,圣聆初雪,铃音吹雪,5153.2
6424,圣聆初雪,铃音吹雪,5153.2
6425,圣聆初雪,铃音吹雪,5153.2
6426,圣聆初雪,铃音吹雪,5153.2
6427,圣聆初雪,铃音吹雪,5153.2
6428,圣聆初雪,铃音吹雪,5153.2
6429,圣聆初雪,铃音吹雪,5153.2
6430,圣聆初雪,铃音吹雪,5153.2
6431,圣聆初雪,铃音吹雪,5153.2
6432,圣聆初雪,铃音吹雪,5153.2
6433,圣聆初雪,铃音吹雪,5153.2
6434,圣聆初雪,铃音吹雪,5153.2
6435,圣聆初雪,铃音吹雪,5153.2
6436,圣聆初雪,铃音吹雪,5153.2
6437,圣聆初雪,铃音吹雪,5153.2
6438,圣聆初雪,铃音吹雪,5153.2
6439,圣聆初雪,铃音吹雪,5153.2
6440,圣聆初雪,铃音吹雪,5153.2
6441,圣聆初雪,铃音吹雪,5153.2
6442,圣聆初雪,铃音吹雪,5153.2
6443,圣聆初雪,铃音吹雪,5153.2
6444,圣聆初雪,铃音吹雪,5153.2
6445,圣聆初雪,铃音吹雪,5153.2
6446,圣聆初雪,铃音吹雪,5153.2
6447,圣聆初雪,铃音吹雪,5153.2
6448,圣聆初雪,铃音吹雪,5153.2
6449,圣聆初雪,铃音吹雪,5153.2
6450,圣聆初雪,铃音吹雪,5153.2
6451,圣聆初雪,铃音吹雪,5153.2
6452,圣聆初雪,铃音吹雪,5153.2
6453,圣聆初雪,铃音吹雪,5153.2
6454,圣聆初雪,铃音吹雪,5153.2
6455,圣聆初雪,铃音吹雪,5153.2
6456,圣聆初雪,铃音吹雪,5153.2
6457,圣聆初雪,铃音吹雪,5153.2
6458,圣聆初雪,铃音吹雪,5153.2
6459,圣聆初雪,铃音吹雪,5153.2
6460,圣聆初雪,铃音吹雪,5153.2
6461,圣聆初雪,铃音吹雪,5153.2
6462,圣聆初雪,铃音吹雪,5153.2
6463,圣聆初雪,铃音吹雪,5153.2
6464,圣聆初雪,铃音吹雪,5153.2
6465,圣聆初雪,铃音吹雪,5153.2
6466,圣聆初雪,铃音吹雪,5153.2
6467,圣聆初雪,铃音吹雪,5153.2
6468,圣聆初雪,铃音吹雪,5153.2
6469,圣聆初雪,铃音吹雪,5153.2
6470,圣聆初雪,铃音吹雪,5153.2
6471,圣聆初雪,铃音吹雪,5153.2
6472,圣聆初雪,铃音吹雪,5153.2
6473,圣聆初雪,铃音吹雪,5153.2
6474,圣聆初雪,铃音吹雪,5153.2
6475,圣聆初雪,铃音吹雪,5153.2
6476,圣聆初雪,铃音吹雪,5153.2
6477,圣聆初雪,铃音吹雪,5153.2
6478,圣聆初雪,铃音吹雪,5153.2
6479,圣聆初雪,铃音吹雪,5153.2
6480,圣聆初雪,铃音吹雪,5153.2
6481,圣聆初雪,铃音吹雪,5153.2
6482,圣聆初雪,铃音吹雪,5153.2
6483,圣聆初雪,铃音吹雪,5153.2
6484,圣聆初雪,铃音吹雪,5153.2
6485,圣聆初雪,铃音吹雪,5153.2
6486,圣聆初雪,铃音吹雪,5153.2
6487,圣聆初雪,铃音吹雪,5153.2
6488,圣聆初雪,铃音吹雪,5153.2
6489,圣聆初雪,铃音吹雪,5153.2
6490,圣聆初雪,铃音吹雪,5153.2
6491,圣聆初雪,铃音吹雪,5153.2
6492,圣聆初雪,铃音吹雪,5153.2
6493,圣聆初雪,铃音吹雪,5153.2
6494,圣聆初雪,铃音吹雪,5153.2
6495,圣聆初雪,铃音吹雪,5153.2
6496,圣聆初雪,铃音吹雪,5153.2
6497,圣聆初雪,铃音吹雪,5153.2
6498,圣聆初雪,铃音吹雪,5153.2
6499,圣聆初雪,铃音吹雪,5153.2
6500,圣聆初雪,铃音吹雪,5153.2
6501,圣聆初雪,铃音吹雪,5153.2
6502,圣聆初雪,铃音吹雪,5153.2
6503,圣聆初雪,铃音吹雪,5153.2
6504,圣聆初雪,铃音吹雪,5153.2
6505,圣聆初雪,铃音吹雪,5153.2
6506,圣聆初雪,铃音吹雪,5153.2
6507,圣聆初雪,铃音吹雪,5153.2
6508,圣聆初雪,铃音吹雪,5153.2
6509,圣聆初雪,铃音吹雪,5153.2
6510,圣聆初雪,铃音吹雪,5153.2
6511,圣聆初雪,铃音吹雪,5153.2
6512,圣聆初雪,铃音吹雪,5153.2
6513,圣聆初雪,铃音吹雪,5153.2
6514,圣聆初雪,铃音吹雪,5153.2
6515,圣聆初雪,铃音吹雪,5153.2
6516,圣聆初雪,铃音吹雪,5153.2
6517,圣聆初雪,铃音吹雪,5153.2
6518,圣聆初雪,铃音吹雪,5153.2
6519,圣聆初雪,铃音吹雪,5153.2
6520,圣聆初雪,铃音吹雪,5153.2
6521,圣聆初雪,铃音吹雪,5153.2
6522,圣聆初雪,铃音吹雪,5153.2
6523,圣聆初雪,铃音吹雪,5153.2
6524,圣聆初雪,铃音吹雪,5153.2
6525,圣聆初雪,铃音吹雪,5153.2
6526,圣聆初雪,铃音吹雪,5153.2
6527,圣聆初雪,铃音吹雪,5153.2
6528,圣聆初雪,铃音吹雪,5153.2
6529,圣聆初雪,铃音吹雪,5153.2
6530,圣聆初雪,铃音吹雪,5153.2
6531,圣聆初雪,铃音吹雪,5153.2
6532,圣聆初雪,铃音吹雪,5153.2
6533,圣聆初雪,铃音吹雪,5153.2
6534,圣聆初雪,铃音吹雪,5153.2
6535,圣聆初雪,铃音吹雪,5153.2
6536,圣聆初雪,铃音吹雪,5153.2
6537,圣聆初雪,铃音吹雪,5153.2
6538,圣聆初雪,铃音吹雪,5153.2
6539,圣聆初雪,铃音吹雪,5153.2
6540,圣聆初雪,铃音吹雪,5153.2
6541,圣聆初雪,铃音吹雪,5153.2
6542,圣聆初雪,铃音吹雪,5153.2
6543,圣聆初雪,铃音吹雪,5153.2
6544,圣聆初雪,铃音吹雪,5153.2
6545,圣聆初雪,铃音吹雪,5153.2
6546,圣聆初雪,铃音吹雪,5153.2
6547,圣聆初雪,铃音吹雪,5153.2
6548,圣聆初雪,铃音吹雪,5153.2
6549,圣聆初雪,铃音吹雪,5153.2
6550,圣聆初雪,铃音吹雪,5153.2
6551,圣聆初雪,铃音吹雪,5153.2
6552,圣聆初雪,铃音吹雪,5153.2
6553,圣聆初雪,铃音吹雪,5153.2
6554,圣聆初雪,铃音吹雪,5153.2
6555,圣聆初雪,铃音吹雪,5153.2
6556,圣聆初雪,铃音吹雪,5153.2
6557,圣聆初雪,铃音吹雪,5153.2
6558,圣聆初雪,铃音吹雪,5153.2
6559,圣聆初雪,铃音吹雪,5153.2
6560,圣聆初雪,铃音吹雪,5153.2
6561,圣聆初雪,铃音吹雪,5153.2
6562,圣聆初雪,铃音吹雪,5153.2
6563,圣聆初雪,铃音吹雪,5153.2
6564,圣聆初雪,铃音吹雪,5153.2
6565,圣聆初雪,铃音吹雪,5153.2
6566,圣聆初雪,铃音吹雪,5153.2
6567,圣聆初雪,铃音吹雪,5153.2
6568,圣聆初雪,铃音吹雪,5153.2
6569,圣聆初雪,铃音吹雪,5153.2
6570,圣聆初雪,铃音吹雪,5153.2
6571,圣聆初雪,铃音吹雪,5153.2
6572,圣聆初雪,铃音吹雪,5153.2
6573,圣聆初雪,铃音吹雪,5153.2
6574,圣聆初雪,铃音吹雪,5153.2
6575,圣聆初雪,铃音吹雪,5153.2
6576,圣聆初雪,铃音吹雪,5153.2
6577,圣聆初雪,铃音吹雪,5153.2
6578,圣聆初雪,铃音吹雪,5153.2
6579,圣聆初雪,铃音吹雪,5153.2
6580,圣聆初雪,铃音吹雪,5153.2
6581,圣聆初雪,铃音吹雪,5153.2
6582,圣聆初雪,铃音吹雪,5153.2
6583,圣聆初雪,铃音吹雪,5153.2
6584,圣聆初雪,铃音吹雪,5153.2
6585,圣聆初雪,铃音吹雪,5153.2
6586,圣聆初雪,铃音吹雪,5153.2
6587,圣聆初雪,铃音吹雪,5153.2
6588,圣聆初雪,铃音吹雪,5153.2
6589,圣聆初雪,铃音吹雪,5153.2
6590,圣聆初雪,铃音吹雪,5153.2
6591,圣聆初雪,铃音吹雪,5153.2
6592,圣聆初雪,铃音吹雪,5153.2
6593,圣聆初雪,铃音吹雪,5153.2
6594,圣聆初雪,铃音吹雪,5153.2
6595,圣聆初雪,铃音吹雪,5153.2
6596,圣聆初雪,铃音吹雪,5153.2
6597,圣聆初雪,铃音吹雪,5153.2
6598,圣聆初雪,铃音吹雪,5153.2
6599,圣聆初雪,铃音吹雪,5153.2
6600,圣聆初雪,铃音吹雪,5153.2
6601,圣聆初雪,铃音吹雪,5153.2
6602,圣聆初雪,铃音吹雪,5153.2
6603,圣聆初雪,铃音吹雪,5153.2
6604,圣聆初雪,铃音吹雪,5153.2
6605,圣聆初雪,铃音吹雪,5153.2
6606,圣聆初雪,铃音吹雪,5153.2
6607,圣聆初雪,铃音吹雪,5153.2
6608,圣聆初雪,铃音吹雪,5153.2
6609,圣聆初雪,铃音吹雪,5153.2
6610,圣聆初雪,铃音吹雪,5153.2
6611,圣聆初雪,铃音吹雪,5153.2
6612,圣聆初雪,铃音吹雪,5153.2
6613,圣聆初雪,铃音吹雪,5153.2
6614,圣聆初雪,铃音吹雪,5153.2
6615,圣聆初雪,铃音吹雪,5153.2
6616,圣聆初雪,铃音吹雪,5153.2
6617,圣聆初雪,铃音吹雪,5153.2
6618,圣聆初雪,铃音吹雪,5153.2
6619,圣聆初雪,铃音吹雪,5153.2
6620,圣聆初雪,铃音吹雪,5153.2
6621,圣聆初雪,铃音吹雪,5153.2
6622,圣聆初雪,铃音吹雪,5153.2
6623,圣聆初雪,铃音吹雪,5153.2
6624,圣聆初雪,铃音吹雪,5153.2
6625,圣聆初雪,铃音吹雪,5153.2
6626,圣聆初雪,铃音吹雪,5153.2
6627,圣聆初雪,铃音吹雪,5153.2
6628,圣聆初雪,铃音吹雪,5153.2
6629,圣聆初雪,铃音吹雪,5153.2
6630,圣聆初雪,铃音吹雪,5153.2
6631,圣聆初雪,铃音吹雪,5153.2
6632,圣聆初雪,铃音吹雪,5153.2
6633,圣聆初雪,铃音吹雪,5153.2
6634,圣聆初雪,铃音吹雪,5153.2
6635,圣聆初雪,铃音吹雪,5153.2
6636,圣聆初雪,铃音吹雪,5153.2
6637,圣聆初雪,铃音吹雪,5153.2
6638,圣聆初雪,铃音吹雪,5153.2
6639,圣聆初雪,铃音吹雪,5153.2
6640,圣聆初雪,铃音吹雪,5153.2
6641,圣聆初雪,铃音吹雪,5153.2
6642,圣聆初雪,铃音吹雪,5153.2
6643,圣聆初雪,铃音吹雪,5153.2
6644,圣聆初雪,铃音吹雪,5153.2
6645,圣聆初雪,铃音吹雪,5153.2
6646,圣聆初雪,铃音吹雪,5153.2
6647,圣聆初雪,铃音吹雪,5153.2
6648,圣聆初雪,铃音吹雪,5153.2
6649,圣聆初雪,铃音吹雪,5153.2
6650,圣聆初雪,铃音吹雪,5153.2
6651,圣聆初雪,铃音吹雪,5153.2
6652,圣聆初雪,铃音吹雪,5153.2
6653,圣聆初雪,铃音吹雪,5153.2
6654,圣聆初雪,铃音吹雪,5153.2
6655,圣聆初雪,铃音吹雪,5153.2
6656,圣聆初雪,铃音吹雪,5153.2
6657,圣聆初雪,铃音吹雪,5153.2
6658,圣聆初雪,铃音吹雪,5153.2
6659,圣聆初雪,铃音吹雪,5153.2
6660,圣聆初雪,铃音吹雪,5153.2
6661,圣聆初雪,铃音吹雪,5153.2
6662,圣聆初雪,铃音吹雪,5153.2
6663,圣聆初雪,铃音吹雪,5153.2
6664,圣聆初雪,铃音吹雪,5153.2
6665,圣聆初雪,铃音吹雪,5153.2
6666,圣聆初雪,铃音吹雪,5153.2
6667,圣聆初雪,铃音吹雪,5153.2
6668,圣聆初雪,铃音吹雪,5153.2
6669,圣聆初雪,铃音吹雪,5153.2
6670,圣聆初雪,铃音吹雪,5153.2
6671,圣聆初雪,铃音吹雪,5153.2
6672,圣聆初雪,铃音吹雪,5153.2
6673,圣聆初雪,铃音吹雪,5153.2
6674,圣聆初雪,铃音吹雪,5153.2
6675,圣聆初雪,铃音吹雪,5153.2
6676,圣聆初雪,铃音吹雪,5153.2
6677,圣聆初雪,铃音吹雪,5153.2
6678,圣聆初雪,铃音吹雪,5153.2
6679,圣聆初雪,铃音吹雪,5153.2
6680,圣聆初雪,铃音吹雪,5153.2
6681,圣聆初雪,铃音吹雪,5153.2
6682,圣聆初雪,铃音吹雪,5153.2
6683,圣聆初雪,铃音吹雪,5153.2
6684,圣聆初雪,铃音吹雪,5153.2
6685,圣聆初雪,铃音吹雪,5153.2
6686,圣聆初雪,铃音吹雪,5153.2
6687,圣聆初雪,铃音吹雪,5153.2
6688,圣聆初雪,铃音吹雪,5153.2
6689,圣聆初雪,铃音吹雪,5153.2
6690,圣聆初雪,铃音吹雪,5153.2
6691,圣聆初雪,铃音吹雪,5153.2
6692,圣聆初雪,铃音吹雪,5153.2
6693,圣聆初雪,铃音吹雪,5153.2
6694,圣聆初雪,铃音吹雪,5153.2
6695,圣聆初雪,铃音吹雪,5153.2
6696,圣聆初雪,铃音吹雪,5153.2
6697,圣聆初雪,铃音吹雪,5153.2
6698,圣聆初雪,铃音吹雪,5153.2
6699,圣聆初雪,铃音吹雪,5153.2
6700,圣聆初雪,铃音吹雪,5153.2
6701,圣聆初雪,铃音吹雪,5153.2
6702,圣聆初雪,铃音吹雪,5153.2
6703,圣聆初雪,铃音吹雪,5153.2
6704,圣聆初雪,铃音吹雪,5153.2
6705,圣聆初雪,铃音吹雪,5153.2
6706,圣聆初雪,铃音吹雪,5153.2
6707,圣聆初雪,铃音吹雪,5153.2
6708,圣聆初雪,铃音吹雪,5153.2
6709,圣聆初雪,铃音吹雪,5153.2
6710,圣聆初雪,铃音吹雪,5153.2
6711,圣聆初雪,铃音吹雪,5153.2
6712,圣聆初雪,铃音吹雪,5153.2
6713,圣聆初雪,铃音吹雪,5153.2
6714,圣聆初雪,铃音吹雪,5153.2
6715,圣聆初雪,铃音吹雪,5153.2
6716,圣聆初雪,铃音吹雪,5153.2
6717,圣聆初雪,铃音吹雪,5153.2
6718,圣聆初雪,铃音吹雪,5153.2
6719,圣聆初雪,铃音吹雪,5153.2
6720,圣聆初雪,铃音吹雪,5153.2
6721,圣聆初雪,铃音吹雪,5153.2
6722,圣聆初雪,铃音吹雪,5153.2
6723,圣聆初雪,铃音吹雪,5153.2
6724,圣聆初雪,铃音吹雪,5153.2
6725,圣聆初雪,铃音吹雪,5153.2
6726,圣聆初雪,铃音吹雪,5153.2
6727,圣聆初雪,铃音吹雪,5153.2
6728,圣聆初雪,铃音吹雪,5153.2
6729,圣聆初雪,铃音吹雪,5153.2
6730,圣聆初雪,铃音吹雪,5153.2
6731,圣聆初雪,铃音吹雪,5153.2
6732,圣聆初雪,铃音吹雪,5153.2
6733,圣聆初雪,铃音吹雪,5153.2
6734,圣聆初雪,铃音吹雪,5153.2
6735,圣聆初雪,铃音吹雪,5153.2
6736,圣聆初雪,铃音吹雪,5153.2
6737,圣聆初雪,铃音吹雪,5153.2
6738,圣聆初雪,铃音吹雪,5153.2
6739,圣聆初雪,铃音吹雪,5153.2
6740,圣聆初雪,铃音吹雪,5153.2
6741,圣聆初雪,铃音吹雪,5153.2
6742,圣聆初雪,铃音吹雪,5153.2
6743,圣聆初雪,铃音吹雪,5153.2
6744,圣聆初雪,铃音吹雪,5153.2
6745,圣聆初雪,铃音吹雪,5153.2
6746,圣聆初雪,铃音吹雪,5153.2
6747,圣聆初雪,铃音吹雪,5153.2
6748,圣聆初雪,铃音吹雪,5153.2
6749,圣聆初雪,铃音吹雪,5153.2
6750,圣聆初雪,铃音吹雪,5153.2
6751,圣聆初雪,铃音吹雪,5153.2
6752,圣聆初雪,铃音吹雪,5153.2
6753,圣聆初雪,铃音吹雪,5153.2
6754,圣聆初雪,铃音吹雪,5153.2
6755,圣聆初雪,铃音吹雪,5153.2
6756,圣聆初雪,铃音吹雪,5153.2
6757,圣聆初雪,铃音吹雪,5153.2
6758,圣聆初雪,铃音吹雪,5153.2
6759,圣聆初雪,铃音吹雪,5153.2
6760,圣聆初雪,铃音吹雪,5153.2
6761,圣聆初雪,铃音吹雪,5153.2
6762,圣聆初雪,铃音吹雪,5153.2
6763,圣聆初雪,铃音吹雪,5153.2
6764,圣聆初雪,铃音吹雪,5153.2
6765,圣聆初雪,铃音吹雪,5153.2
6766,圣聆初雪,铃音吹雪,5153.2
6767,圣聆初雪,铃音吹雪,5153.2
6768,圣聆初雪,铃音吹雪,5153.2
6769,圣聆初雪,铃音吹雪,5153.2
6770,圣聆初雪,铃音吹雪,5153.2
6771,圣聆初雪,铃音吹雪,5153.2
6772,圣聆初雪,铃音吹雪,5153.2
6773,圣聆初雪,铃音吹雪,5153.2
6774,圣聆初雪,铃音吹雪,5153.2
6775,圣聆初雪,铃音吹雪,5153.2
6776,圣聆初雪,铃音吹雪,5153.2
6777,圣聆初雪,铃音吹雪,5153.2
6778,圣聆初雪,铃音吹雪,5153.2
6779,圣聆初雪,铃音吹雪,5153.2
6780,圣聆初雪,铃音吹雪,5153.2
6781,圣聆初雪,铃音吹雪,5153.2
6782,圣聆初雪,铃音吹雪,5153.2
6783,圣聆初雪,铃音吹雪,5153.2
6784,圣聆初雪,铃音吹雪,5153.2
6785,圣聆初雪,铃音吹雪,5153.2
6786,圣聆初雪,铃音吹雪,5153.2
6787,圣聆初雪,铃音吹雪,5153.2
6788,圣聆初雪,铃音吹雪,5153.2
6789,圣聆初雪,铃音吹雪,5153.2
6790,圣聆初雪,铃音吹雪,5153.2
6791,圣聆初雪,铃音吹雪,5153.2
6792,圣聆初雪,铃音吹雪,5153.2
6793,圣聆初雪,铃音吹雪,5153.2
6794,圣聆初雪,铃音吹雪,5153.2
6795,圣聆初雪,铃音吹雪,5153.2
6796,圣聆初雪,铃音吹雪,5153.2
6797,圣聆初雪,铃音吹雪,5153.2
6798,圣聆初雪,铃音吹雪,5153.2
6799,圣聆初雪,铃音吹雪,5153.2
6800,圣聆初雪,铃音吹雪,5153.2
6801,圣聆初雪,铃音吹雪,5153.2
6802,圣聆初雪,铃音吹雪,5153.2
6803,圣聆初雪,铃音吹雪,5153.2
6804,圣聆初雪,铃音吹雪,5153.2
6805,圣聆初雪,铃音吹雪,5153.2
6806,圣聆初雪,铃音吹雪,5153.2
6807,圣聆初雪,铃音吹雪,5153.2
6808,圣聆初雪,铃音吹雪,5153.2
6809,圣聆初雪,铃音吹雪,5153.2
6810,圣聆初雪,铃音吹雪,5153.2
6811,圣聆初雪,铃音吹雪,5153.2
6812,圣聆初雪,铃音吹雪,5153.2
6813,圣聆初雪,铃音吹雪,5153.2
6814,圣聆初雪,铃音吹雪,5153.2
6815,圣聆初雪,铃音吹雪,5153.2
6816,圣聆初雪,铃音吹雪,5153.2
6817,圣聆初雪,铃音吹雪,5153.2
6818,圣聆初雪,铃音吹雪,5153.2
6819,圣聆初雪,铃音吹雪,5153.2
6820,圣聆初雪,铃音吹雪,5153.2
6821,圣聆初雪,铃音吹雪,5153.2
6822,圣聆初雪,铃音吹雪,5153.2
6823,圣聆初雪,铃音吹雪,5153.2
6824,圣聆初雪,铃音吹雪,5153.2
6825,圣聆初雪,铃音吹雪,5153.2
6826,圣聆初雪,铃音吹雪,5153.2
6827,圣聆初雪,铃音吹雪,5153.2
6828,圣聆初雪,铃音吹雪,5153.2
6829,圣聆初雪,铃音吹雪,5153.2
6830,圣聆初雪,铃音吹雪,5153.2
6831,圣聆初雪,铃音吹雪,5153.2
6832,圣聆初雪,铃音吹雪,5153.2
6833,圣聆初雪,铃音吹雪,5153.2
6834,圣聆初雪,铃音吹雪,5153.2
6835,圣聆初雪,铃音吹雪,5153.2
6836,圣聆初雪,铃音吹雪,5153.2
6837,圣聆初雪,铃音吹雪,5153.2
6838,圣聆初雪,铃音吹雪,5153.2
6839,圣聆初雪,铃音吹雪,5153.2
6840,圣聆初雪,铃音吹雪,5153.2
6841,圣聆初雪,铃音吹雪,5153.2
6842,圣聆初雪,铃音吹雪,5153.2
6843,圣聆初雪,铃音吹雪,5153.2
6844,圣聆初雪,铃音吹雪,5153.2
6845,圣聆初雪,铃音吹雪,5153.2
6846,圣聆初雪,铃音吹雪,5153.2
6847,圣聆初雪,铃音吹雪,5153.2
6848,圣聆初雪,铃音吹雪,5153.2
6849,圣聆初雪,铃音吹雪,5153.2
6850,圣聆初雪,铃音吹雪,5153.2
6851,圣聆初雪,铃音吹雪,5153.2
6852,圣聆初雪,铃音吹雪,5153.2
6853,圣聆初雪,铃音吹雪,5153.2
6854,圣聆初雪,铃音吹雪,5153.2
6855,圣聆初雪,铃音吹雪,5153.2
6856,圣聆初雪,铃音吹雪,5153.2
6857,圣聆初雪,铃音吹雪,5153.2
6858,圣聆初雪,铃音吹雪,5153.2
6859,圣聆初雪,铃音吹雪,5153.2
6860,圣聆初雪,铃音吹雪,5153.2
6861,圣聆初雪,铃音吹雪,5153.2
6862,圣聆初雪,铃音吹雪,5153.2
6863,圣聆初雪,铃音吹雪,5153.2
6864,圣聆初雪,铃音吹雪,5153.2
6865,圣聆初雪,铃音吹雪,5153.2
6866,圣聆初雪,铃音吹雪,5153.2
6867,圣聆初雪,铃音吹雪,5153.2
6868,圣聆初雪,铃音吹雪,5153.2
6869,圣聆初雪,铃音吹雪,5153.2
6870,圣聆初雪,铃音吹雪,5153.2
6871,圣聆初雪,铃音吹雪,5153.2
6872,圣聆初雪,铃音吹雪,5153.2
6873,圣聆初雪,铃音吹雪,5153.2
6874,圣聆初雪,铃音吹雪,5153.2
6875,圣聆初雪,铃音吹雪,5153.2
6876,圣聆初雪,铃音吹雪,5153.2
6877,圣聆初雪,铃音吹雪,5153.2
6878,圣聆初雪,铃音吹雪,5153.2
6879,圣聆初雪,铃音吹雪,5153.2
6880,圣聆初雪,铃音吹雪,5153.2
6881,圣聆初雪,铃音吹雪,5153.2
6882,圣聆初雪,铃音吹雪,5153.2
6883,圣聆初雪,铃音吹雪,5153.2
6884,圣聆初雪,铃音吹雪,5153.2
6885,圣聆初雪,铃音吹雪,5153.2
6886,圣聆初雪,铃音吹雪,5153.2
6887,圣聆初雪,铃音吹雪,5153.2
6888,圣聆初雪,铃音吹雪,5153.2
6889,圣聆初雪,铃音吹雪,5153.2
6890,圣聆初雪,铃音吹雪,5153.2
6891,圣聆初雪,铃音吹雪,5153.2
6892,圣聆初雪,铃音吹雪,5153.2
6893,圣聆初雪,铃音吹雪,5153.2
6894,圣聆初雪,铃音吹雪,5153.2
6895,圣聆初雪,铃音吹雪,5153.2
6896,圣聆初雪,铃音吹雪,5153.2
6897,圣聆初雪,铃音吹雪,5153.2
6898,圣聆初雪,铃音吹雪,5153.2
6899,圣聆初雪,铃音吹雪,5153.2
6900,圣聆初雪,铃音吹雪,5153.2
6901,圣聆初雪,铃音吹雪,5153.2
6902,圣聆初雪,铃音吹雪,5153.2
6903,圣聆初雪,铃音吹雪,5153.2
6904,圣聆初雪,铃音吹雪,5153.2
6905,圣聆初雪,铃音吹雪,5153.2
6906,圣聆初雪,铃音吹雪,5153.2
6907,圣聆初雪,铃音吹雪,5153.2
6908,圣聆初雪,铃音吹雪,5153.2
6909,圣聆初雪,铃音吹雪,5153.2
6910,圣聆初雪,铃音吹雪,5153.2
6911,圣聆初雪,铃音吹雪,5153.2
6912,圣聆初雪,铃音吹雪,5153.2
6913,圣聆初雪,铃音吹雪,5153.2
6914,圣聆初雪,铃音吹雪,5153.2
6915,圣聆初雪,铃音吹雪,5153.2
6916,圣聆初雪,铃音吹雪,5153.2
6917,圣聆初雪,铃音吹雪,5153.2
6918,圣聆初雪,铃音吹雪,5153.2
6919,圣聆初雪,铃音吹雪,5153.2
6920,圣聆初雪,铃音吹雪,5153.2
6921,圣聆初雪,铃音吹雪,5153.2
6922,圣聆初雪,铃音吹雪,5153.2
6923,圣聆初雪,铃音吹雪,5153.2
6924,圣聆初雪,铃音吹雪,5153.2
6925,圣聆初雪,铃音吹雪,5153.2
6926,圣聆初雪,铃音吹雪,5153.2
6927,圣聆初雪,铃音吹雪,5153.2
6928,圣聆初雪,铃音吹雪,5153.2
6929,圣聆初雪,铃音吹雪,5153.2
6930,圣聆初雪,铃音吹雪,5153.2
6931,圣聆初雪,铃音吹雪,5153.2
6932,圣聆初雪,铃音吹雪,5153.2
6933,圣聆初雪,铃音吹雪,5153.2
6934,圣聆初雪,铃音吹雪,5153.2
6935,圣聆初雪,铃音吹雪,5153.2
6936,圣聆初雪,铃音吹雪,5153.2
6937,圣聆初雪,铃音吹雪,5153.2
6938,圣聆初雪,铃音吹雪,5153.2
6939,圣聆初雪,铃音吹雪,5153.2
6940,圣聆初雪,铃音吹雪,5153.2
6941,圣聆初雪,铃音吹雪,5153.2
6942,圣聆初雪,铃音吹雪,5153.2
6943,圣聆初雪,铃音吹雪,5153.2
6944,圣聆初雪,铃音吹雪,5153.2
6945,圣聆初雪,铃音吹雪,5153.2
6946,圣聆初雪,铃音吹雪,5153.2
6947,圣聆初雪,铃音吹雪,5153.2
6948,圣聆初雪,铃音吹雪,5153.2
6949,圣聆初雪,铃音吹雪,5153.2
6950,圣聆初雪,铃音吹雪,5153.2
6951,圣聆初雪,铃音吹雪,5153.2
6952,圣聆初雪,铃音吹雪,5153.2
6953,圣聆初雪,铃音吹雪,5153.2
6954,圣聆初雪,铃音吹雪,5153.2
6955,圣聆初雪,铃音吹雪,5153.2
6956,圣聆初雪,铃音吹雪,5153.2
6957,圣聆初雪,铃音吹雪,5153.2
6958,圣聆初雪,铃音吹雪,5153.2
6959,圣聆初雪,铃音吹雪,5153.2
6960,圣聆初雪,铃音吹雪,5153.2
6961,圣聆初雪,铃音吹雪,5153.2
6962,圣聆初雪,铃音吹雪,5153.2
6963,圣聆初雪,铃音吹雪,5153.2
6964,圣聆初雪,铃音吹雪,5153.2
6965,圣聆初雪,铃音吹雪,5153.2
6966,圣聆初雪,铃音吹雪,5153.2
6967,圣聆初雪,铃音吹雪,5153.2
6968,圣聆初雪,铃音吹雪,5153.2
6969,圣聆初雪,铃音吹雪,5153.2
6970,圣聆初雪,铃音吹雪,5153.2
6971,圣聆初雪,铃音吹雪,5153.2
6972,圣聆初雪,铃音吹雪,5153.2
6973,圣聆初雪,铃音吹雪,5153.2
6974,圣聆初雪,铃音吹雪,5153.2
6975,圣聆初雪,铃音吹雪,5153.2
6976,圣聆初雪,铃音吹雪,5153.2
6977,圣聆初雪,铃音吹雪,5153.2
6978,圣聆初雪,铃音吹雪,5153.2
6979,圣聆初雪,铃音吹雪,5153.2
6980,圣聆初雪,铃音吹雪,5153.2
6981,圣聆初雪,铃音吹雪,5153.2
6982,圣聆初雪,铃音吹雪,5153.2
6983,圣聆初雪,铃音吹雪,5153.2
6984,圣聆初雪,铃音吹雪,5153.2
6985,圣聆初雪,铃音吹雪,5153.2
6986,圣聆初雪,铃音吹雪,5153.2
6987,圣聆初雪,铃音吹雪,5153.2
6988,圣聆初雪,铃音吹雪,5153.2
6989,圣聆初雪,铃音吹雪,5153.2
6990,圣聆初雪,铃音吹雪,5153.2
6991,圣聆初雪,铃音吹雪,5153.2
6992,圣聆初雪,铃音吹雪,5153.2
6993,圣聆初雪,铃音吹雪,5153.2
6994,圣聆初雪,铃音吹雪,5153.2
6995,圣聆初雪,铃音吹雪,5153.2
6996,圣聆初雪,铃音吹雪,5153.2
6997,圣聆初雪,铃音吹雪,5153.2
6998,圣聆初雪,铃音吹雪,5153.2
6999,圣聆初雪,铃音吹雪,5153.2
7000,圣聆初雪,铃音吹雪,5153.2
7001,圣聆初雪,铃音吹雪,5153.2
7002,圣聆初雪,铃音吹雪,5153.2
7003,圣聆初雪,铃音吹雪,5153.2
7004,圣聆初雪,铃音吹雪,5153.2
7005,圣聆初雪,铃音吹雪,5153.2
7006,圣聆初雪,铃音吹雪,5153.2
7007,圣聆初雪,铃音吹雪,5153.2
7008,圣聆初雪,铃音吹雪,5153.2
7009,圣聆初雪,铃音吹雪,5153.2
7010,圣聆初雪,铃音吹雪,5153.2
7011,圣聆初雪,铃音吹雪,5153.2
7012,圣聆初雪,铃音吹雪,5153.2
7013,圣聆初雪,铃音吹雪,5153.2
7014,圣聆初雪,铃音吹雪,5153.2
7015,圣聆初雪,铃音吹雪,5153.2
7016,圣聆初雪,铃音吹雪,5153.2
7017,圣聆初雪,铃音吹雪,5153.2
7018,圣聆初雪,铃音吹雪,5153.2
7019,圣聆初雪,铃音吹雪,5153.2
7020,圣聆初雪,铃音吹雪,5153.2
7021,圣聆初雪,铃音吹雪,5153.2
7022,圣聆初雪,铃音吹雪,5153.2
7023,圣聆初雪,铃音吹雪,5153.2
7024,圣聆初雪,铃音吹雪,5153.2
7025,圣聆初雪,铃音吹雪,5153.2
7026,圣聆初雪,铃音吹雪,5153.2
7027,圣聆初雪,铃音吹雪,5153.2
7028,圣聆初雪,铃音吹雪,5153.2
7029,圣聆初雪,铃音吹雪,5153.2
7030,圣聆初雪,铃音吹雪,5153.2
7031,圣聆初雪,铃音吹雪,5153.2
7032,圣聆初雪,铃音吹雪,5153.2
7033,圣聆初雪,铃音吹雪,5153.2
7034,圣聆初雪,铃音吹雪,5153.2
7035,圣聆初雪,铃音吹雪,5153.2
7036,圣聆初雪,铃音吹雪,5153.2
7037,圣聆初雪,铃音吹雪,5153.2
7038,圣聆初雪,铃音吹雪,5153.2
7039,圣聆初雪,铃音吹雪,5153.2
7040,圣聆初雪,铃音吹雪,5153.2
7041,圣聆初雪,铃音吹雪,5153.2
7042,圣聆初雪,铃音吹雪,5153.2
7043,圣聆初雪,铃音吹雪,5153.2
7044,圣聆初雪,铃音吹雪,5153.2
7045,圣聆初雪,铃音吹雪,5153.2
7046,圣聆初雪,铃音吹雪,5153.2
7047,圣聆初雪,铃音吹雪,5153.2
7048,圣聆初雪,铃音吹雪,5153.2
7049,圣聆初雪,铃音吹雪,5153.2
7050,圣聆初雪,铃音吹雪,5153.2
7051,圣聆初雪,铃音吹雪,5153.2
7052,圣聆初雪,铃音吹雪,5153.2
7053,圣聆初雪,铃音吹雪,5153.2
7054,圣聆初雪,铃音吹雪,5153.2
7055,圣聆初雪,铃音吹雪,5153.2
7056,圣聆初雪,铃音吹雪,5153.2
7057,圣聆初雪,铃音吹雪,5153.2
7058,圣聆初雪,铃音吹雪,5153.2
7059,圣聆初雪,铃音吹雪,5153.2
7060,圣聆初雪,铃音吹雪,5153.2
7061,圣聆初雪,铃音吹雪,5153.2
7062,圣聆初雪,铃音吹雪,5153.2
7063,圣聆初雪,铃音吹雪,5153.2
7064,圣聆初雪,铃音吹雪,5153.2
7065,圣聆初雪,铃音吹雪,5153.2
7066,圣聆初雪,铃音吹雪,5153.2
7067,圣聆初雪,铃音吹雪,5153.2
7068,圣聆初雪,铃音吹雪,5153.2
7069,圣聆初雪,铃音吹雪,5153.2
7070,圣聆初雪,铃音吹雪,5153.2
7071,圣聆初雪,铃音吹雪,5153.2
7072,圣聆初雪,铃音吹雪,5153.2
7073,圣聆初雪,铃音吹雪,5153.2
7074,圣聆初雪,铃音吹雪,5153.2
7075,圣聆初雪,铃音吹雪,5153.2
7076,圣聆初雪,铃音吹雪,5153.2
7077,圣聆初雪,铃音吹雪,5153.2
7078,圣聆初雪,铃音吹雪,5153.2
7079,圣聆初雪,铃音吹雪,5153.2
7080,圣聆初雪,铃音吹雪,5153.2
7081,圣聆初雪,铃音吹雪,5153.2
7082,圣聆初雪,铃音吹雪,5153.2
7083,圣聆初雪,铃音吹雪,5153.2
7084,圣聆初雪,铃音吹雪,5153.2
7085,圣聆初雪,铃音吹雪,5153.2
7086,圣聆初雪,铃音吹雪,5153.2
7087,圣聆初雪,铃音吹雪,5153.2
7088,圣聆初雪,铃音吹雪,5153.2
7089,圣聆初雪,铃音吹雪,5153.2
7090,圣聆初雪,铃音吹雪,5153.2
7091,圣聆初雪,铃音吹雪,5153.2
7092,圣聆初雪,铃音吹雪,5153.2
7093,圣聆初雪,铃音吹雪,5153.2
7094,圣聆初雪,铃音吹雪,5153.2
7095,圣聆初雪,铃音吹雪,5153.2
7096,圣聆初雪,铃音吹雪,5153.2
7097,圣聆初雪,铃音吹雪,5153.2
7098,圣聆初雪,铃音吹雪,5153.2
7099,圣聆初雪,铃音吹雪,5153.2
7100,圣聆初雪,铃音吹雪,5153.2
7101,圣聆初雪,铃音吹雪,5153.2
7102,圣聆初雪,铃音吹雪,5153.2
7103,圣聆初雪,铃音吹雪,5153.2
7104,圣聆初雪,铃音吹雪,5153.2
7105,圣聆初雪,铃音吹雪,5153.2
7106,圣聆初雪,铃音吹雪,5153.2
7107,圣聆初雪,铃音吹雪,5153.2
7108,圣聆初雪,铃音吹雪,5153.2
7109,圣聆初雪,铃音吹雪,5153.2
7110,圣聆初雪,铃音吹雪,5153.2
7111,圣聆初雪,铃音吹雪,5153.2
7112,圣聆初雪,铃音吹雪,5153.2
7113,圣聆初雪,铃音吹雪,5153.2
7114,圣聆初雪,铃音吹雪,5153.2
7115,圣聆初雪,铃音吹雪,5153.2
7116,圣聆初雪,铃音吹雪,5153.2
7117,圣聆初雪,铃音吹雪,5153.2
7118,圣聆初雪,铃音吹雪,5153.2
7119,圣聆初雪,铃音吹雪,5153.2
7120,圣聆初雪,铃音吹雪,5153.2
7121,圣聆初雪,铃音吹雪,5153.2
7122,圣聆初雪,铃音吹雪,5153.2
7123,圣聆初雪,铃音吹雪,5153.2
7124,圣聆初雪,铃音吹雪,5153.2
7125,圣聆初雪,铃音吹雪,5153.2
7126,圣聆初雪,铃音吹雪,5153.2
7127,圣聆初雪,铃音吹雪,5153.2
7128,圣聆初雪,铃音吹雪,5153.2
7129,圣聆初雪,铃音吹雪,5153.2
7130,圣聆初雪,铃音吹雪,5153.2
7131,圣聆初雪,铃音吹雪,5153.2
7132,圣聆初雪,铃音吹雪,5153.2
7133,圣聆初雪,铃音吹雪,5153.2
7134,圣聆初雪,铃音吹雪,5153.2
7135,圣聆初雪,铃音吹雪,5153.2
7136,圣聆初雪,铃音吹雪,5153.2
7137,圣聆初雪,铃音吹雪,5153.2
7138,圣聆初雪,铃音吹雪,5153.2
7139,圣聆初雪,铃音吹雪,5153.2
7140,圣聆初雪,铃音吹雪,5153.2
7141,圣聆初雪,铃音吹雪,5153.2
7142,圣聆初雪,铃音吹雪,5153.2
7143,圣聆初雪,铃音吹雪,5153.2
7144,圣聆初雪,铃音吹雪,5153.2
7145,圣聆初雪,铃音吹雪,5153.2
7146,圣聆初雪,铃音吹雪,5153.2
7147,圣聆初雪,铃音吹雪,5153.2
7148,圣聆初雪,铃音吹雪,5153.2
7149,圣聆初雪,铃音吹雪,5153.2
7150,圣聆初雪,铃音吹雪,5153.2
7151,圣聆初雪,铃音吹雪,5153.2
7152,圣聆初雪,铃音吹雪,5153.2
7153,圣聆初雪,铃音吹雪,5153.2
7154,圣聆初雪,铃音吹雪,5153.2
7155,圣聆初雪,铃音吹雪,5153.2
7156,圣聆初雪,铃音吹雪,5153.2
7157,圣聆初雪,铃音吹雪,5153.2
7158,圣聆初雪,铃音吹雪,5153.2
7159,圣聆初雪,铃音吹雪,5153.2
7160,圣聆初雪,铃音吹雪,5153.2
7161,圣聆初雪,铃音吹雪,5153.2
7162,圣聆初雪,铃音吹雪,5153.2
7163,圣聆初雪,铃音吹雪,5153.2
7164,圣聆初雪,铃音吹雪,5153.2
7165,圣聆初雪,铃音吹雪,5153.2
7166,圣聆初雪,铃音吹雪,5153.2
7167,圣聆初雪,铃音吹雪,5153.2
7168,圣聆初雪,铃音吹雪,5153.2
7169,圣聆初雪,铃音吹雪,5153.2
7170,圣聆初雪,铃音吹雪,5153.2
7171,圣聆初雪,铃音吹雪,5153.2
7172,圣聆初雪,铃音吹雪,5153.2
7173,圣聆初雪,铃音吹雪,5153.2
7174,圣聆初雪,铃音吹雪,5153.2
7175,圣聆初雪,铃音吹雪,5153.2
7176,圣聆初雪,铃音吹雪,5153.2
7177,圣聆初雪,铃音吹雪,5153.2
7178,圣聆初雪,铃音吹雪,5153.2
7179,圣聆初雪,铃音吹雪,5153.2
7180,圣聆初雪,铃音吹雪,5153.2
7181,圣聆初雪,铃音吹雪,5153.2
7182,圣聆初雪,铃音吹雪,5153.2
7183,圣聆初雪,铃音吹雪,5153.2
7184,圣聆初雪,铃音吹雪,5153.2
7185,圣聆初雪,铃音吹雪,5153.2
7186,圣聆初雪,铃音吹雪,5153.2
7187,圣聆初雪,铃音吹雪,5153.2
7188,圣聆初雪,铃音吹雪,5153.2
7189,圣聆初雪,铃音吹雪,5153.2
7190,圣聆初雪,铃音吹雪,5153.2
7191,圣聆初雪,铃音吹雪,5153.2
7192,圣聆初雪,铃音吹雪,5153.2
7193,圣聆初雪,铃音吹雪,5153.2
7194,圣聆初雪,铃音吹雪,5153.2
7195,圣聆初雪,铃音吹雪,5153.2
7196,圣聆初雪,铃音吹雪,5153.2
7197,圣聆初雪,铃音吹雪,5153.2
7198,圣聆初雪,铃音吹雪,5153.2
7199,圣聆初雪,铃音吹雪,5153.2
7200,圣聆初雪,铃音吹雪,5153.2
7201,圣聆初雪,铃音吹雪,5153.2
7202,圣聆初雪,铃音吹雪,5153.2
7203,圣聆初雪,铃音吹雪,5153.2
7204,圣聆初雪,铃音吹雪,5153.2
7205,圣聆初雪,铃音吹雪,5153.2
7206,圣聆初雪,铃音吹雪,5153.2
7207,圣聆初雪,铃音吹雪,5153.2
7208,圣聆初雪,铃音吹雪,5153.2
7209,圣聆初雪,铃音吹雪,5153.2
7210,圣聆初雪,铃音吹雪,5153.2
7211,圣聆初雪,铃音吹雪,5153.2
7212,圣聆初雪,铃音吹雪,5153.2
7213,圣聆初雪,铃音吹雪,5153.2
7214,圣聆初雪,铃音吹雪,5153.2
7215,圣聆初雪,铃音吹雪,5153.2
7216,圣聆初雪,铃音吹雪,5153.2
7217,圣聆初雪,铃音吹雪,5153.2
7218,圣聆初雪,铃音吹雪,5153.2
7219,圣聆初雪,铃音吹雪,5153.2
7220,圣聆初雪,铃音吹雪,5153.2
7221,圣聆初雪,铃音吹雪,5153.2
7222,圣聆初雪,铃音吹雪,5153.2
7223,圣聆初雪,铃音吹雪,5153.2
7224,圣聆初雪,铃音吹雪,5153.2
7225,圣聆初雪,铃音吹雪,5153.2
7226,圣聆初雪,铃音吹雪,5153.2
7227,圣聆初雪,铃音吹雪,5153.2
7228,圣聆初雪,铃音吹雪,5153.2
7229,圣聆初雪,铃音吹雪,5153.2
7230,圣聆初雪,铃音吹雪,5153.2
7231,圣聆初雪,铃音吹雪,5153.2
7232,圣聆初雪,铃音吹雪,5153.2
7233,圣聆初雪,铃音吹雪,5153.2
7234,圣聆初雪,铃音吹雪,5153.2
7235,圣聆初雪,铃音吹雪,5153.2
7236,圣聆初雪,铃音吹雪,5153.2
7237,圣聆初雪,铃音吹雪,5153.2
7238,圣聆初雪,铃音吹雪,5153.2
7239,圣聆初雪,铃音吹雪,5153.2
7240,圣聆初雪,铃音吹雪,5153.2
7241,圣聆初雪,铃音吹雪,5153.2
7242,圣聆初雪,铃音吹雪,5153.2
7243,圣聆初雪,铃音吹雪,5153.2
7244,圣聆初雪,铃音吹雪,5153.2
7245,圣聆初雪,铃音吹雪,5153.2
7246,圣聆初雪,铃音吹雪,5153.2
7247,圣聆初雪,铃音吹雪,5153.2
7248,圣聆初雪,铃音吹雪,5153.2
7249,圣聆初雪,铃音吹雪,5153.2
7250,圣聆初雪,铃音吹雪,5153.2
7251,圣聆初雪,铃音吹雪,5153.2
7252,圣聆初雪,铃音吹雪,5153.2
7253,圣聆初雪,铃音吹雪,5153.2
7254,圣聆初雪,铃音吹雪,5153.2
7255,圣聆初雪,铃音吹雪,5153.2
7256,圣聆初雪,铃音吹雪,5153.2
7257,圣聆初雪,铃音吹雪,5153.2
7258,圣聆初雪,铃音吹雪,5153.2
7259,圣聆初雪,铃音吹雪,5153.2
7260,圣聆初雪,铃音吹雪,5153.2
7261,圣聆初雪,铃音吹雪,5153.2
7262,圣聆初雪,铃音吹雪,5153.2
7263,圣聆初雪,铃音吹雪,5153.2
7264,圣聆初雪,铃音吹雪,5153.2
7265,圣聆初雪,铃音吹雪,5153.2
7266,圣聆初雪,铃音吹雪,5153.2
7267,圣聆初雪,铃音吹雪,5153.2
7268,圣聆初雪,铃音吹雪,5153.2
7269,圣聆初雪,铃音吹雪,5153.2
7270,圣聆初雪,铃音吹雪,5153.2
7271,圣聆初雪,铃音吹雪,5153.2
7272,圣聆初雪,铃音吹雪,5153.2
7273,圣聆初雪,铃音吹雪,5153.2
7274,圣聆初雪,铃音吹雪,5153.2
7275,圣聆初雪,铃音吹雪,5153.2
7276,圣聆初雪,铃音吹雪,5153.2
7277,圣聆初雪,铃音吹雪,5153.2
7278,圣聆初雪,铃音吹雪,5153.2
7279,圣聆初雪,铃音吹雪,5153.2
7280,圣聆初雪,铃音吹雪,5153.2
7281,圣聆初雪,铃音吹雪,5153.2
7282,圣聆初雪,铃音吹雪,5153.2
7283,圣聆初雪,铃音吹雪,5153.2
7284,圣聆初雪,铃音吹雪,5153.2
7285,圣聆初雪,铃音吹雪,5153.2
7286,圣聆初雪,铃音吹雪,5153.2
7287,圣聆初雪,铃音吹雪,5153.2
7288,圣聆初雪,铃音吹雪,5153.2
7289,圣聆初雪,铃音吹雪,5153.2
7290,圣聆初雪,铃音吹雪,5153.2
7291,圣聆初雪,铃音吹雪,5153.2
7292,圣聆初雪,铃音吹雪,5153.2
7293,圣聆初雪,铃音吹雪,5153.2
7294,圣聆初雪,铃音吹雪,5153.2
7295,圣聆初雪,铃音吹雪,5153.2
7296,圣聆初雪,铃音吹雪,5153.2
7297,圣聆初雪,铃音吹雪,5153.2
7298,圣聆初雪,铃音吹雪,5153.2
7299,圣聆初雪,铃音吹雪,5153.2
7300,圣聆初雪,铃音吹雪,5153.2
7301,圣聆初雪,铃音吹雪,5153.2
7302,圣聆初雪,铃音吹雪,5153.2
7303,圣聆初雪,铃音吹雪,5153.2
7304,圣聆初雪,铃音吹雪,5153.2
7305,圣聆初雪,铃音吹雪,5153.2
7306,圣聆初雪,铃音吹雪,5153.2
7307,圣聆初雪,铃音吹雪,5153.2
7308,圣聆初雪,铃音吹雪,5153.2
7309,圣聆初雪,铃音吹雪,5153.2
7310,圣聆初雪,铃音吹雪,5153.2
7311,圣聆初雪,铃音吹雪,5153.2
7312,圣聆初雪,铃音吹雪,5153.2
7313,圣聆初雪,铃音吹雪,5153.2
7314,圣聆初雪,铃音吹雪,5153.2
7315,圣聆初雪,铃音吹雪,5153.2
7316,圣聆初雪,铃音吹雪,5153.2
7317,圣聆初雪,铃音吹雪,5153.2
7318,圣聆初雪,铃音吹雪,5153.2
7319,圣聆初雪,铃音吹雪,5153.2
7320,圣聆初雪,铃音吹雪,5153.2
7321,圣聆初雪,铃音吹雪,5153.2
7322,圣聆初雪,铃音吹雪,5153.2
7323,圣聆初雪,铃音吹雪,5153.2
7324,圣聆初雪,铃音吹雪,5153.2
7325,圣聆初雪,铃音吹雪,5153.2
7326,圣聆初雪,铃音吹雪,5153.2
7327,圣聆初雪,铃音吹雪,5153.2
7328,圣聆初雪,铃音吹雪,5153.2
7329,圣聆初雪,铃音吹雪,5153.2
7330,圣聆初雪,铃音吹雪,5153.2
7331,圣聆初雪,铃音吹雪,5153.2
7332,圣聆初雪,铃音吹雪,5153.2
7333,圣聆初雪,铃音吹雪,5153.2
7334,圣聆初雪,铃音吹雪,5153.2
7335,圣聆初雪,铃音吹雪,5153.2
7336,圣聆初雪,铃音吹雪,5153.2
7337,圣聆初雪,铃音吹雪,5153.2
7338,圣聆初雪,铃音吹雪,5153.2
7339,圣聆初雪,铃音吹雪,5153.2
7340,圣聆初雪,铃音吹雪,5153.2
7341,圣聆初雪,铃音吹雪,5153.2
7342,圣聆初雪,铃音吹雪,5153.2
7343,圣聆初雪,铃音吹雪,5153.2
7344,圣聆初雪,铃音吹雪,5153.2
7345,圣聆初雪,铃音吹雪,5153.2
7346,圣聆初雪,铃音吹雪,5153.2
7347,圣聆初雪,铃音吹雪,5153.2
7348,圣聆初雪,铃音吹雪,5153.2
7349,圣聆初雪,铃音吹雪,5153.2
7350,圣聆初雪,铃音吹雪,5153.2
7351,圣聆初雪,铃音吹雪,5153.2
7352,圣聆初雪,铃音吹雪,5153.2
7353,圣聆初雪,铃音吹雪,5153.2
7354,圣聆初雪,铃音吹雪,5153.2
7355,圣聆初雪,铃音吹雪,5153.2
7356,圣聆初雪,铃音吹雪,5153.2
7357,圣聆初雪,铃音吹雪,5153.2
7358,圣聆初雪,铃音吹雪,5153.2
7359,圣聆初雪,铃音吹雪,5153.2
7360,圣聆初雪,铃音吹雪,5153.2
7361,圣聆初雪,铃音吹雪,5153.2
7362,圣聆初雪,铃音吹雪,5153.2
7363,圣聆初雪,铃音吹雪,5153.2
7364,圣聆初雪,铃音吹雪,5153.2
7365,圣聆初雪,铃音吹雪,5153.2
7366,圣聆初雪,铃音吹雪,5153.2
7367,圣聆初雪,铃音吹雪,5153.2
7368,圣聆初雪,铃音吹雪,5153.2
7369,圣聆初雪,铃音吹雪,5153.2
7370,圣聆初雪,铃音吹雪,5153.2
7371,圣聆初雪,铃音吹雪,5153.2
7372,圣聆初雪,铃音吹雪,5153.2
7373,圣聆初雪,铃音吹雪,5153.2
7374,圣聆初雪,铃音吹雪,5153.2
7375,圣聆初雪,铃音吹雪,5153.2
7376,圣聆初雪,铃音吹雪,5153.2
7377,圣聆初雪,铃音吹雪,5153.2
7378,圣聆初雪,铃音吹雪,5153.2
7379,圣聆初雪,铃音吹雪,5153.2
7380,圣聆初雪,铃音吹雪,5153.2
7381,圣聆初雪,铃音吹雪,5153.2
7382,圣聆初雪,铃音吹雪,5153.2
7383,圣聆初雪,铃音吹雪,5153.2
7384,圣聆初雪,铃音吹雪,5153.2
7385,圣聆初雪,铃音吹雪,5153.2
7386,圣聆初雪,铃音吹雪,5153.2
7387,圣聆初雪,铃音吹雪,5153.2
7388,圣聆初雪,铃音吹雪,5153.2
7389,圣聆初雪,铃音吹雪,5153.2
7390,圣聆初雪,铃音吹雪,5153.2
7391,圣聆初雪,铃音吹雪,5153.2
7392,圣聆初雪,铃音吹雪,5153.2
7393,圣聆初雪,铃音吹雪,5153.2
7394,圣聆初雪,铃音吹雪,5153.2
7395,圣聆初雪,铃音吹雪,5153.2
7396,圣聆初雪,铃音吹雪,5153.2
7397,圣聆初雪,铃音吹雪,5153.2
7398,圣聆初雪,铃音吹雪,5153.2
7399,圣聆初雪,铃音吹雪,5153.2
7400,圣聆初雪,铃音吹雪,5153.2
7401,圣聆初雪,铃音吹雪,5153.2
7402,圣聆初雪,铃音吹雪,5153.2
7403,圣聆初雪,铃音吹雪,5153.2
7404,圣聆初雪,铃音吹雪,5153.2
7405,圣聆初雪,铃音吹雪,5153.2
7406,圣聆初雪,铃音吹雪,5153.2
7407,圣聆初雪,铃音吹雪,5153.2
7408,圣聆初雪,铃音吹雪,5153.2
7409,圣聆初雪,铃音吹雪,5153.2
7410,圣聆初雪,铃音吹雪,5153.2
7411,圣聆初雪,铃音吹雪,5153.2
7412,圣聆初雪,铃音吹雪,5153.2
7413,圣聆初雪,铃音吹雪,5153.2
7414,圣聆初雪,铃音吹雪,5153.2
7415,圣聆初雪,铃音吹雪,5153.2
7416,圣聆初雪,铃音吹雪,5153.2
7417,圣聆初雪,铃音吹雪,5153.2
7418,圣聆初雪,铃音吹雪,5153.2
7419,圣聆初雪,铃音吹雪,5153.2
7420,圣聆初雪,铃音吹雪,5153.2
7421,圣聆初雪,铃音吹雪,5153.2
7422,圣聆初雪,铃音吹雪,5153.2
7423,圣聆初雪,铃音吹雪,5153.2
7424,圣聆初雪,铃音吹雪,5153.2
7425,圣聆初雪,铃音吹雪,5153.2
7426,圣聆初雪,铃音吹雪,5153.2
7427,圣聆初雪,铃音吹雪,5153.2
7428,圣聆初雪,铃音吹雪,5153.2
7429,圣聆初雪,铃音吹雪,5153.2
7430,圣聆初雪,铃音吹雪,5153.2
7431,圣聆初雪,铃音吹雪,5153.2
7432,圣聆初雪,铃音吹雪,5153.2
7433,圣聆初雪,铃音吹雪,5153.2
7434,圣聆初雪,铃音吹雪,5153.2
7435,圣聆初雪,铃音吹雪,5153.2
7436,圣聆初雪,铃音吹雪,5153.2
7437,圣聆初雪,铃音吹雪,5153.2
7438,圣聆初雪,铃音吹雪,5153.2
7439,圣聆初雪,铃音吹雪,5153.2
7440,圣聆初雪,铃音吹雪,5153.2
7441,圣聆初雪,铃音吹雪,5153.2
7442,圣聆初雪,铃音吹雪,5153.2
7443,圣聆初雪,铃音吹雪,5153.2
7444,圣聆初雪,铃音吹雪,5153.2
7445,圣聆初雪,铃音吹雪,5153.2
7446,圣聆初雪,铃音吹雪,5153.2
7447,圣聆初雪,铃音吹雪,5153.2
7448,圣聆初雪,铃音吹雪,5153.2
7449,圣聆初雪,铃音吹雪,5153.2
7450,圣聆初雪,铃音吹雪,5153.2
7451,圣聆初雪,铃音吹雪,5153.2
7452,圣聆初雪,铃音吹雪,5153.2
7453,圣聆初雪,铃音吹雪,5153.2
7454,圣聆初雪,铃音吹雪,5153.2
7455,圣聆初雪,铃音吹雪,5153.2
7456,圣聆初雪,铃音吹雪,5153.2
7457,圣聆初雪,铃音吹雪,5153.2
7458,圣聆初雪,铃音吹雪,5153.2
7459,圣聆初雪,铃音吹雪,5153.2
7460,圣聆初雪,铃音吹雪,5153.2
7461,圣聆初雪,铃音吹雪,5153.2
7462,圣聆初雪,铃音吹雪,5153.2
7463,圣聆初雪,铃音吹雪,5153.2
7464,圣聆初雪,铃音吹雪,5153.2
7465,圣聆初雪,铃音吹雪,5153.2
7466,圣聆初雪,铃音吹雪,5153.2
7467,圣聆初雪,铃音吹雪,5153.2
7468,圣聆初雪,铃音吹雪,5153.2
7469,圣聆初雪,铃音吹雪,5153.2
7470,圣聆初雪,铃音吹雪,5153.2
7471,圣聆初雪,铃音吹雪,5153.2
7472,圣聆初雪,铃音吹雪,5153.2
7473,圣聆初雪,铃音吹雪,5153.2
7474,圣聆初雪,铃音吹雪,5153.2
7475,圣聆初雪,铃音吹雪,5153.2
7476,圣聆初雪,铃音吹雪,5153.2
7477,圣聆初雪,铃音吹雪,5153.2
7478,圣聆初雪,铃音吹雪,5153.2
7479,圣聆初雪,铃音吹雪,5153.2
7480,圣聆初雪,铃音吹雪,5153.2
7481,圣聆初雪,铃音吹雪,5153.2
7482,圣聆初雪,铃音吹雪,5153.2
7483,圣聆初雪,铃音吹雪,5153.2
7484,圣聆初雪,铃音吹雪,5153.2
7485,圣聆初雪,铃音吹雪,5153.2
7486,圣聆初雪,铃音吹雪,5153.2
7487,圣聆初雪,铃音吹雪,5153.2
7488,圣聆初雪,铃音吹雪,5153.2
7489,圣聆初雪,铃音吹雪,5153.2
7490,圣聆初雪,铃音吹雪,5153.2
7491,圣聆初雪,铃音吹雪,5153.2
7492,圣聆初雪,铃音吹雪,5153.2
7493,圣聆初雪,铃音吹雪,5153.2
7494,圣聆初雪,铃音吹雪,5153.2
7495,圣聆初雪,铃音吹雪,5153.2
7496,圣聆初雪,铃音吹雪,5153.2
7497,圣聆初雪,铃音吹雪,5153.2
7498,圣聆初雪,铃音吹雪,5153.2
7499,圣聆初雪,铃音吹雪,5153.2
7500,圣聆初雪,铃音吹雪,5153.2
7501,圣聆初雪,铃音吹雪,5153.2
7502,圣聆初雪,铃音吹雪,5153.2
7503,圣聆初雪,铃音吹雪,5153.2
7504,圣聆初雪,铃音吹雪,5153.2
7505,圣聆初雪,铃音吹雪,5153.2
7506,圣聆初雪,铃音吹雪,5153.2
7507,圣聆初雪,铃音吹雪,5153.2
7508,圣聆初雪,铃音吹雪,5153.2
7509,圣聆初雪,铃音吹雪,5153.2
7510,圣聆初雪,铃音吹雪,5153.2
7511,圣聆初雪,铃音吹雪,5153.2
7512,圣聆初雪,铃音吹雪,5153.2
7513,圣聆初雪,铃音吹雪,5153.2
7514,圣聆初雪,铃音吹雪,5153.2
7515,圣聆初雪,铃音吹雪,5153.2
7516,圣聆初雪,铃音吹雪,5153.2
7517,圣聆初雪,铃音吹雪,5153.2
7518,圣聆初雪,铃音吹雪,5153.2
7519,圣聆初雪,铃音吹雪,5153.2
7520,圣聆初雪,铃音吹雪,5153.2
7521,圣聆初雪,铃音吹雪,5153.2
7522,圣聆初雪,铃音吹雪,5153.2
7523,圣聆初雪,铃音吹雪,5153.2
7524,圣聆初雪,铃音吹雪,5153.2
7525,圣聆初雪,铃音吹雪,5153.2
7526,圣聆初雪,铃音吹雪,5153.2
7527,圣聆初雪,铃音吹雪,5153.2
7528,圣聆初雪,铃音吹雪,5153.2
7529,圣聆初雪,铃音吹雪,5153.2
7530,圣聆初雪,铃音吹雪,5153.2
7531,圣聆初雪,铃音吹雪,5153.2
7532,圣聆初雪,铃音吹雪,5153.2
7533,圣聆初雪,铃音吹雪,5153.2
7534,圣聆初雪,铃音吹雪,5153.2
7535,圣聆初雪,铃音吹雪,5153.2
7536,圣聆初雪,铃音吹雪,5153.2
7537,圣聆初雪,铃音吹雪,5153.2
7538,圣聆初雪,铃音吹雪,5153.2
7539,圣聆初雪,铃音吹雪,5153.2
7540,圣聆初雪,铃音吹雪,5153.2
7541,圣聆初雪,铃音吹雪,5153.2
7542,圣聆初雪,铃音吹雪,5153.2
7543,圣聆初雪,铃音吹雪,5153.2
7544,圣聆初雪,铃音吹雪,5153.2
7545,圣聆初雪,铃音吹雪,5153.2
7546,圣聆初雪,铃音吹雪,5153.2
7547,圣聆初雪,铃音吹雪,5153.2
7548,圣聆初雪,铃音吹雪,5153.2
7549,圣聆初雪,铃音吹雪,5153.2
7550,圣聆初雪,铃音吹雪,5153.2
7551,圣聆初雪,铃音吹雪,5153.2
7552,圣聆初雪,铃音吹雪,5153.2
7553,圣聆初雪,铃音吹雪,5153.2
7554,圣聆初雪,铃音吹雪,5153.2
7555,圣聆初雪,铃音吹雪,5153.2
7556,圣聆初雪,铃音吹雪,5153.2
7557,圣聆初雪,铃音吹雪,5153.2
7558,圣聆初雪,铃音吹雪,5153.2
7559,圣聆初雪,铃音吹雪,5153.2
7560,圣聆初雪,铃音吹雪,5153.2
7561,圣聆初雪,铃音吹雪,5153.2
7562,圣聆初雪,铃音吹雪,5153.2
7563,圣聆初雪,铃音吹雪,5153.2
7564,圣聆初雪,铃音吹雪,5153.2
7565,圣聆初雪,铃音吹雪,5153.2
7566,圣聆初雪,铃音吹雪,5153.2
7567,圣聆初雪,铃音吹雪,5153.2
7568,圣聆初雪,铃音吹雪,5153.2
7569,圣聆初雪,铃音吹雪,5153.2
7570,圣聆初雪,铃音吹雪,5153.2
7571,圣聆初雪,铃音吹雪,5153.2
7572,圣聆初雪,铃音吹雪,5153.2
7573,圣聆初雪,铃音吹雪,5153.2
7574,圣聆初雪,铃音吹雪,5153.2
7575,圣聆初雪,铃音吹雪,5153.2
7576,圣聆初雪,铃音吹雪,5153.2
7577,圣聆初雪,铃音吹雪,5153.2
7578,圣聆初雪,铃音吹雪,5153.2
7579,圣聆初雪,铃音吹雪,5153.2
7580,圣聆初雪,铃音吹雪,5153.2
7581,圣聆初雪,铃音吹雪,5153.2
7582,圣聆初雪,铃音吹雪,5153.2
7583,圣聆初雪,铃音吹雪,5153.2
7584,圣聆初雪,铃音吹雪,5153.2
7585,圣聆初雪,铃音吹雪,5153.2
7586,圣聆初雪,铃音吹雪,5153.2
7587,圣聆初雪,铃音吹雪,5153.2
7588,圣聆初雪,铃音吹雪,5153.2
7589,圣聆初雪,铃音吹雪,5153.2
7590,圣聆初雪,铃音吹雪,5153.2
7591,圣聆初雪,铃音吹雪,5153.2
7592,圣聆初雪,铃音吹雪,5153.2
7593,圣聆初雪,铃音吹雪,5153.2
7594,圣聆初雪,铃音吹雪,5153.2
7595,圣聆初雪,铃音吹雪,5153.2
7596,圣聆初雪,铃音吹雪,5153.2
7597,圣聆初雪,铃音吹雪,5153.2
7598,圣聆初雪,铃音吹雪,5153.2
7599,圣聆初雪,铃音吹雪,5153.2
7600,圣聆初雪,铃音吹雪,5153.2
7601,圣聆初雪,铃音吹雪,5153.2
7602,圣聆初雪,铃音吹雪,5153.2
7603,圣聆初雪,铃音吹雪,5153.2
7604,圣聆初雪,铃音吹雪,5153.2
7605,圣聆初雪,铃音吹雪,5153.2
7606,圣聆初雪,铃音吹雪,5153.2
7607,圣聆初雪,铃音吹雪,5153.2
7608,圣聆初雪,铃音吹雪,5153.2
7609,圣聆初雪,铃音吹雪,5153.2
7610,圣聆初雪,铃音吹雪,5153.2
7611,圣聆初雪,铃音吹雪,5153.2
7612,圣聆初雪,铃音吹雪,5153.2
7613,圣聆初雪,铃音吹雪,5153.2
7614,圣聆初雪,铃音吹雪,5153.2
7615,圣聆初雪,铃音吹雪,5153.2
7616,圣聆初雪,铃音吹雪,5153.2
7617,圣聆初雪,铃音吹雪,5153.2
7618,圣聆初雪,铃音吹雪,5153.2
7619,圣聆初雪,铃音吹雪,5153.2
7620,圣聆初雪,铃音吹雪,5153.2
7621,圣聆初雪,铃音吹雪,5153.2
7622,圣聆初雪,铃音吹雪,5153.2
7623,圣聆初雪,铃音吹雪,5153.2
7624,圣聆初雪,铃音吹雪,5153.2
7625,圣聆初雪,铃音吹雪,5153.2
7626,圣聆初雪,铃音吹雪,5153.2
7627,圣聆初雪,铃音吹雪,5153.2
7628,圣聆初雪,铃音吹雪,5153.2
7629,圣聆初雪,铃音吹雪,5153.2
7630,圣聆初雪,铃音吹雪,5153.2
7631,圣聆初雪,铃音吹雪,5153.2
7632,圣聆初雪,铃音吹雪,5153.2
7633,圣聆初雪,铃音吹雪,5153.2
7634,圣聆初雪,铃音吹雪,5153.2
7635,圣聆初雪,铃音吹雪,5153.2
7636,圣聆初雪,铃音吹雪,5153.2
7637,圣聆初雪,铃音吹雪,5153.2
7638,圣聆初雪,铃音吹雪,5153.2
7639,圣聆初雪,铃音吹雪,5153.2
7640,圣聆初雪,铃音吹雪,5153.2
7641,圣聆初雪,铃音吹雪,5153.2
7642,圣聆初雪,铃音吹雪,5153.2
7643,圣聆初雪,铃音吹雪,5153.2
7644,圣聆初雪,铃音吹雪,5153.2
7645,圣聆初雪,铃音吹雪,5153.2
7646,圣聆初雪,铃音吹雪,5153.2
7647,圣聆初雪,铃音吹雪,5153.2
7648,圣聆初雪,铃音吹雪,5153.2
7649,圣聆初雪,铃音吹雪,5153.2
7650,圣聆初雪,铃音吹雪,5153.2
7651,圣聆初雪,铃音吹雪,5153.2
7652,圣聆初雪,铃音吹雪,5153.2
7653,圣聆初雪,铃音吹雪,5153.2
7654,圣聆初雪,铃音吹雪,5153.2
7655,圣聆初雪,铃音吹雪,5153.2
7656,圣聆初雪,铃音吹雪,5153.2
7657,圣聆初雪,铃音吹雪,5153.2
7658,圣聆初雪,铃音吹雪,5153.2
7659,圣聆初雪,铃音吹雪,5153.2
7660,圣聆初雪,铃音吹雪,5153.2
7661,圣聆初雪,铃音吹雪,5153.2
7662,圣聆初雪,铃音吹雪,5153.2
7663,圣聆初雪,铃音吹雪,5153.2
7664,圣聆初雪,铃音吹雪,5153.2
7665,圣聆初雪,铃音吹雪,5153.2
7666,圣聆初雪,铃音吹雪,5153.2
7667,圣聆初雪,铃音吹雪,5153.2
7668,圣聆初雪,铃音吹雪,5153.2
7669,圣聆初雪,铃音吹雪,5153.2
7670,圣聆初雪,铃音吹雪,5153.2
7671,圣聆初雪,铃音吹雪,5153.2
7672,圣聆初雪,铃音吹雪,5153.2
7673,圣聆初雪,铃音吹雪,5153.2
7674,圣聆初雪,铃音吹雪,5153.2
7675,圣聆初雪,铃音吹雪,5153.2
7676,圣聆初雪,铃音吹雪,5153.2
7677,圣聆初雪,铃音吹雪,5153.2
7678,圣聆初雪,铃音吹雪,5153.2
7679,圣聆初雪,铃音吹雪,5153.2
7680,圣聆初雪,铃音吹雪,5153.2
7681,圣聆初雪,铃音吹雪,5153.2
7682,圣聆初雪,铃音吹雪,5153.2
7683,圣聆初雪,铃音吹雪,5153.2
7684,圣聆初雪,铃音吹雪,5153.2
7685,圣聆初雪,铃音吹雪,5153.2
7686,圣聆初雪,铃音吹雪,5153.2
7687,圣聆初雪,铃音吹雪,5153.2
7688,圣聆初雪,铃音吹雪,5153.2
7689,圣聆初雪,铃音吹雪,5153.2
7690,圣聆初雪,铃音吹雪,5153.2
7691,圣聆初雪,铃音吹雪,5153.2
7692,圣聆初雪,铃音吹雪,5153.2
7693,圣聆初雪,铃音吹雪,5153.2
7694,圣聆初雪,铃音吹雪,5153.2
7695,圣聆初雪,铃音吹雪,5153.2
7696,圣聆初雪,铃音吹雪,5153.2
7697,圣聆初雪,铃音吹雪,5153.2
7698,圣聆初雪,铃音吹雪,5153.2
7699,圣聆初雪,铃音吹雪,5153.2
7700,圣聆初雪,铃音吹雪,5153.2
7701,圣聆初雪,铃音吹雪,5153.2
7702,圣聆初雪,铃音吹雪,5153.2
7703,圣聆初雪,铃音吹雪,5153.2
7704,圣聆初雪,铃音吹雪,5153.2
7705,圣聆初雪,铃音吹雪,5153.2
7706,圣聆初雪,铃音吹雪,5153.2
7707,圣聆初雪,铃音吹雪,5153.2
7708,圣聆初雪,铃音吹雪,5153.2
7709,圣聆初雪,铃音吹雪,5153.2
7710,圣聆初雪,铃音吹雪,5153.2
7711,圣聆初雪,铃音吹雪,5153.2
7712,圣聆初雪,铃音吹雪,5153.2
7713,圣聆初雪,铃音吹雪,5153.2
7714,圣聆初雪,铃音吹雪,5153.2
7715,圣聆初雪,铃音吹雪,5153.2
7716,圣聆初雪,铃音吹雪,5153.2
7717,圣聆初雪,铃音吹雪,5153.2
7718,圣聆初雪,铃音吹雪,5153.2
7719,圣聆初雪,铃音吹雪,5153.2
7720,圣聆初雪,铃音吹雪,5153.2
7721,圣聆初雪,铃音吹雪,5153.2
7722,圣聆初雪,铃音吹雪,5153.2
7723,圣聆初雪,铃音吹雪,5153.2
7724,圣聆初雪,铃音吹雪,5153.2
7725,圣聆初雪,铃音吹雪,5153.2
7726,圣聆初雪,铃音吹雪,5153.2
7727,圣聆初雪,铃音吹雪,5153.2
7728,圣聆初雪,铃音吹雪,5153.2
7729,圣聆初雪,铃音吹雪,5153.2
7730,圣聆初雪,铃音吹雪,5153.2
7731,圣聆初雪,铃音吹雪,5153.2
7732,圣聆初雪,铃音吹雪,5153.2
7733,圣聆初雪,铃音吹雪,5153.2
7734,圣聆初雪,铃音吹雪,5153.2
7735,圣聆初雪,铃音吹雪,5153.2
7736,圣聆初雪,铃音吹雪,5153.2
7737,圣聆初雪,铃音吹雪,5153.2
7738,圣聆初雪,铃音吹雪,5153.2
7739,圣聆初雪,铃音吹雪,5153.2
7740,圣聆初雪,铃音吹雪,5153.2
7741,圣聆初雪,铃音吹雪,5153.2
7742,圣聆初雪,铃音吹雪,5153.2
7743,圣聆初雪,铃音吹雪,5153.2
7744,圣聆初雪,铃音吹雪,5153.2
7745,圣聆初雪,铃音吹雪,5153.2
7746,圣聆初雪,铃音吹雪,5153.2
7747,圣聆初雪,铃音吹雪,5153.2
7748,圣聆初雪,铃音吹雪,5153.2
7749,圣聆初雪,铃音吹雪,5153.2
7750,圣聆初雪,铃音吹雪,5153.2
7751,圣聆初雪,铃音吹雪,5153.2
7752,圣聆初雪,铃音吹雪,5153.2
7753,圣聆初雪,铃音吹雪,5153.2
7754,圣聆初雪,铃音吹雪,5153.2
7755,圣聆初雪,铃音吹雪,5153.2
7756,圣聆初雪,铃音吹雪,5153.2
7757,圣聆初雪,铃音吹雪,5153.2
7758,圣聆初雪,铃音吹雪,5153.2
7759,圣聆初雪,铃音吹雪,5153.2
7760,圣聆初雪,铃音吹雪,5153.2
7761,圣聆初雪,铃音吹雪,5153.2
7762,圣聆初雪,铃音吹雪,5153.2
7763,圣聆初雪,铃音吹雪,5153.2
7764,圣聆初雪,铃音吹雪,5153.2
7765,圣聆初雪,铃音吹雪,5153.2
7766,圣聆初雪,铃音吹雪,5153.2
7767,圣聆初雪,铃音吹雪,5153.2
7768,圣聆初雪,铃音吹雪,5153.2
7769,圣聆初雪,铃音吹雪,5153.2
7770,圣聆初雪,铃音吹雪,5153.2
7771,圣聆初雪,铃音吹雪,5153.2
7772,圣聆初雪,铃音吹雪,5153.2
7773,圣聆初雪,铃音吹雪,5153.2
7774,圣聆初雪,铃音吹雪,5153.2
7775,圣聆初雪,铃音吹雪,5153.2
7776,圣聆初雪,铃音吹雪,5153.2
7777,圣聆初雪,铃音吹雪,5153.2
7778,圣聆初雪,铃音吹雪,5153.2
7779,圣聆初雪,铃音吹雪,5153.2
7780,圣聆初雪,铃音吹雪,5153.2
7781,圣聆初雪,铃音吹雪,5153.2
7782,圣聆初雪,铃音吹雪,5153.2
7783,圣聆初雪,铃音吹雪,5153.2
7784,圣聆初雪,铃音吹雪,5153.2
7785,圣聆初雪,铃音吹雪,5153.2
7786,圣聆初雪,铃音吹雪,5153.2
7787,圣聆初雪,铃音吹雪,5153.2
7788,圣聆初雪,铃音吹雪,5153.2
7789,圣聆初雪,铃音吹雪,5153.2
7790,圣聆初雪,铃音吹雪,5153.2
7791,圣聆初雪,铃音吹雪,5153.2
7792,圣聆初雪,铃音吹雪,5153.2
7793,圣聆初雪,铃音吹雪,5153.2
7794,圣聆初雪,铃音吹雪,5153.2
7795,圣聆初雪,铃音吹雪,5153.2
7796,圣聆初雪,铃音吹雪,5153.2
7797,圣聆初雪,铃音吹雪,5153.2
7798,圣聆初雪,铃音吹雪,5153.2
7799,圣聆初雪,铃音吹雪,5153.2
7800,圣聆初雪,铃音吹雪,5153.2
7801,圣聆初雪,铃音吹雪,5153.2
7802,圣聆初雪,铃音吹雪,5153.2
7803,圣聆初雪,铃音吹雪,5153.2
7804,圣聆初雪,铃音吹雪,5153.2
7805,圣聆初雪,铃音吹雪,5153.2
7806,圣聆初雪,铃音吹雪,5153.2
7807,圣聆初雪,铃音吹雪,5153.2
7808,圣聆初雪,铃音吹雪,5153.2
7809,圣聆初雪,铃音吹雪,5153.2
7810,圣聆初雪,铃音吹雪,5153.2
7811,圣聆初雪,铃音吹雪,5153.2
7812,圣聆初雪,铃音吹雪,5153.2
7813,圣聆初雪,铃音吹雪,5153.2
7814,圣聆初雪,铃音吹雪,5153.2
7815,圣聆初雪,铃音吹雪,5153.2
7816,圣聆初雪,铃音吹雪,5153.2
7817,圣聆初雪,铃音吹雪,5153.2
7818,圣聆初雪,铃音吹雪,5153.2
7819,圣聆初雪,铃音吹雪,5153.2
7820,圣聆初雪,铃音吹雪,5153.2
7821,圣聆初雪,铃音吹雪,5153.2
7822,圣聆初雪,铃音吹雪,5153.2
7823,圣聆初雪,铃音吹雪,5153.2
7824,圣聆初雪,铃音吹雪,5153.2
7825,圣聆初雪,铃音吹雪,5153.2
7826,圣聆初雪,铃音吹雪,5153.2
7827,圣聆初雪,铃音吹雪,5153.2
7828,圣聆初雪,铃音吹雪,5153.2
7829,圣聆初雪,铃音吹雪,5153.2
7830,圣聆初雪,铃音吹雪,5153.2
7831,圣聆初雪,铃音吹雪,5153.2
7832,圣聆初雪,铃音吹雪,5153.2
7833,圣聆初雪,铃音吹雪,5153.2
7834,圣聆初雪,铃音吹雪,5153.2
7835,圣聆初雪,铃音吹雪,5153.2
7836,圣聆初雪,铃音吹雪,5153.2
7837,圣聆初雪,铃音吹雪,5153.2
7838,圣聆初雪,铃音吹雪,5153.2
7839,圣聆初雪,铃音吹雪,5153.2
7840,圣聆初雪,铃音吹雪,5153.2
7841,圣聆初雪,铃音吹雪,5153.2
7842,圣聆初雪,铃音吹雪,5153.2
7843,圣聆初雪,铃音吹雪,5153.2
7844,圣聆初雪,铃音吹雪,5153.2
7845,圣聆初雪,铃音吹雪,5153.2
7846,圣聆初雪,铃音吹雪,5153.2
7847,圣聆初雪,铃音吹雪,5153.2
7848,圣聆初雪,铃音吹雪,5153.2
7849,圣聆初雪,铃音吹雪,5153.2
7850,圣聆初雪,铃音吹雪,5153.2
7851,圣聆初雪,铃音吹雪,5153.2
7852,圣聆初雪,铃音吹雪,5153.2
7853,圣聆初雪,铃音吹雪,5153.2
7854,圣聆初雪,铃音吹雪,5153.2
7855,圣聆初雪,铃音吹雪,5153.2
7856,圣聆初雪,铃音吹雪,5153.2
7857,圣聆初雪,铃音吹雪,5153.2
7858,圣聆初雪,铃音吹雪,5153.2
7859,圣聆初雪,铃音吹雪,5153.2
7860,圣聆初雪,铃音吹雪,5153.2
7861,圣聆初雪,铃音吹雪,5153.2
7862,圣聆初雪,铃音吹雪,5153.2
7863,圣聆初雪,铃音吹雪,5153.2
7864,圣聆初雪,铃音吹雪,5153.2
7865,圣聆初雪,铃音吹雪,5153.2
7866,圣聆初雪,铃音吹雪,5153.2
7867,圣聆初雪,铃音吹雪,5153.2
7868,圣聆初雪,铃音吹雪,5153.2
7869,圣聆初雪,铃音吹雪,5153.2
7870,圣聆初雪,铃音吹雪,5153.2
7871,圣聆初雪,铃音吹雪,5153.2
7872,圣聆初雪,铃音吹雪,5153.2
7873,圣聆初雪,铃音吹雪,5153.2
7874,圣聆初雪,铃音吹雪,5153.2
7875,圣聆初雪,铃音吹雪,5153.2
7876,圣聆初雪,铃音吹雪,5153.2
7877,圣聆初雪,铃音吹雪,5153.2
7878,圣聆初雪,铃音吹雪,5153.2
7879,圣聆初雪,铃音吹雪,5153.2
7880,圣聆初雪,铃音吹雪,5153.2
7881,圣聆初雪,铃音吹雪,5153.2
7882,圣聆初雪,铃音吹雪,5153.2
7883,圣聆初雪,铃音吹雪,5153.2
7884,圣聆初雪,铃音吹雪,5153.2
7885,圣聆初雪,铃音吹雪,5153.2
7886,圣聆初雪,铃音吹雪,5153.2
7887,圣聆初雪,铃音吹雪,5153.2
7888,圣聆初雪,铃音吹雪,5153.2
7889,圣聆初雪,铃音吹雪,5153.2
7890,圣聆初雪,铃音吹雪,5153.2
7891,圣聆初雪,铃音吹雪,5153.2
7892,圣聆初雪,铃音吹雪,5153.2
7893,圣聆初雪,铃音吹雪,5153.2
7894,圣聆初雪,铃音吹雪,5153.2
7895,圣聆初雪,铃音吹雪,5153.2
7896,圣聆初雪,铃音吹雪,5153.2
7897,圣聆初雪,铃音吹雪,5153.2
7898,圣聆初雪,铃音吹雪,5153.2
7899,圣聆初雪,铃音吹雪,5153.2
7900,圣聆初雪,铃音吹雪,5153.2
7901,圣聆初雪,铃音吹雪,5153.2
7902,圣聆初雪,铃音吹雪,5153.2
7903,圣聆初雪,铃音吹雪,5153.2
7904,圣聆初雪,铃音吹雪,5153.2
7905,圣聆初雪,铃音吹雪,5153.2
7906,圣聆初雪,铃音吹雪,5153.2
7907,圣聆初雪,铃音吹雪,5153.2
7908,圣聆初雪,铃音吹雪,5153.2
7909,圣聆初雪,铃音吹雪,5153.2
7910,圣聆初雪,铃音吹雪,5153.2
7911,圣聆初雪,铃音吹雪,5153.2
7912,圣聆初雪,铃音吹雪,5153.2
7913,圣聆初雪,铃音吹雪,5153.2
7914,圣聆初雪,铃音吹雪,5153.2
7915,圣聆初雪,铃音吹雪,5153.2
7916,圣聆初雪,铃音吹雪,5153.2
7917,圣聆初雪,铃音吹雪,5153.2
7918,圣聆初雪,铃音吹雪,5153.2
7919,圣聆初雪,铃音吹雪,5153.2
7920,圣聆初雪,铃音吹雪,5153.2
7921,圣聆初雪,铃音吹雪,5153.2
7922,圣聆初雪,铃音吹雪,5153.2
7923,圣聆初雪,铃音吹雪,5153.2
7924,圣聆初雪,铃音吹雪,5153.2
7925,圣聆初雪,铃音吹雪,5153.2
7926,圣聆初雪,铃音吹雪,5153.2
7927,圣聆初雪,铃音吹雪,5153.2
7928,圣聆初雪,铃音吹雪,5153.2
7929,圣聆初雪,铃音吹雪,5153.2
7930,圣聆初雪,铃音吹雪,5153.2
7931,圣聆初雪,铃音吹雪,5153.2
7932,圣聆初雪,铃音吹雪,5153.2
7933,圣聆初雪,铃音吹雪,5153.2
7934,圣聆初雪,铃音吹雪,5153.2
7935,圣聆初雪,铃音吹雪,5153.2
7936,圣聆初雪,铃音吹雪,5153.2
7937,圣聆初雪,铃音吹雪,5153.2
7938,圣聆初雪,铃音吹雪,5153.2
7939,圣聆初雪,铃音吹雪,5153.2
7940,圣聆初雪,铃音吹雪,5153.2
7941,圣聆初雪,铃音吹雪,5153.2
7942,圣聆初雪,铃音吹雪,5153.2
7943,圣聆初雪,铃音吹雪,5153.2
7944,圣聆初雪,铃音吹雪,5153.2
7945,圣聆初雪,铃音吹雪,5153.2
7946,圣聆初雪,铃音吹雪,5153.2
7947,圣聆初雪,铃音吹雪,5153.2
7948,圣聆初雪,铃音吹雪,5153.2
7949,圣聆初雪,铃音吹雪,5153.2
7950,圣聆初雪,铃音吹雪,5153.2
7951,圣聆初雪,铃音吹雪,5153.2
7952,圣聆初雪,铃音吹雪,5153.2
7953,圣聆初雪,铃音吹雪,5153.2
7954,圣聆初雪,铃音吹雪,5153.2
7955,圣聆初雪,铃音吹雪,5153.2
7956,圣聆初雪,铃音吹雪,5153.2
7957,圣聆初雪,铃音吹雪,5153.2
7958,圣聆初雪,铃音吹雪,5153.2
7959,圣聆初雪,铃音吹雪,5153.2
7960,圣聆初雪,铃音吹雪,5153.2
7961,圣聆初雪,铃音吹雪,5153.2
7962,圣聆初雪,铃音吹雪,5153.2
7963,圣聆初雪,铃音吹雪,5153.2
7964,圣聆初雪,铃音吹雪,5153.2
7965,圣聆初雪,铃音吹雪,5153.2
7966,圣聆初雪,铃音吹雪,5153.2
7967,圣聆初雪,铃音吹雪,5153.2
7968,圣聆初雪,铃音吹雪,5153.2
7969,圣聆初雪,铃音吹雪,5153.2
7970,圣聆初雪,铃音吹雪,5153.2
7971,圣聆初雪,铃音吹雪,5153.2
7972,圣聆初雪,铃音吹雪,5153.2
7973,圣聆初雪,铃音吹雪,5153.2
7974,圣聆初雪,铃音吹雪,5153.2
7975,圣聆初雪,铃音吹雪,5153.2
7976,圣聆初雪,铃音吹雪,5153.2
7977,圣聆初雪,铃音吹雪,5153.2
7978,圣聆初雪,铃音吹雪,5153.2
7979,圣聆初雪,铃音吹雪,5153.2
7980,圣聆初雪,铃音吹雪,5153.2
7981,圣聆初雪,铃音吹雪,5153.2
7982,圣聆初雪,铃音吹雪,5153.2
7983,圣聆初雪,铃音吹雪,5153.2
7984,圣聆初雪,铃音吹雪,5153.2
7985,圣聆初雪,铃音吹雪,5153.2
7986,圣聆初雪,铃音吹雪,5153.2
7987,圣聆初雪,铃音吹雪,5153.2
7988,圣聆初雪,铃音吹雪,5153.2
7989,圣聆初雪,铃音吹雪,5153.2
7990,圣聆初雪,铃音吹雪,5153.2
7991,圣聆初雪,铃音吹雪,5153.2
7992,圣聆初雪,铃音吹雪,5153.2
7993,圣聆初雪,铃音吹雪,5153.2
7994,圣聆初雪,铃音吹雪,5153.2
7995,圣聆初雪,铃音吹雪,5153.2
7996,圣聆初雪,铃音吹雪,5153.2
7997,圣聆初雪,铃音吹雪,5153.2
7998,圣聆初雪,铃音吹雪,5153.2
7999,圣聆初雪,铃音吹雪,5153.2
8000,圣聆初雪,铃音吹雪,5153.2
