char_name,profession,sub_profession,rarity,skill_index,skill_name,damage_type,scenario,target_def,target_res,atk_final,atk_base,trust_atk,pot_atk,mod_atk,tal_atk_pct,mult,hit_times,max_target,duration,interval,attack_count,per_hit_raw,per_hit_eff,burst_raw,burst_eff,dps_eff,cycle_dps_eff,heal_total,heal_dps,heal_cycle_dps,chain_times,aoe_total_raw,elemental_total,elemental_dps,time_to_burst,burst_trigger_dps,burst_extra_dps,burst_dps,sp_type,sp_cost,init_sp,module_used
阿,SPECIAL,geek,5,2,爆发剂·榴莲味,physical,base,0,0,828.0,703.0,50.0,0.0,75.0,0.0,1.5,1,1,20.0,0.8387096774193549,23,1242.0,1242.0,28566,28566,1428.3,1142.6,,,,,,,,,,,,1,35,30,毒医残章
艾拉,SPECIAL,traper,5,2,“博萨克风暴”,physical,base,0,0,728.0,588.0,80.0,0.0,60.0,0.0,2.565,1,1,20.0,0.5,40,1867.3,1867.3,74692,74692,3734.6,1436.4,,,,,,,,,,,,1,34,16,社会期望背包
艾丽妮,WARRIOR,sword,5,0,起风,physical,base,0,0,781.0,621.0,80.0,0.0,80.0,0.0,2.0,1,1,,,1,1562.0,1562.0,1562,1562,,,,,,,,,,,,,,2,3,0,审判官口粮
艾丽妮,WARRIOR,sword,5,1,裂潮,physical,base,0,0,781.0,621.0,80.0,0.0,80.0,0.0,4.0,1,6.0,,,1,3124.0,3124.0,3124,3124,,,,,,,18744,,,,,,,2,8,6,审判官口粮
艾丽妮,WARRIOR,sword,5,2,判决,physical,base,0,0,781.0,621.0,80.0,0.0,80.0,0.0,3.0,1,1,,,1,2343.0,2343.0,2343,2343,,,,,,,,,,,,,,2,24,16,审判官口粮
艾雅法拉,CASTER,corecaster,5,1,点燃,arts,base,0,0,976.0,645.0,90.0,0.0,65.0,0.22,1.85,1,1,6.0,,1,1805.6,1805.6,1805,1805,300.9,164.1,,,,,,,,,,,,1,5,0,“错过的声音”
艾雅法拉,CASTER,corecaster,5,2,火山,arts,base,0,0,976.0,645.0,90.0,0.0,65.0,0.22,2.3,1,6.0,15.0,0.5,30,2244.8,2244.8,67343,67343,4489.6,1683.6,,,,,404063,,,,,,,1,80,55,“错过的声音”
安洁莉娜,SUPPORT,slower,5,0,秘杖·速充模式,arts,base,0,0,682.0,542.0,75.0,0.0,65.0,0.0,2.1,1,1,35.0,1.7757009345794392,19,1432.2,1432.2,27211,27211,777.5,,,,,,,,,,,,,2,10,0,安洁莉娜特限证章
安洁莉娜,SUPPORT,slower,5,1,秘杖·微粒模式,arts,base,0,0,682.0,542.0,75.0,0.0,65.0,0.0,0.45,1,1,30.0,1.9158878504672894,15,306.9,306.9,4603,4603,153.5,131.5,,,,,,,,,,,,1,15,10,安洁莉娜特限证章
安洁莉娜,SUPPORT,slower,5,2,秘杖·反重力模式,arts,base,0,0,682.0,542.0,75.0,0.0,65.0,0.0,2.5,1,5.0,25.0,1.7757009345794392,14,1705.0,1705.0,23870,23870,954.8,596.8,,,,,119350,,,,,,,1,25,10,安洁莉娜特限证章
阿斯卡纶,SPECIAL,stalker,5,0,追袭,physical,base,0,0,1034.0,954.0,0.0,0.0,80.0,0.0,2.1,1,1,,,3,2171.4,2171.4,6514,6514,,383.2,,,,,,,,,,,,1,7,4,“阿斯卡纶的眼睛”
阿斯卡纶,SPECIAL,stalker,5,1,恩赐,physical,base,0,0,1034.0,954.0,0.0,0.0,80.0,0.0,2.3,1,1,35.0,3.240740740740741,10,2378.2,2378.2,23782,23782,679.5,594.5,,,,,,,,,,,,1,20,15,“阿斯卡纶的眼睛”
阿斯卡纶,SPECIAL,stalker,5,2,降临,physical,base,0,0,1034.0,954.0,0.0,0.0,80.0,0.0,1.5,1,1,45.0,1.8518518518518519,24,1551.0,1551.0,37224,37224,827.2,676.8,,,,,,,,,,,,1,45,35,“阿斯卡纶的眼睛”
百炼嘉维尔,WARRIOR,centurion,5,0,精准痛击,physical,base,0,0,1004.6,766.0,50.0,0.0,73.0,0.13,1.8,1,1,25.0,,1,1808.2,1808.2,1808,1808,72.3,45.2,,,,,,,,,,,,1,25,10,嘉维尔的折磨
百炼嘉维尔,WARRIOR,centurion,5,1,链锯强袭,physical,base,0,0,1004.6,766.0,50.0,0.0,73.0,0.13,2.8,1,1,40.0,,1,2812.8,2812.8,2812,2812,70.3,56.3,,,,,,,,,,,,1,35,25,嘉维尔的折磨
百炼嘉维尔,WARRIOR,centurion,5,2,丛林之魂,physical,base,0,0,1004.6,766.0,50.0,0.0,73.0,0.13,2.4,1,1,25.0,0.6,41,2411.0,2411.0,98849,98849,3954.0,2824.3,,,,,,,,,,,,1,35,25,嘉维尔的折磨
白铁,SUPPORT,craftsman,5,0,极致火力,physical,base,0,0,678.0,593.0,40.0,0.0,45.0,0.0,2.0,1,1,20.0,1.4285714285714286,14,1356.0,1356.0,18984,18984,949.2,421.9,,,,,,,,,,,,1,45,20,铁钳号·爬行者
白铁,SUPPORT,craftsman,5,1,高效补给,arts,base,0,0,678.0,593.0,40.0,0.0,45.0,0.0,1.6,1,1,30.0,1.4285714285714286,21,1084.8,1084.8,22780,22780,759.4,414.2,,,,,,,,,,,,1,50,25,铁钳号·爬行者
白铁,SUPPORT,craftsman,5,2,铁钳号·原型机,physical,base,0,0,678.0,593.0,40.0,0.0,45.0,0.0,1.55,1,1,30.0,0.9375,32,1050.9,1050.9,33628,33628,1121.0,747.3,,,,,,,,,,,,1,35,20,铁钳号·爬行者
贝洛内,WARRIOR,fighter,5,0,家主的余裕,physical,base,0,0,745.0,605.0,60.0,0.0,80.0,0.0,2.5,1,1,,,1,1862.5,1862.5,1862,1862,,,,,,,,,,,,,,2,3,0,实用的工具
贝洛内,WARRIOR,fighter,5,1,军师的手段,physical,base,0,0,745.0,605.0,60.0,0.0,80.0,0.0,2.0,1,3.0,22.0,0.43333333333333335,50,1490.0,1490.0,74500,74500,3386.4,2483.3,,,,,223500,,,,,,,1,22,14,实用的工具
贝洛内,WARRIOR,fighter,5,2,清算,physical,base,0,0,745.0,605.0,60.0,0.0,80.0,0.0,1.85,1,1,30.0,,1,1378.2,1378.2,1378,1378,45.9,36.3,,,,,,,,,,,,1,35,27,实用的工具
陈,WARRIOR,sword,5,0,鞘击,physical,base,0,0,856.7,610.0,50.0,0.0,85.0,0.15,3.2,1,1,,,1,2741.6,2741.6,2741,2741,,,,,,,,,,,,,,2,4,0,往昔时光
陈,WARRIOR,sword,5,1,赤霄·拔刀,physical,base,0,0,856.7,610.0,50.0,0.0,85.0,0.15,5.0,1,7.0,,,1,4283.7,4283.7,4283,4283,,,,,,,29986,,,,,,,2,20,20,往昔时光
陈,WARRIOR,sword,5,2,赤霄·绝影,physical,base,0,0,856.7,610.0,50.0,0.0,85.0,0.15,3.2,1,1,,,1,2741.6,2741.6,2741,2741,,,,,,,,,,,,,,2,30,20,往昔时光
澄闪,CASTER,funnel,5,0,火花四溅,arts,base,0,0,436.0,331.0,60.0,0.0,45.0,0.0,1.4,1,1,25.0,0.8280254777070064,30,610.4,610.4,18312,18312,732.5,457.8,,,,,,,,,,,,1,35,20,梦想终将实现
澄闪,CASTER,funnel,5,1,电流翻涌,arts,base,0,0,436.0,331.0,60.0,0.0,45.0,0.0,1.6,1,1,,,1,697.6,697.6,697,697,,10.0,,,,,,,,,,,,1,70,0,梦想终将实现
澄闪,CASTER,funnel,5,2,澄净闪耀,arts,base,0,0,436.0,331.0,60.0,0.0,45.0,0.0,1.8,1,1,30.0,1.2149532710280373,24,784.8,784.8,18835,18835,627.8,392.4,,,,,,,,,,,,1,35,17,梦想终将实现
赤刃明霄陈,WARRIOR,artsfghter,5,0,赤霄·奔夜,physical,base,0,0,937.9,670.0,100.0,0.0,60.0,0.13,2.2,1,1,18.0,1.1061946902654867,16,2063.4,2063.4,33014,33014,1834.1,1179.1,,,,,,,,,,,,1,20,10,记忆残页
赤刃明霄陈,WARRIOR,artsfghter,5,1,赤霄·绝影-驰,arts,base,0,0,937.9,670.0,100.0,0.0,60.0,0.13,4.8,1,1,6.0,1.1061946902654867,5,4501.9,4501.9,22509,22509,3751.6,2046.3,,,,,,,,,,,,1,20,15,记忆残页
赤刃明霄陈,WARRIOR,artsfghter,5,2,赤霄·天喟,arts,base,0,0,937.9,670.0,100.0,0.0,60.0,0.13,2.1,1,4.0,20.0,1.1061946902654867,18,1969.6,1969.6,35452,35452,1772.6,1313.1,,,,,141810,,,,,,,1,25,18,记忆残页
斥罪,TANK,unyield,5,1,坚心苦修,arts,base,0,0,1001.0,876.0,40.0,0.0,85.0,0.0,1.4,1,1,20.0,,1,1401.4,1401.4,1401,1401,70.1,46.7,,,,,,,,,,,,1,30,20,“无罪”
斥罪,TANK,unyield,5,2,披荆斩棘,physical,base,0,0,1001.0,876.0,40.0,0.0,85.0,0.0,5.0,1,1,30.0,2.5,12,5005.0,5005.0,60060,60060,2002.0,,,,,,,,,,,,,4,20,0,“无罪”
重岳,WARRIOR,fighter,5,0,冲盈,physical,base,0,0,725.0,590.0,60.0,0.0,75.0,0.0,4.0,1,1,,,3,2900.0,2900.0,8700,8700,,,,,,,,,,,,,,2,3,0,“朔”
重岳,WARRIOR,fighter,5,1,拂尘,physical,base,0,0,725.0,590.0,60.0,0.0,75.0,0.0,4.5,1,4.0,,,1,3262.5,3262.5,3262,3262,,3262.5,,,,,13050,,,,,,,1,10,9,“朔”
重岳,WARRIOR,fighter,5,2,我无,physical,base,0,0,725.0,590.0,60.0,0.0,75.0,0.0,3.8,1,1,,,1,2755.0,2755.0,2755,2755,,,,,,,,,,,,,,2,8,0,“朔”
纯烬艾雅法拉,MEDIC,wandermedic,5,0,无声润物,none,base,0,0,529.0,424.0,45.0,0.0,60.0,0.0,1.4,1,1,,,1,740.6,,740,,,,740,,12.3,,,,,,,,,1,60,0,想要留下的生命
淬羽赫默,SUPPORT,blessing,5,0,进取之心,arts,base,0,0,592.0,467.0,55.0,0.0,70.0,0.0,1.8,1,1,25.0,,1,1065.6,1065.6,1065,1065,42.6,26.6,,,,,,,,,,,,1,30,15,难得清醒
淬羽赫默,SUPPORT,blessing,5,2,无畏者协议,arts,base,0,0,592.0,467.0,55.0,0.0,70.0,0.0,1.3,1,1,60.0,,1,769.6,769.6,769,769,12.8,11.0,,,,,,,,,,,,1,30,20,难得清醒
嵯峨,PIONEER,pioneer,5,1,除恶,physical,base,0,0,685.0,530.0,85.0,0.0,70.0,0.0,4.0,1,1,,,3,2740.0,2740.0,8220,8220,,283.4,,,,,,,,,,,,1,13,10,何处寻驮？
嵯峨,PIONEER,pioneer,5,2,怒目,physical,base,0,0,685.0,530.0,85.0,0.0,70.0,0.0,2.3,1,1,20.0,1.55,12,1575.5,1575.5,18905,18905,945.3,590.8,,,,,,,,,,,,1,40,28,何处寻驮？
电弧,SUPPORT,summoner,5,1,环形鳞地,arts,base,0,0,617.1,466.0,20.0,0.0,65.0,0.12,1.8,1,1,25.0,1.6,15,1110.8,1110.8,16662,16662,666.5,1851.4,,,,,,,,,,,,1,25,16,新起点
电弧,SUPPORT,summoner,5,2,手牵手,arts,base,0,0,617.1,466.0,20.0,0.0,65.0,0.12,3.375,1,1,30.0,,1,2082.8,2082.8,2082,2082,69.4,208.3,,,,,,,,,,,,1,40,30,新起点
涤火杰西卡,TANK,shotprotector,5,0,坚守阵线,physical,base,0,0,665.0,522.0,60.0,0.0,83.0,0.0,1.7,1,1,30.0,,1,1130.5,1130.5,1130,1130,37.7,11.3,,,,,,,,,,,,1,70,0,未曾风化
涤火杰西卡,TANK,shotprotector,5,1,掩蔽护卫,physical,base,0,0,665.0,522.0,60.0,0.0,83.0,0.0,1.75,1,1,15.0,0.29999999999999993,50,1163.8,1163.8,58187,58187,3879.2,2909.4,,,,,,,,,,,,1,30,25,未曾风化
涤火杰西卡,TANK,shotprotector,5,2,饱和迸射,physical,base,0,0,665.0,522.0,60.0,0.0,83.0,0.0,10.25,1,1,36.0,1.7999999999999998,20,6816.2,6816.2,136325,136325,3786.8,2963.6,,,,,,,,,,,,1,40,30,未曾风化
多萝西,SPECIAL,traper,5,0,危险目标清除,physical,base,0,0,735.4,581.0,80.0,0.0,60.0,0.02,4.5,1,1,5.0,,1,3309.4,3309.4,3309,3309,661.9,275.8,,,,,,,,,,,,1,12,0,梦中人
多萝西,SPECIAL,traper,5,1,流沙区域生成,physical,base,0,0,735.4,581.0,80.0,0.0,60.0,0.02,3.0,1,1,3.5,,1,2206.3,2206.3,2206,2206,630.4,183.9,,,,,,,,,,,,1,12,0,梦中人
多萝西,SPECIAL,traper,5,2,高速共振排障,arts,base,0,0,735.4,581.0,80.0,0.0,60.0,0.02,3.5,1,1,,,1,2574.0,2574.0,2573,2573,,214.5,,,,,,,,,,,,1,12,0,梦中人
菲亚梅塔,SNIPER,aoesniper,5,0,“你须直面”,physical,base,0,0,1051.0,861.0,100.0,0.0,90.0,0.0,2.0,1,1,30.0,1.78343949044586,16,2102.0,2102.0,33632,33632,1121.1,,,,,,,,,,,,,2,10,5,菲亚梅塔特限证章
菲亚梅塔,SNIPER,aoesniper,5,1,“你须愧悔”,physical,base,0,0,1051.0,861.0,100.0,0.0,90.0,0.0,4.0,1,1,,,1,4204.0,4204.0,4204,4204,,,,,,,,,,,,,,2,7,0,菲亚梅塔特限证章
菲亚梅塔,SNIPER,aoesniper,5,2,“你须偿还”,physical,base,0,0,1051.0,861.0,100.0,0.0,90.0,0.0,2.2,1,1,,,1,2312.2,2312.2,2312,2312,,,,,,,,,,,,,,2,15,0,菲亚梅塔特限证章
丰川祥子,WARRIOR,lord,5,0,新月的苏醒,arts,base,0,0,848.0,725.0,60.0,0.0,63.0,0.0,1.0,1,1,,,1,848.0,848.0,848,848,,,,,,,,,,,,,,2,3,0,无言的约定
丰川祥子,WARRIOR,lord,5,2,残月的余响,arts,base,0,0,848.0,725.0,60.0,0.0,63.0,0.0,2.2,1,1,25.0,1.0924369747899159,22,1865.6,1865.6,41043,41043,1641.7,,,,,,,,,,,,,2,42,34,无言的约定
风笛,PIONEER,charger,5,0,迅捷打击·γ型,physical,base,0,0,756.0,586.0,85.0,0.0,85.0,0.0,1.45,1,1,35.0,0.6896551724137931,50,1096.2,1096.2,54810,54810,1566.0,996.5,,,,,,,,,,,,1,35,15,“棍棒与口袋”
风笛,PIONEER,charger,5,1,高效冲击,physical,base,0,0,756.0,586.0,85.0,0.0,85.0,0.0,2.0,1,1,,,3,1512.0,1512.0,4536,4536,,378.0,,,,,,,,,,,,1,4,0,“棍棒与口袋”
风笛,PIONEER,charger,5,2,闭膛连发,physical,base,0,0,756.0,586.0,85.0,0.0,85.0,0.0,2.2,1,1,20.0,1.7,11,1663.2,1663.2,18295,18295,914.8,522.7,,,,,,,,,,,,1,40,25,“棍棒与口袋”
歌蕾蒂娅,SPECIAL,hookmaster,5,0,缺水的大洋裂断,physical,base,0,0,925.0,801.0,50.0,0.0,74.0,0.0,2.1,1,1,,,3,1942.5,1942.5,5827,5827,,485.6,,,,,,,,,,,,1,4,0,淡金坠饰
歌蕾蒂娅,SPECIAL,hookmaster,5,1,缺水的掌握怒海,physical,base,0,0,925.0,801.0,50.0,0.0,74.0,0.0,1.8,1,2.0,20.0,2.3,8,1665.0,1665.0,13320,13320,666.0,532.8,,,,,26640,,,,,,,1,25,20,淡金坠饰
歌蕾蒂娅,SPECIAL,hookmaster,5,2,缺水的碎漩狂舞,arts,base,0,0,925.0,801.0,50.0,0.0,74.0,0.0,1.3,1,1,8.0,,1,1202.5,1202.5,1202,1202,150.3,70.7,,,,,,,,,,,,1,35,26,淡金坠饰
归溟幽灵鲨,SPECIAL,dollkeeper,5,0,生存的技巧,physical,base,0,0,900.0,737.0,80.0,0.0,83.0,0.0,2.5,1,1,25.0,,1,2250.0,2250.0,2250,2250,90.0,64.3,,,,,,,,,,,,1,35,25,“唱片”收藏箱
归溟幽灵鲨,SPECIAL,dollkeeper,5,1,生存的渴望,physical,base,0,0,900.0,737.0,80.0,0.0,83.0,0.0,2.3,1,1,20.0,0.8,25,2070.0,2070.0,51750,51750,2587.5,1725.0,,,,,,,,,,,,1,35,25,“唱片”收藏箱
归溟幽灵鲨,SPECIAL,dollkeeper,5,2,生存的重压,physical,base,0,0,900.0,737.0,80.0,0.0,83.0,0.0,2.52,1,1,25.0,2.2,11,2268.0,2268.0,24948,24948,997.9,623.7,,,,,,,,,,,,1,40,25,“唱片”收藏箱
号角,TANK,fortress,5,0,照明榴弹,physical,base,0,0,1351.2,936.0,70.0,0.0,120.0,0.2,2.8,1,1,,,2,3783.4,3783.4,7566,7566,,756.7,,,,,,,,,,,,1,5,0,旧日新装
号角,TANK,fortress,5,1,暴风号令,physical,base,0,0,1351.2,936.0,70.0,0.0,120.0,0.2,2.4,1,1,22.950819672131146,2.2950819672131146,10,3242.9,3242.9,32428,32428,1413.0,1082.7,,,,,,,,,,,,1,25,18,旧日新装
号角,TANK,fortress,5,2,终极防线,physical,base,0,0,1351.2,936.0,70.0,0.0,120.0,0.2,1.7,1,1,24.0,0.8196721311475408,29,2297.0,2297.0,66614,66614,2775.6,1959.2,,,,,,,,,,,,1,35,25,旧日新装
赫德雷,WARRIOR,crusher,5,0,重锋不熄,physical,base,0,0,1816.0,1576.0,80.0,0.0,160.0,0.0,2.6,1,1,,,1,4721.6,4721.6,4721,4721,,,,,,,,,,,,,,2,2,0,笔迹
赫德雷,WARRIOR,crusher,5,1,余烬重荷,physical,base,0,0,1816.0,1576.0,80.0,0.0,160.0,0.0,1.4,1,1,,,1,2542.4,2542.4,2542,2542,,508.5,,,,,,,,,,,,1,5,0,笔迹
赫德雷,WARRIOR,crusher,5,2,死境硝烟,true,base,0,0,1816.0,1576.0,80.0,0.0,160.0,0.0,2.2,1,1,70.0,,1,3995.2,3995.2,3995,3995,57.1,49.9,,,,,,,,,,,,1,50,40,笔迹
黑,SNIPER,closerange,5,0,强弩,physical,base,0,0,1144.8,840.0,100.0,0.0,120.0,0.08,2.2,1,1,,,1,2518.6,2518.6,2518,2518,,,,,,,,,,,,,,2,3,0,老剃刀
黑,SNIPER,closerange,5,1,暮眼锐瞳,physical,base,0,0,1144.8,840.0,100.0,0.0,120.0,0.08,2.3,1,1,40.0,,1,2633.0,2633.0,2633,2633,65.8,52.7,,,,,,,,,,,,1,30,20,老剃刀
黑,SNIPER,closerange,5,2,战术的终结,physical,base,0,0,1144.8,840.0,100.0,0.0,120.0,0.08,2.8,1,1,25.0,2.0,12,3205.4,3205.4,38465,38465,1538.6,1012.2,,,,,,,,,,,,1,25,12,老剃刀
黑键,CASTER,mystic,5,0,渐快急板,arts,base,0,0,1685.0,1400.0,150.0,0.0,135.0,0.0,0.5,1,1,5.0,2.4384615384615387,2,842.5,842.5,1685,1685,337.0,112.3,,,,,,,,,,,,1,15,5,“乐理阐释者”
黑键,CASTER,mystic,5,1,荒芜回响,arts,base,0,0,1685.0,1400.0,150.0,0.0,135.0,0.0,2.45,1,1,,,1,4128.2,4128.2,4128,4128,,317.6,,,,,,,,,,,,1,13,0,“乐理阐释者”
黑键,CASTER,mystic,5,2,寂静之声,arts,base,0,0,1685.0,1400.0,150.0,0.0,135.0,0.0,1.65,1,1,30.0,1.4285714285714286,21,2780.2,2780.2,58385,58385,1946.2,1459.6,,,,,,,,,,,,1,20,10,“乐理阐释者”
赫拉格,WARRIOR,musha,5,0,新月,physical,base,0,0,922.0,762.0,70.0,0.0,90.0,0.0,1.75,1,1,,,1,1613.5,1613.5,1613,1613,,,,,,,,,,,,,,2,2,0,藏锋
赫拉格,WARRIOR,musha,5,1,弦月,physical,base,0,0,922.0,762.0,70.0,0.0,90.0,0.0,1.8,1,1,13.0,,1,1659.6,1659.6,1659,1659,127.7,72.2,,,,,,,,,,,,1,25,15,藏锋
赫拉格,WARRIOR,musha,5,2,满月,physical,base,0,0,922.0,762.0,70.0,0.0,90.0,0.0,2.0,1,3.0,15.0,1.2,12,1844.0,1844.0,22128,22128,1475.2,632.2,,,,,66384,,,,,,,1,35,15,藏锋
鸿雪,SNIPER,closerange,5,0,抑扬格,physical,base,0,0,1066.0,876.0,70.0,0.0,120.0,0.0,3.6,1,1,,,1,3837.6,3837.6,3837,3837,,,,,,,,,,,,,,2,20,0,仪式感
鸿雪,SNIPER,closerange,5,1,点题,physical,base,0,0,1066.0,876.0,70.0,0.0,120.0,0.0,2.3,1,1,,,1,2451.8,2451.8,2451,2451,,,,,,,,,,,,,,1,9,9,仪式感
鸿雪,SNIPER,closerange,5,2,锐笔速写,physical,base,0,0,1066.0,876.0,70.0,0.0,120.0,0.0,2.0,1,1,30.0,1.0,30,2132.0,2132.0,63960,63960,2132.0,1522.9,,,,,,,,,,,,1,35,23,仪式感
煌,WARRIOR,centurion,5,0,强力击·γ型,physical,base,0,0,911.0,765.0,60.0,0.0,86.0,0.0,2.9,1,1,,,1,2641.9,2641.9,2641,2641,,,,,,,,,,,,,,2,2,0,过载的武器与过热的心脏
煌,WARRIOR,centurion,5,1,链锯延伸模块,physical,base,0,0,911.0,765.0,60.0,0.0,86.0,0.0,2.0,1,1,,,1,1822.0,1822.0,1822,1822,,26.0,,,,,,,,,,,,1,70,0,过载的武器与过热的心脏
煌,WARRIOR,centurion,5,2,沸腾爆裂,physical,base,0,0,911.0,765.0,60.0,0.0,86.0,0.0,1.8,1,1,10.0,,1,1639.8,1639.8,1639,1639,164.0,82.0,,,,,,,,,,,,1,35,25,过载的武器与过热的心脏
荒芜拉普兰德,CASTER,funnel,5,0,慵怠者悲鸣,arts,base,0,0,435.0,342.0,60.0,0.0,33.0,0.0,1.35,1,1,,,1,587.2,587.2,587,587,,97.9,,,,,,,,,,,,1,6,0,狼时
荒芜拉普兰德,CASTER,funnel,5,1,逐猎狂飙,arts,base,0,0,435.0,342.0,60.0,0.0,33.0,0.0,2.2,1,1,22.0,1.1818181818181819,18,957.0,957.0,17226,17226,783.0,538.3,,,,,,,,,,,,1,28,18,狼时
荒芜拉普兰德,CASTER,funnel,5,2,终幕·浩劫,arts,base,0,0,435.0,342.0,60.0,0.0,33.0,0.0,2.16,1.3,1,40.0,1.1818181818181819,33,939.6,939.6,40308,40308,1007.7,719.8,,,,,,,,,,,,1,54,38,狼时
灰烬,SNIPER,fastshot,5,0,支援射击,physical,base,0,0,664.0,534.0,90.0,0.0,40.0,0.0,1.15,2.0,1,,,1,763.6,763.6,1527,1527,,33.9,,,,,,,,,,,,1,45,0,破墙榴弹战术收纳包
灰烬,SNIPER,fastshot,5,2,攻坚榴弹,physical,base,0,0,664.0,534.0,90.0,0.0,40.0,0.0,3.0,1,1,,,1,1992.0,1992.0,1992,1992,,79.7,,,,,,,,,,,,1,25,0,破墙榴弹战术收纳包
霍尔海雅,CASTER,corecaster,5,0,但为求索,arts,base,0,0,803.0,633.0,90.0,0.0,80.0,0.0,3.0,1,1,,,3,2409.0,2409.0,7227,7227,,344.1,,,,,,,,,,,,1,7,0,霍尔海雅特限证章
霍尔海雅,CASTER,corecaster,5,1,群星逶迤,arts,base,0,0,803.0,633.0,90.0,0.0,80.0,0.0,0.45,1,1,16.0,1.6,10,361.4,361.4,3613,3613,225.8,172.1,,,,,,,,,,,,1,30,25,霍尔海雅特限证章
缄默德克萨斯,SPECIAL,executor,5,0,细雨无声,arts,base,0,0,873.6,569.0,90.0,0.0,69.0,0.2,1.7,1,1,12.0,0.808695652173913,14,1485.1,1485.1,20791,20791,1732.6,,,,,,,,,,,,,8,0,0,“新车和新生活”
缄默德克萨斯,SPECIAL,executor,5,1,阵雨连绵,arts,base,0,0,873.6,569.0,90.0,0.0,69.0,0.2,3.7199999999999998,1,1,10.0,0.808695652173913,12,3249.8,3249.8,38997,38997,3899.8,,,,,,,,,,,,,8,0,0,“新车和新生活”
缄默德克萨斯,SPECIAL,executor,5,2,剑雨滂沱,arts,base,0,0,873.6,569.0,90.0,0.0,69.0,0.2,1.3,1,4.0,8.0,0.808695652173913,9,1135.7,1135.7,10221,10221,1277.6,,,,,,40884,,,,,,,8,0,0,“新车和新生活”
假日威龙陈,SNIPER,reaperrange,5,0,高压冲击,physical,base,0,0,953.0,773.0,80.0,0.0,100.0,0.0,2.0,1,1,9.2,2.3,4,1906.0,1906.0,7624,7624,828.7,,,,,,,,,,,,,2,5,0,假期的最后一天
假日威龙陈,SNIPER,reaperrange,5,1,“堇青之夜”,physical,base,0,0,953.0,773.0,80.0,0.0,100.0,0.0,1.8,1,1,18.4,2.3,8,1715.4,1715.4,13723,13723,745.8,519.8,,,,,,,,,,,,1,20,12,假期的最后一天
假日威龙陈,SNIPER,reaperrange,5,2,“假日风暴”,physical,base,0,0,953.0,773.0,80.0,0.0,100.0,0.0,2.0,2,1,36.8,2.3,16,1906.0,1906.0,60992,60992,1657.4,986.9,,,,,,,,,,,,1,55,30,假期的最后一天
棘刺,WARRIOR,lord,5,0,攻击力强化·γ型,physical,base,0,0,816.0,711.0,30.0,0.0,75.0,0.0,2.0,1,1,30.0,1.2149532710280373,24,1632.0,1632.0,39168,39168,1305.6,870.4,,,,,,,,,,,,1,30,15,沙蚀
棘刺,WARRIOR,lord,5,1,护身尖刺,physical,base,0,0,816.0,711.0,30.0,0.0,75.0,0.0,1.6,1,4.0,40.0,1.2149532710280373,32,1305.6,1305.6,41779,41779,1044.5,759.6,,,,,167116,,,,,,,1,25,10,沙蚀
棘刺,WARRIOR,lord,5,2,至高之术,physical,base,0,0,816.0,711.0,30.0,0.0,75.0,0.0,1.6,1,1,30.0,0.9848484848484849,30,1305.6,1305.6,39168,39168,1305.6,,,,,,,,,,,,,2,15,0,沙蚀
酒神,SUPPORT,ritualist,5,0,暗夜回声,arts,base,0,0,572.0,490.0,40.0,0.0,42.0,0.0,1.5,1,1,,,1,858.0,858.0,858,858,,,,,,,,,,,,,,2,2,2,酒神之心
酒神,SUPPORT,ritualist,5,1,群体性谵妄,arts,base,0,0,572.0,490.0,40.0,0.0,42.0,0.0,1.5,1,4.0,,,1,858.0,858.0,858,858,,34.3,,,,,3432,,,,,,,1,25,0,酒神之心
酒神,SUPPORT,ritualist,5,2,空剧场,arts,base,0,0,572.0,490.0,40.0,0.0,42.0,0.0,2.25,1,1,30.0,2.0,15,1287.0,1287.0,19305,19305,643.5,482.6,,,,,,858,28.6,34.97,22.2,,50.8,1,40,30,酒神之心
机械师,TANK,shotprotector,5,0,聚类分析,physical,base,0,0,673.0,513.0,60.0,0.0,100.0,0.0,1.55,5.0,1,7.5,2.5,3,1043.2,1043.2,15647,15647,2086.3,,,,,,,,,,,,,2,7,0,机械师特勤证章
机械师,TANK,shotprotector,5,1,协防术式,arts,base,0,0,673.0,513.0,60.0,0.0,100.0,0.0,5.0,1,1,9.6,1.2,8,3365.0,3365.0,26920,26920,2804.2,1094.3,,,,,,,,,,,,1,50,35,机械师特勤证章
机械师,TANK,shotprotector,5,2,工程学十字星,mixed,base,0,0,673.0,513.0,60.0,0.0,100.0,0.0,9.879999999999999,1,1,40.0,3.5,11,6649.2,,73141,,,,,,,,,,,,,,,1,35,25,机械师特勤证章
凯尔希·思衡托,MEDIC,watchman,5,0,应急肃正防线,none,base,0,0,510.0,510.0,0.0,0.0,0.0,0.0,1.9,1,1,35.0,1.9,18,969.0,,17442,,,,,,,,,,,,,,,1,35,28,
凯尔希·思衡托,MEDIC,watchman,5,1,保护性拒止,true,base,0,0,510.0,510.0,0.0,0.0,0.0,0.0,9.5,1,1,28.5,2.85,10,4845.0,4845.0,48450,48450,1700.0,1364.8,,,,,,,,,,,,1,35,28,
凯尔希·思衡托,MEDIC,watchman,5,2,破梏重生,none,base,0,0,510.0,510.0,0.0,0.0,0.0,0.0,2.5,1,1,35.0,1.3,26,1275.0,,33150,,,,33150,947.1,663.0,,,,,,,,,1,50,35,
卡涅利安,CASTER,phalanx,5,0,沙暴守卫,arts,base,0,0,1021.0,846.0,80.0,0.0,95.0,0.0,1.6,1,1,20.0,,1,1633.6,1633.6,1633,1633,81.7,49.5,,,,,,,,,,,,1,18,5,乡音
卡涅利安,CASTER,phalanx,5,1,沙缚镣锁,arts,base,0,0,1021.0,846.0,80.0,0.0,95.0,0.0,1.2,1,1,25.0,0.8999999999999999,27,1225.2,1225.2,33080,33080,1323.2,827.0,,,,,,,,,,,,1,25,10,乡音
卡涅利安,CASTER,phalanx,5,2,食噬之印,arts,base,0,0,1021.0,846.0,80.0,0.0,95.0,0.0,0.76,1,1,21.0,,1,776.0,776.0,775,775,37.0,17.6,,,,,,,,,,,,1,28,5,乡音
刻俄柏,CASTER,corecaster,5,0,“很冰的斧”,arts,base,0,0,887.8,667.0,90.0,0.0,65.0,0.08,2.1,1,1,3.0,1.4814814814814814,2,1864.3,1864.3,3728,3728,1242.9,207.1,,,,,,,,,,,,1,6,0,“很干的面包”
刻俄柏,CASTER,corecaster,5,2,“很重的枪”,arts,base,0,0,887.8,667.0,90.0,0.0,65.0,0.08,3.1,1,1,60.0,1.4814814814814814,40,2752.1,2752.1,110082,110082,1834.7,1295.1,,,,,,,,,,,,1,80,55,“很干的面包”
可露希尔,PIONEER,tactician,5,1,模型扩展,physical,base,0,0,615.6,480.0,60.0,0.0,30.0,0.08,1.8,1,2.0,30.0,1.0,30,1108.1,1108.1,33242,33242,1108.1,923.4,,,,,66484,,,,,,,1,40,34,给自己的小奖杯
可露希尔,PIONEER,tactician,5,2,Q.E.D.,physical,base,0,0,615.6,480.0,60.0,0.0,30.0,0.08,2.5,1,1,30.0,0.5,60,1539.0,1539.0,92340,92340,3078.0,2495.7,,,,,,,,,,,,1,30,23,给自己的小奖杯
空弦,SNIPER,fastshot,5,0,箭矢·散逸,physical,base,0,0,1009.5,528.0,90.0,0.0,55.0,0.5,2.3,1,4.0,,,1,2321.8,2321.8,2321,2321,,,,,,,9287,,,,,,,2,3,0,空弦特限证章
空弦,SNIPER,fastshot,5,1,箭矢·追猎,physical,base,0,0,1009.5,528.0,90.0,0.0,55.0,0.5,1.4,1,1,,,3,1413.3,1413.3,4239,4239,,,,,,,,,,,,,,2,9,0,空弦特限证章
空弦,SNIPER,fastshot,5,2,箭矢·暴风,physical,base,0,0,1009.5,528.0,90.0,0.0,55.0,0.5,1.3,3.0,2.0,20.0,0.9259259259259259,21,1312.4,1312.4,82678,82678,4133.9,,,,,,165356,,,,,,,2,30,15,空弦特限证章
傀影,SPECIAL,executor,5,1,血色乐章,physical,base,0,0,795.3,558.0,90.0,0.0,75.0,0.1,1.2,1,1,,,1,954.4,954.4,954,954,,,,,,,,,,,,,,8,0,0,“如影随形”
傀影,SPECIAL,executor,5,2,夜幕突袭,physical,base,0,0,795.3,558.0,90.0,0.0,75.0,0.1,3.0,1,1,,,1,2385.9,2385.9,2385,2385,,,,,,,,,,,,,,8,0,0,“如影随形”
莱伊,SNIPER,hunter,5,0,脱身矢,physical,base,0,0,1381.0,1072.0,120.0,0.0,75.0,0.09,4.5,1,1,,,2,6214.6,6214.6,12429,12429,,1242.9,,,,,,,,,,,,1,10,10,证明什么？
莱伊,SNIPER,hunter,5,1,广域警觉,physical,base,0,0,1381.0,1072.0,120.0,0.0,75.0,0.09,2.2,1,1,,,1,3038.3,3038.3,3038,3038,,,,,,,,,,,,,,2,16,0,证明什么？
莱伊,SNIPER,hunter,5,2,“得见光芒”,physical,base,0,0,1381.0,1072.0,120.0,0.0,75.0,0.09,3.3,1,1,16.0,1.4953271028037383,10,4557.4,4557.4,45573,45573,2848.4,1752.8,,,,,,,,,,,,1,30,20,证明什么？
老鲤,SPECIAL,merchant,5,0,小惩大诫,physical,base,0,0,956.8,789.0,55.0,0.0,76.0,0.04,1.6,1,1,,,1,1530.9,1530.9,1530,1530,,218.7,,,,,,,,,,,,1,7,0,“但思善恶”
老鲤,SPECIAL,merchant,5,2,贵客盈门,arts,base,0,0,956.8,789.0,55.0,0.0,76.0,0.04,1.5,1,1,,,1,1435.2,1435.2,1435,1435,,205.0,,,,,,,,,,,,1,7,0,“但思善恶”
蕾缪安,SNIPER,longrange,5,0,重逢问候,physical,base,0,0,1676.8,1201.0,100.0,0.0,120.0,0.18,2.1,1,1,16.200000000000003,2.7,6,3521.2,3521.2,21127,21127,1304.2,,,,,,,,,,,,,2,8,0,“弹匣与花窗”
蕾缪安,SNIPER,longrange,5,1,归乡邀约,physical,base,0,0,1676.8,1201.0,100.0,0.0,120.0,0.18,1.7,1,1,10.5,1.5,7,2850.5,2850.5,19953,19953,1900.4,782.5,,,,,,,,,,,,1,30,15,“弹匣与花窗”
林,CASTER,phalanx,5,0,玲珑,arts,base,0,0,996.0,849.0,70.0,0.0,77.0,0.0,1.6,1,1,,,1,1593.6,1593.6,1593,1593,,318.7,,,,,,,,,,,,1,5,0,“七窍玲珑”
林,CASTER,phalanx,5,2,流光乍裂,arts,base,0,0,996.0,849.0,70.0,0.0,77.0,0.0,3.0,1,1,30.0,,1,2988.0,2988.0,2988,2988,99.6,59.8,,,,,,,,,,,,1,50,30,“七窍玲珑”
令,SUPPORT,summoner,5,0,重进酒,arts,base,0,0,574.7,473.0,35.0,0.0,50.0,0.03,1.5,1,1,25.0,1.0666666666666667,23,862.1,862.1,19828,19828,793.1,1982.9,,,,,,,,,,,,1,25,15,诗短梦长
令,SUPPORT,summoner,5,1,笑鸣瑟,arts,base,0,0,574.7,473.0,35.0,0.0,50.0,0.03,4.5,1,1,,,1,2586.3,2586.3,2586,2586,,323.3,,,,,,,,,,,,1,13,5,诗短梦长
令,SUPPORT,summoner,5,2,宁作吾,arts,base,0,0,574.7,473.0,35.0,0.0,50.0,0.03,0.4,1,1,30.0,,1,229.9,229.9,229,229,7.7,9.2,,,,,,,,,,,,1,40,15,诗短梦长
铃兰,SUPPORT,slower,5,0,全力以赴,arts,base,0,0,1232.6,521.0,75.0,0.0,46.0,0.92,1.8,1,1,30.0,1.4615384615384615,20,2218.8,2218.8,44375,44375,1479.2,887.5,,,,,,,,,,,,1,20,0,孩子们
铃兰,SUPPORT,slower,5,1,儿时的舞乐,arts,base,0,0,1232.6,521.0,75.0,0.0,46.0,0.92,1.6,1,3.0,,,1,1972.2,1972.2,1972,1972,,24.7,,,,,5916,,,,,,,1,80,0,孩子们
灵知,SUPPORT,underminer,5,0,高速思考,arts,base,0,0,595.0,455.0,80.0,0.0,60.0,0.0,1.7,1,1,,,1,1011.5,1011.5,1011,1011,,252.9,,,,,,,,,,,,1,4,0,灵知特限证章
灵知,SUPPORT,underminer,5,1,零度爆发,arts,base,0,0,595.0,455.0,80.0,0.0,60.0,0.0,2.0,1,1,,,1,1190.0,1190.0,1190,1190,,198.3,,,,,,,,,,,,1,6,0,灵知特限证章
灵知,SUPPORT,underminer,5,2,失温症,arts,base,0,0,595.0,455.0,80.0,0.0,60.0,0.0,6.0,1,2.0,13.0,0.6956521739130435,18,3570.0,3570.0,64260,64260,4943.1,2295.0,,,,,128520,,,,,,,1,40,25,灵知特限证章
领主·Sharp,WARRIOR,lord,5,0,沉默的爆发,physical,base,0,0,977.5,644.0,75.0,0.0,63.0,0.25,3.25,1,2.0,30.0,0.8024691358024691,37,3176.9,3176.9,117544,117544,3918.1,2612.1,,,,,235088,,,,,,,1,42,27,领主·Sharp证章
琳琅诗怀雅,SPECIAL,merchant,5,1,“见面礼”,physical,base,0,0,1021.7,810.0,55.0,0.0,81.0,0.08,2.0,1,1,,,1,2043.4,2043.4,2043,2043,,,,,,,,,,,,,,8,0,0,诗怀雅的龙门美食指南
琳琅诗怀雅,SPECIAL,merchant,5,2,千金一掷,physical,base,0,0,1021.7,810.0,55.0,0.0,81.0,0.08,1.5,1,1,,,1,1532.5,1532.5,1532,1532,,306.5,,,,,,,,,,,,1,5,0,诗怀雅的龙门美食指南
凛御银灰,PIONEER,counsellor,5,1,御敌的锋锐,physical,base,0,0,653.0,618.0,35.0,0.0,0.0,0.0,3.8,1,6.0,,,1,2481.4,2481.4,2481,2481,,310.2,,,,,14888,,,,,,,1,17,9,
凛御银灰,PIONEER,counsellor,5,2,变革已至,physical,base,0,0,653.0,618.0,35.0,0.0,0.0,0.0,1.3,1,1,48.0,,1,848.9,848.9,848,848,17.7,94.3,,,,,,,,,,,,1,55,46,
流明,MEDIC,healer,5,1,沛霖,none,base,0,0,630.0,540.0,45.0,0.0,45.0,0.0,2.6,1,3.0,,,1,1638.0,,1638,,,,1638,,204.8,,4914,,,,,,,1,13,5,纯铜单筒望远镜
流明,MEDIC,healer,5,2,灯火不灭,none,base,0,0,630.0,540.0,45.0,0.0,45.0,0.0,3.1,1,1,17.53846153846154,2.1923076923076925,8,1953.0,,15624,,,,15624,890.8,231.3,,,,,,,,,1,50,0,纯铜单筒望远镜
逻各斯,CASTER,corecaster,5,0,殁亡,arts,base,0,0,828.0,671.0,90.0,0.0,67.0,0.0,3.0,1,1,,,1,2484.0,2484.0,2484,2484,,41.4,,,,,,,,,,,,1,60,0,来自河谷的笔盒
逻各斯,CASTER,corecaster,5,1,提喻,arts,base,0,0,828.0,671.0,90.0,0.0,67.0,0.0,0.75,1,1,20.0,,1,621.0,621.0,621,621,31.1,20.7,,,,,,,,,,,,1,30,20,来自河谷的笔盒
逻各斯,CASTER,corecaster,5,2,延异视阈,arts,base,0,0,828.0,671.0,90.0,0.0,67.0,0.0,4.0,1,4.0,30.0,1.6,18,3312.0,3312.0,59616,59616,1987.2,1324.8,,,,,238464,,,,,,,1,45,30,来自河谷的笔盒
玛恩纳,WARRIOR,librator,5,0,未声张的怒火,physical,base,0,0,420.0,355.0,30.0,0.0,35.0,0.0,2.0,1,1,30.0,1.1214953271028036,26,840.0,840.0,21840,21840,728.0,485.3,,,,,,,,,,,,1,30,15,“鞘中人”
玛恩纳,WARRIOR,librator,5,1,未宽解的悲哀,physical,base,0,0,420.0,355.0,30.0,0.0,35.0,0.0,1.9,1,1,20.0,1.4018691588785046,14,798.0,798.0,11172,11172,558.6,319.2,,,,,,,,,,,,1,25,10,“鞘中人”
玛恩纳,WARRIOR,librator,5,2,未照耀的荣光,physical,base,0,0,420.0,355.0,30.0,0.0,35.0,0.0,1.8,1,5.0,28.0,1.1214953271028036,24,756.0,756.0,18144,18144,648.0,362.9,,,,,90720,,,,,,,1,42,20,“鞘中人”
麦哲伦,SUPPORT,summoner,5,2,武装打击模块,arts,base,0,0,559.0,469.0,40.0,0.0,50.0,0.0,2.5,1,1,15.0,,1,1397.5,1397.5,1397,1397,93.2,49.9,,,,,,,,,,,,1,38,25,专业无人机操作模块
玛露西尔,CASTER,splashcaster,5,0,才女的实力,arts,base,0,0,1327.2,914.0,110.0,0.0,82.0,0.2,2.4,1,1,,,1,3185.3,3185.3,3185,3185,,57.9,,,,,,,,,,,,1,80,25,才女的藏书
玛露西尔,CASTER,splashcaster,5,1,召唤使魔,arts,base,0,0,1327.2,914.0,110.0,0.0,82.0,0.2,2.0,1,1,,,1,2654.4,2654.4,2654,2654,,37.9,,,,,,,,,,,,1,80,10,才女的藏书
玛露西尔,CASTER,splashcaster,5,2,爆破魔法,arts,base,0,0,1327.2,914.0,110.0,0.0,82.0,0.2,3.9,1,1,,,1,5176.1,5176.1,5176,5176,,129.4,,,,,,,,,,,,1,80,40,才女的藏书
Mechanist,TANK,protector,5,2,应力倒置,arts,base,0,0,402.0,342.0,60.0,0.0,0.0,0.0,0.7,1,1,30.0,1.2903225806451613,23,281.4,281.4,6472,6472,215.7,117.7,,,,,,,,,,,,1,55,30,Mechanist证章
迷迭香,SNIPER,bombarder,5,1,末梢阻断,physical,base,0,0,838.0,688.0,60.0,0.0,90.0,0.0,1.55,1,1,40.0,2.4299065420560746,16,1298.9,1298.9,20782,20782,519.6,415.6,,,,,,,,,,,,1,30,20,迷迭香特限证章
迷迭香,SNIPER,bombarder,5,2,“如你所愿”,physical,base,0,0,838.0,688.0,60.0,0.0,90.0,0.0,1.75,1,2.0,30.0,1.4953271028037383,20,1466.5,1466.5,29330,29330,977.7,533.3,,,,,58660,,,,,,,1,60,35,迷迭香特限证章
Misery,SPECIAL,executor,5,1,战争的恭顺,physical,base,0,0,738.3,512.0,90.0,0.0,40.0,0.15000000000000002,1.6,1,1,10.0,0.7153846153846154,13,1181.3,1181.3,15356,15356,1535.7,,,,,,,,,,,,,8,0,0,Misery证章
Misery,SPECIAL,executor,5,2,空间的归依,physical,base,0,0,738.3,512.0,90.0,0.0,40.0,0.15000000000000002,3.0,1,1,,,1,2214.9,2214.9,2214,2214,,,,,,,,,,,,,,8,0,0,Misery证章
缪尔赛思,PIONEER,tactician,5,0,渐进性润化,physical,base,0,0,565.0,497.0,40.0,0.0,28.0,0.0,1.5,1,1,15.0,0.6666666666666666,22,847.5,847.5,18645,18645,1243.0,532.7,,,,,,,,,,,,1,28,8,落叶四季
缪尔赛思,PIONEER,tactician,5,1,生态耦合,physical,base,0,0,565.0,497.0,40.0,0.0,28.0,0.0,1.5,1,1,15.0,,1,847.5,847.5,847,847,56.5,26.5,,,,,,,,,,,,1,35,18,落叶四季
缪尔赛思,PIONEER,tactician,5,2,浅层非熵适应,physical,base,0,0,565.0,497.0,40.0,0.0,28.0,0.0,1.5,1,1,15.0,,1,847.5,847.5,847,847,56.5,26.5,,,,,,,,,,,,1,35,18,落叶四季
谬因,CASTER,blastcaster,5,0,连续映射,arts,base,0,0,1425.6,876.0,110.0,0.0,70.0,0.35,2.65,1,1,,,1,3777.8,3777.8,3777,3777,,107.9,,,,,,,,,,,,1,35,0,第三相态
谬因,CASTER,blastcaster,5,1,临界瞬爆,arts,base,0,0,1425.6,876.0,110.0,0.0,70.0,0.35,1.5,1,1,8.0,,1,2138.4,2138.4,2138,2138,267.3,213.8,,,,,,,,,,,,1,18,16,第三相态
谬因,CASTER,blastcaster,5,2,混沌的本质,arts,base,0,0,1425.6,876.0,110.0,0.0,70.0,0.35,4.9,1,1,36.0,1.7999999999999998,20,6985.4,6985.4,139708,139708,3880.8,3249.0,,,,,,,,,,,,1,40,33,第三相态
Mon3tr,MEDIC,chainhealer,5,0,策略：超压链接,none,base,0,0,778.8,528.0,30.0,0.0,65.0,0.25,2.0,1,1,,,1,1557.5,,1557,,,,1557,,,,,,,,,,,2,2,0,记忆存档
Mon3tr,MEDIC,chainhealer,5,2,策略：熔毁,true,base,0,0,778.8,528.0,30.0,0.0,65.0,0.25,4.3,1,1,25.0,1.125,22,3348.6,3348.6,73669,73669,2946.8,,,,,,,,,,,,,2,15,11,记忆存档
莫斯提马,CASTER,splashcaster,5,0,攻击力强化·γ型,arts,base,0,0,1021.0,834.0,105.0,0.0,82.0,0.0,2.0,1,1,30.0,2.710280373831776,11,2042.0,2042.0,22462,22462,748.7,499.2,,,,,,,,,,,,1,30,15,锁与匙之家
莫斯提马,CASTER,splashcaster,5,1,荒时之锁,arts,base,0,0,1021.0,834.0,105.0,0.0,82.0,0.0,1.4,1,1,7.0,2.710280373831776,2,1429.4,1429.4,2858,2858,408.4,105.9,,,,,,,,,,,,1,50,30,锁与匙之家
莫斯提马,CASTER,splashcaster,5,2,序时之匙,arts,base,0,0,1021.0,834.0,105.0,0.0,82.0,0.0,2.7,1,1,27.0,2.710280373831776,9,2756.7,2756.7,24810,24810,918.9,435.3,,,,,,,,,,,,1,110,80,锁与匙之家
魔王,SUPPORT,bard,5,1,明日渺远不及,true,base,0,0,460.1,369.0,30.0,0.0,27.0,0.08,2.75,1,1,35.0,,1,1265.2,1265.2,1265,1265,36.1,25.3,,,,,,,,,,,,1,35,20,故事的结局
娜仁图亚,SNIPER,loopshooter,5,0,旋刃,physical,base,0,0,810.0,675.0,90.0,0.0,45.0,0.0,1.9,3.0,1,,,1,1539.0,1539.0,4617,4617,,923.4,,,,,,,,,,,,1,5,0,“吹尽狂沙”
娜仁图亚,SNIPER,loopshooter,5,1,恶魇,physical,base,0,0,810.0,675.0,90.0,0.0,45.0,0.0,2.5,1,1,30.0,1.0,30,2025.0,2025.0,60750,60750,2025.0,,,,,,,,,,,,,2,15,8,“吹尽狂沙”
娜仁图亚,SNIPER,loopshooter,5,2,吞日,physical,base,0,0,810.0,675.0,90.0,0.0,45.0,0.0,1.75,1,1,20.0,1.0,20,1417.5,1417.5,28350,28350,1417.5,405.0,,,,,,,,,,,,1,30,20,“吹尽狂沙”
娜斯提,SUPPORT,craftsman,5,0,“拱卫”,arts,base,0,0,654.0,614.0,0.0,0.0,40.0,0.0,1.8,1,1,40.0,,1,1177.2,1177.2,1177,1177,29.4,22.6,,,,,,,,,,,,1,40,28,工程师们
娜斯提,SUPPORT,craftsman,5,2,栖脚地,arts,base,0,0,654.0,614.0,0.0,0.0,40.0,0.0,2.6,1,1,15.0,,1,1700.4,1700.4,1700,1700,113.4,73.9,,,,,,,,,,,,1,25,17,工程师们
能天使,SNIPER,fastshot,5,0,冲锋模式,physical,base,0,0,713.4,540.0,90.0,0.0,43.0,0.06,1.45,3.0,1,,,1,1034.4,1034.4,3103,3103,,,,,,,,,,,,,,2,4,0,欢迎光临，企鹅物流
能天使,SNIPER,fastshot,5,1,扫射模式,physical,base,0,0,713.4,540.0,90.0,0.0,43.0,0.06,1.25,4.0,1,15.0,0.8928571428571429,16,891.7,891.7,57070,57070,3804.7,2282.8,,,,,,,,,,,,1,35,25,欢迎光临，企鹅物流
能天使,SNIPER,fastshot,5,2,过载模式,physical,base,0,0,713.4,540.0,90.0,0.0,43.0,0.06,1.1,5.0,1,15.0,0.7946428571428571,18,784.7,784.7,70624,70624,4708.3,2825.0,,,,,,,,,,,,1,30,20,欢迎光临，企鹅物流
年,TANK,protector,5,0,锡灼,physical,base,0,0,689.0,619.0,0.0,0.0,70.0,0.0,1.45,1,1,30.0,,1,999.0,999.0,999,999,33.3,20.0,,,,,,,,,,,,1,30,10,“请勿叩门”
年,TANK,protector,5,1,铜印,arts,base,0,0,689.0,619.0,0.0,0.0,70.0,0.0,0.9,1,1,35.0,,1,620.1,620.1,620,620,17.7,12.4,,,,,,,,,,,,1,50,35,“请勿叩门”
妮芙,CASTER,primcaster,5,0,笞心击,arts,base,0,0,849.8,655.0,90.0,0.0,80.0,0.03,2.1,1,1,20.0,1.4285714285714286,14,1784.5,1784.5,24982,24982,1249.1,832.8,,,,,,1784,89.2,11.21,47.2,140.2,276.6,1,30,20,心声
妮芙,CASTER,primcaster,5,1,怵然震爆,arts,base,0,0,849.8,655.0,90.0,0.0,80.0,0.03,4.0,1,1,,,1,3399.0,3399.0,3399,3399,,1133.0,,,,,,212,,,,,,1,12,9,心声
妮芙,CASTER,primcaster,5,2,心防溃决,arts,base,0,0,849.8,655.0,90.0,0.0,80.0,0.03,0.0,1,2.0,35.0,0.9302325581395349,37,0.0,0.0,0,0,,,,,,,,,,,,,,1,55,36,心声
泥岩,TANK,unyield,5,1,岩崩锤,physical,base,0,0,967.0,882.0,0.0,0.0,85.0,0.0,2.7,1,1,,,1,2610.9,2610.9,2610,2610,,,,,,,,,,,,,,4,4,0,沃土的愿景
泥岩,TANK,unyield,5,2,秽壤的血脉,physical,base,0,0,967.0,882.0,0.0,0.0,85.0,0.0,2.4,1,1,30.0,1.3,23,2320.8,2320.8,53378,53378,1779.3,1334.5,,,,,,,,,,,,1,25,15,沃土的愿景
怒潮凛冬,WARRIOR,hammer,5,0,誓不低头,physical,base,0,0,1590.3,1262.0,50.0,0.0,83.0,0.14,1.5,1,1,30.0,1.2,25,2385.5,2385.5,59636,59636,1987.9,1490.9,,,,,,,,,,,,1,30,20,迟到的勋章
怒潮凛冬,WARRIOR,hammer,5,1,绝不罢休,physical,base,0,0,1590.3,1262.0,50.0,0.0,83.0,0.14,1.9,1,1,16.0,,1,3021.6,3021.6,3021,3021,188.8,100.7,,,,,,,,,,,,1,50,36,迟到的勋章
怒潮凛冬,WARRIOR,hammer,5,2,无可抵挡,physical,base,0,0,1590.3,1262.0,50.0,0.0,83.0,0.14,2.4,1,1,,,1,3816.7,3816.7,3816,3816,,545.2,,,,,,,,,,,,1,27,20,迟到的勋章
帕拉斯,WARRIOR,instructor,5,0,胜利的连击,physical,base,0,0,820.0,687.0,50.0,0.0,83.0,0.0,1.75,1,1,,,1,1435.0,1435.0,1435,1435,,,,,,,,,,,,,,2,2,0,“故乡的山岩”
帕拉斯,WARRIOR,instructor,5,1,信念的长鞭,physical,base,0,0,820.0,687.0,50.0,0.0,83.0,0.0,1.8,1,1,25.0,,1,1476.0,1476.0,1476,1476,59.0,36.9,,,,,,,,,,,,1,25,10,“故乡的山岩”
帕拉斯,WARRIOR,instructor,5,2,英勇的祝福,physical,base,0,0,820.0,687.0,50.0,0.0,83.0,0.0,2.0,1,3.0,30.0,1.05,28,1640.0,1640.0,45920,45920,1530.7,1020.4,,,,,137760,,,,,,,1,50,35,“故乡的山岩”
佩佩,WARRIOR,hammer,5,0,盖戳！,physical,base,0,0,1708.7,1290.0,70.0,0.0,113.0,0.16,2.9,1,1,,,1,4955.2,4955.2,4955,4955,,991.0,,,,,,,,,,,,1,5,0,晴雨
佩佩,WARRIOR,hammer,5,1,阻遏混乱锤,physical,base,0,0,1708.7,1290.0,70.0,0.0,113.0,0.16,1.9,1,1,18.0,1.0,18,3246.5,3246.5,58436,58436,3246.5,2337.5,,,,,,,,,,,,1,25,18,晴雨
佩佩,WARRIOR,hammer,5,2,时光震荡,physical,base,0,0,1708.7,1290.0,70.0,0.0,113.0,0.16,3.4,1,1,40.0,2.0,20,5809.5,5809.5,116190,116190,2904.8,2323.8,,,,,,,,,,,,1,45,35,晴雨
Pith,CASTER,splashcaster,5,1,“为我所为”,arts,base,0,0,1302.0,900.0,110.0,0.0,75.0,0.2,1.45,1,1,35.0,1.6111111111111112,21,1887.9,1887.9,39645,39645,1132.7,720.8,,,,,,,,,,,,1,40,20,Pith证章
麒麟R夜刀,SPECIAL,executor,5,1,乱舞,physical,base,0,0,796.6,565.0,90.0,0.0,50.0,0.13,1.5,1,1,,,1,1195.0,1195.0,1194,1194,,,,,,,,,,,,,,8,0,0,罗德岛制式双刀
麒麟R夜刀,SPECIAL,executor,5,2,空中回旋乱舞,physical,base,0,0,796.6,565.0,90.0,0.0,50.0,0.13,3.0,1,1,,,1,2389.9,2389.9,2389,2389,,,,,,,,,,,,,,8,0,0,罗德岛制式双刀
琴柳,PIONEER,bearer,5,2,光辉旗帜,physical,base,0,0,654.0,546.0,40.0,0.0,68.0,0.0,3.0,1,1,10.0,,1,1962.0,1962.0,1962,1962,196.2,85.3,,,,,,,,,,,,1,20,7,牧人的歌
仇白,WARRIOR,lord,5,1,承影,mixed,base,0,0,823.0,718.0,50.0,0.0,55.0,0.0,2.4,1,1,5.0,1.2149532710280373,4,1975.2,,7900,,,,,,,,,,,,,,,2,10,5,雪浸过的斗笠
仇白,WARRIOR,lord,5,2,问雪,physical,base,0,0,823.0,718.0,50.0,0.0,55.0,0.0,1.55,1,1,30.0,1.0833333333333333,27,1275.7,1275.7,34442,34442,1148.1,861.1,,,,,,,,,,,,1,55,45,雪浸过的斗笠
Raidian,SUPPORT,slower,5,0,双声,arts,base,0,0,627.0,500.0,75.0,0.0,52.0,0.0,1.6,1,2.0,24.0,1.5833333333333333,15,1003.2,1003.2,15048,15048,627.0,456.0,,,,,30096,,,,,,,1,24,15,Raidian证章
Raidian,SUPPORT,slower,5,2,信号跃动,arts,base,0,0,627.0,500.0,75.0,0.0,52.0,0.0,2.1875,1,1,40.0,1.5833333333333333,25,1371.6,1371.6,34289,34289,857.2,685.8,,,,,,,,,,,,1,60,50,Raidian证章
忍冬,PIONEER,pioneer,5,1,坠刃拷问,arts,base,0,0,677.0,562.0,60.0,0.0,55.0,0.0,3.0,1,6.0,,,1,2031.0,2031.0,2031,2031,,,,,,,12186,,,,,,,1,20,20,剑舞
忍冬,PIONEER,pioneer,5,2,隐狐之艺,physical,base,0,0,677.0,562.0,60.0,0.0,55.0,0.0,2.1,1,1,10.0,0.375,26,1421.7,1421.7,36964,36964,3696.4,2053.6,,,,,,,,,,,,1,18,10,剑舞
森蚺,TANK,duelist,5,0,轻型挂斧,physical,base,0,0,1207.0,1007.0,70.0,0.0,130.0,0.0,1.25,1,1,,,1,1508.8,1508.8,1508,1508,,,,,,,,,,,,,,8,0,0,森蚺特限证章
森蚺,TANK,duelist,5,1,震慑劈砍,physical,base,0,0,1207.0,1007.0,70.0,0.0,130.0,0.0,2.8,1,1,18.0,2.0,9,3379.6,3379.6,30416,30416,1689.8,981.2,,,,,,,,,,,,1,28,15,森蚺特限证章
森蚺,TANK,duelist,5,2,钢铁意志,physical,base,0,0,1207.0,1007.0,70.0,0.0,130.0,0.0,3.3,1,1,35.0,,1,3983.1,3983.1,3983,3983,113.8,72.4,,,,,,,,,,,,1,45,25,森蚺特限证章
山,WARRIOR,fighter,5,0,左勾扫拳,physical,base,0,0,706.9,587.0,45.0,0.0,75.0,0.0,2.3,1,2.0,,,1,1625.8,1625.8,1625,1625,,,,,,,3251,,,,,,,2,3,0,“夜深人静”
山,WARRIOR,fighter,5,1,横扫架势,physical,base,0,0,706.9,587.0,45.0,0.0,75.0,0.0,1.8,1,1,,,1,1272.3,1272.3,1272,1272,,254.5,,,,,,,,,,,,1,5,0,“夜深人静”
山,WARRIOR,fighter,5,2,震地碎岩击,physical,base,0,0,706.9,587.0,45.0,0.0,75.0,0.0,2.0,1,4.0,30.0,1.48,20,1413.7,1413.7,28274,28274,942.5,628.3,,,,,113096,,,,,,,1,40,25,“夜深人静”
珊比,TANK,primprotector,5,0,“还不走？”,physical,base,0,0,786.0,671.0,30.0,0.0,80.0,0.0,1.5,1,1,30.0,,1,1179.0,1179.0,1179,1179,39.3,26.2,,,,,,,,,,,,1,30,15,出发的勇气
珊比,TANK,primprotector,5,1,“慢慢走~”,physical,base,0,0,786.0,671.0,30.0,0.0,80.0,0.0,0.85,1,1,20.0,,1,668.1,668.1,668,668,33.4,23.0,,,,,,,,,,,,1,23,14,出发的勇气
珊比,TANK,primprotector,5,2,“不准走！”,physical,base,0,0,786.0,671.0,30.0,0.0,80.0,0.0,0.8,1,1,60.0,1.0,60,628.8,628.8,37728,37728,628.8,516.8,,,,,,,,,,,,1,55,42,出发的勇气
闪灵,MEDIC,physician,5,0,信条,none,base,0,0,841.2,530.0,80.0,0.0,63.0,0.25,1.8,1,1,20.0,2.111111111111111,9,1514.2,,13628,,,,,,,,,,,,,,,1,40,20,“使徒”
闪灵,MEDIC,physician,5,1,自动掩护,none,base,0,0,841.2,530.0,80.0,0.0,63.0,0.25,0.5,1,1,3.0,2.4782608695652173,1,420.6,,420,,,,420,140.2,52.6,,,,,,,,,1,5,0,“使徒”
闪灵,MEDIC,physician,5,2,教条力场,none,base,0,0,841.2,530.0,80.0,0.0,63.0,0.25,1.5,1,1,60.0,2.4782608695652173,24,1261.9,,30285,,,,,,,,,,,,,,,1,120,115,“使徒”
Sharp,WARRIOR,fearless,5,0,快刀,physical,base,0,0,1362.0,955.0,85.0,0.0,95.0,0.2,1.7,1,1,30.0,1.3636363636363635,22,2315.4,2315.4,50938,50938,1698.0,1132.0,,,,,,,,,,,,1,30,15,Sharp证章
Sharp,WARRIOR,fearless,5,1,亮剑,physical,base,0,0,1362.0,955.0,85.0,0.0,95.0,0.2,2.2,1,1,30.0,1.3636363636363635,22,2996.4,2996.4,65920,65920,2197.4,1318.4,,,,,,,,,,,,1,30,10,Sharp证章
Sharp,WARRIOR,fearless,5,2,力战不竭,physical,base,0,0,1362.0,955.0,85.0,0.0,95.0,0.2,1.6,1,1,20.0,1.3636363636363635,14,2179.2,2179.2,30508,30508,1525.4,1017.0,,,,,,,,,,,,1,40,30,Sharp证章
圣聆初雪,CASTER,phalanx,5,0,铃音吹雪,arts,base,0,0,991.0,836.0,80.0,0.0,75.0,0.0,5.2,1,1,,,1,5153.2,5153.2,5153,5153,,,,,,,,,,,,,,1,12,12,千分之一的心
圣聆初雪,CASTER,phalanx,5,1,霜涛覆岭,arts,base,0,0,991.0,836.0,80.0,0.0,75.0,0.0,3.8,1,1,,,1,3765.8,3765.8,3765,3765,,83.7,,,,,,,,,,,,1,45,0,千分之一的心
圣聆初雪,CASTER,phalanx,5,2,群山俯首,arts,base,0,0,991.0,836.0,80.0,0.0,75.0,0.0,5.2,1,1,35.0,1.5384615384615385,22,5153.2,5153.2,113370,113370,3239.2,2636.5,,,,,,,,,,,,1,50,42,千分之一的心
圣约送葬人,WARRIOR,reaper,5,0,遗嘱执行,physical,base,0,0,959.8,707.0,70.0,0.0,80.0,0.12,1.5,1,1,9.285714285714286,1.1607142857142858,8,1439.8,1439.8,11518,11518,1240.4,,,,,,,,,,,,,2,8,0,已知悉
圣约送葬人,WARRIOR,reaper,5,1,近身铳斗,physical,base,0,0,959.8,707.0,70.0,0.0,80.0,0.12,1.8,1,1,13.92857142857143,1.1607142857142858,12,1727.7,1727.7,20732,20732,1488.5,,,,,,,,,,,,,2,12,6,已知悉
圣约送葬人,WARRIOR,reaper,5,2,圣约决裁,physical,base,0,0,959.8,707.0,70.0,0.0,80.0,0.12,7.0,1,1,25.714285714285715,1.6071428571428572,16,6718.9,6718.9,107502,107502,4180.6,,,,,,,,,,,,,2,24,12,已知悉
史尔特尔,WARRIOR,artsfghter,5,0,烈焰魔剑,physical,base,0,0,832.0,672.0,100.0,0.0,60.0,0.0,3.1,1,1,,,1,2579.2,2579.2,2579,2579,,,,,,,,,,,,,,2,2,0,萨米的不灭心脏碎片
史尔特尔,WARRIOR,artsfghter,5,1,熔核巨影,physical,base,0,0,832.0,672.0,100.0,0.0,60.0,0.0,3.5200000000000005,1,2.0,18.0,1.25,14,2928.6,2928.6,41000,41000,2277.8,1708.4,,,,,82001,,,,,,,1,18,12,萨米的不灭心脏碎片
史尔特尔,WARRIOR,artsfghter,5,2,黄昏,physical,base,0,0,832.0,672.0,100.0,0.0,60.0,0.0,4.3,1,4.0,60.0,1.25,48,3577.6,3577.6,171724,171724,2862.1,2641.9,,,,,686899,,,,,,,1,5,0,萨米的不灭心脏碎片
弑君者,SPECIAL,executor,5,0,尘烟蔽目,physical,base,0,0,723.0,545.0,90.0,0.0,88.0,0.0,2.0,1,1,10.0,,1,1446.0,1446.0,1446,1446,144.6,,,,,,,,,,,,,8,0,0,木炭画
弑君者,SPECIAL,executor,5,1,硝烟震爆,physical,base,0,0,723.0,545.0,90.0,0.0,88.0,0.0,5.0,1,1,8.0,,1,3615.0,3615.0,3615,3615,451.9,,,,,,,,,,,,,8,0,0,木炭画
弑君者,SPECIAL,executor,5,2,烽烟行刑场,physical,base,0,0,723.0,545.0,90.0,0.0,88.0,0.0,2.5,2.0,1,16.0,0.93,17,1807.5,1807.5,61455,61455,3840.9,,,,,,,,,,,,,8,0,0,木炭画
黍,TANK,guardian,5,1,嘉禾盈仓,physical,base,0,0,648.5,479.0,50.0,0.0,50.0,0.12,2.2,1,2.0,25.0,2.232142857142857,11,1426.7,1426.7,15693,15693,627.7,523.1,,,,,31386,,,,,,,1,25,20,“钦天司时”
黍,TANK,guardian,5,2,离离枯荣,physical,base,0,0,648.5,479.0,50.0,0.0,50.0,0.12,1.5,1,1,30.0,1.0714285714285714,28,972.7,972.7,27236,27236,907.9,605.2,,,,,,,,,,,,1,45,30,“钦天司时”
水月,SPECIAL,stalker,5,0,唤醒,physical,base,0,0,1210.0,865.0,110.0,0.0,125.0,0.1,3.0,1,1,,,3,3630.0,3630.0,10890,10890,,518.6,,,,,,,,,,,,1,7,0,水月特限证章
水月,SPECIAL,stalker,5,1,囚徒困境,physical,base,0,0,1210.0,865.0,110.0,0.0,125.0,0.1,1.3,1,1.0,21.0,2.0,10,1573.0,1573.0,15730,15730,749.0,605.0,,,,,,,,,,,,1,15,10,水月特限证章
水月,SPECIAL,stalker,5,2,镜花水月,physical,base,0,0,1210.0,865.0,110.0,0.0,125.0,0.1,2.5,1,2.0,30.0,3.5,8,3025.0,3025.0,24200,24200,806.7,403.3,,,,,48400,,,,,,,1,60,30,水月特限证章
斯卡蒂,WARRIOR,fearless,5,0,迅捷打击·γ型,physical,base,0,0,1368.0,1015.0,80.0,0.0,105.0,0.14,1.45,1,1,35.0,1.0344827586206897,33,1983.6,1983.6,65458,65458,1870.3,1190.2,,,,,,,,,,,,1,35,15,往日残梦
斯卡蒂,WARRIOR,fearless,5,1,跃浪击,physical,base,0,0,1368.0,1015.0,80.0,0.0,105.0,0.14,2.7,1,1,30.0,,1,3693.6,3693.6,3693,3693,123.1,,,,,,,,,,,,,8,0,0,往日残梦
斯卡蒂,WARRIOR,fearless,5,2,涌潮悲歌,physical,base,0,0,1368.0,1015.0,80.0,0.0,105.0,0.14,2.3,1,1,50.0,,1,3146.4,3146.4,3146,3146,62.9,44.9,,,,,,,,,,,,1,90,70,往日残梦
死芒,CASTER,soulcaster,5,0,噩愿,arts,base,0,0,735.0,633.0,45.0,0.0,55.0,0.0,4.5,1,1,,,1,3307.5,3307.5,3307,3307,,661.5,,,,,,,,,,,,1,13,8,未处理的遗产
死芒,CASTER,soulcaster,5,1,折朽,arts,base,0,0,735.0,633.0,45.0,0.0,55.0,0.0,1.6,1,2.0,12.0,,1,1176.0,1176.0,1176,1176,98.0,65.3,,,,,2352,,,,,,,1,20,14,未处理的遗产
死芒,CASTER,soulcaster,5,2,冠死以冕,arts,base,0,0,735.0,633.0,45.0,0.0,55.0,0.0,8.0,1,1,,,1,5880.0,5880.0,5880,5880,,534.5,,,,,,,,,,,,1,16,5,未处理的遗产
司霆惊蛰,WARRIOR,librator,5,0,浩气长存,physical,base,0,0,432.0,360.0,30.0,0.0,42.0,0.0,3.55,1,1,,,1,1533.6,1533.6,1533,1533,,,,,,,,,,,,,,1,11,17,“一念”
司霆惊蛰,WARRIOR,librator,5,1,正霆摄威,physical,base,0,0,432.0,360.0,30.0,0.0,42.0,0.0,1.5,1,1,36.0,,1,648.0,648.0,648,648,18.0,11.4,,,,,,,,,,,,1,43,22,“一念”
司霆惊蛰,WARRIOR,librator,5,2,天地通明,mixed,base,0,0,432.0,360.0,30.0,0.0,42.0,0.0,0.7,1,1,24.0,2.9,8,302.4,,2419,,,,,,,,,,,,,,,1,36,21,“一念”
伺夜,PIONEER,tactician,5,2,领袖的尊严,arts,base,0,0,592.0,462.0,80.0,0.0,50.0,0.0,0.5,1,1,15.0,,1,296.0,296.0,296,296,19.7,7.4,,,,,,,,,,,,1,35,10,时光不再
Stormeye,SNIPER,fastshot,5,0,破空,physical,base,0,0,650.0,510.0,90.0,0.0,50.0,0.0,1.2,1,1,20.0,0.5555555555555556,36,780.0,780.0,28080,28080,1404.0,702.0,,,,,,,,,,,,1,30,10,Stormeye证章
Stormeye,SNIPER,fastshot,5,1,心手合一,physical,base,0,0,650.0,510.0,90.0,0.0,50.0,0.0,1.15,1,2.0,,,1,747.5,747.5,747,747,,14.9,,,,,1494,,,,,,,1,50,0,Stormeye证章
Stormeye,SNIPER,fastshot,5,2,旋臂,physical,base,0,0,650.0,510.0,90.0,0.0,50.0,0.0,1.0,2.0,3.0,30.0,1.0,30,650.0,650.0,39000,39000,1300.0,650.0,,,,,117000,,,,,,,1,50,20,Stormeye证章
溯光星源,SUPPORT,slower,5,0,星图闪烁,arts,base,0,0,737.0,533.0,75.0,0.0,50.0,0.12,2.0,1,1,20.0,1.881188118811881,10,1473.9,1473.9,14739,14739,737.0,421.1,,,,,,,,,,,,1,30,15,探索者的收藏
溯光星源,SUPPORT,slower,5,1,星束引力,arts,base,0,0,737.0,533.0,75.0,0.0,50.0,0.12,1.45,1,3.0,,,1,1068.6,1068.6,1068,1068,,,,,,,3205,,,,,,,2,3,0,探索者的收藏
溯光星源,SUPPORT,slower,5,2,并流连锁,arts,base,0,0,737.0,533.0,75.0,0.0,50.0,0.12,1.7,1,2.0,25.0,1.188118811881188,21,1252.8,1252.8,26309,26309,1052.4,751.7,,,,,52618,,,,,,,1,35,25,探索者的收藏
塑心,SUPPORT,ritualist,5,0,“黄金的狂喜”,arts,base,0,0,565.0,485.0,40.0,0.0,40.0,0.0,3.0,1,1,,,1,1695.0,1695.0,1695,1695,,,,,,,,621,,,,,,1,6,18,强弱法
塑心,SUPPORT,ritualist,5,2,“自由的探戈”,arts,base,0,0,565.0,485.0,40.0,0.0,40.0,0.0,2.8,1,1,40.0,,1,1582.0,1582.0,1582,1582,39.5,26.4,,,,,,,,,,,,1,60,40,强弱法
提丰,SNIPER,siegesniper,5,0,迅捷打击·γ型,physical,base,0,0,1249.0,1045.0,110.0,0.0,94.0,0.0,1.45,1,1,35.0,1.5789473684210527,22,1811.0,1811.0,39843,39843,1138.4,724.4,,,,,,,,,,,,1,35,15,冰原的影子
提丰,SNIPER,siegesniper,5,1,冰原秩序,physical,base,0,0,1249.0,1045.0,110.0,0.0,94.0,0.0,1.5,1,1,20.0,2.2429906542056073,8,1873.5,1873.5,14988,14988,749.4,535.3,,,,,,,,,,,,1,50,42,冰原的影子
提丰,SNIPER,siegesniper,5,2,“永恒狩猎”,physical,base,0,0,1249.0,1045.0,110.0,0.0,94.0,0.0,1.75,5.0,1,51.40186915887851,5.140186915887851,10,2185.8,2185.8,109287,109287,2126.1,1645.8,,,,,,,,,,,,1,40,25,冰原的影子
缇缇,MEDIC,incantationmedic,5,0,缓蚀,none,base,0,0,651.0,548.0,50.0,0.0,53.0,0.0,2.0,1,1,17.0,1.3333333333333333,12,1302.0,,15624,,,,,,,,,,,,,,,1,40,18,远方的礼物
缇缇,MEDIC,incantationmedic,5,1,封护,none,base,0,0,651.0,548.0,50.0,0.0,53.0,0.0,2.8,1,1,15.0,1.3333333333333333,11,1822.8,,20050,,,,,,,,,,,,,,,1,20,15,远方的礼物
缇缇,MEDIC,incantationmedic,5,2,旧日绽放,arts,base,0,0,651.0,548.0,50.0,0.0,53.0,0.0,2.8,1,2.0,25.0,1.3333333333333333,18,1822.8,1822.8,32810,32810,1312.4,965.0,,,,,65620,,,,,,,1,37,28,远方的礼物
Touch,MEDIC,physician,5,0,慨赠,none,base,0,0,645.0,525.0,70.0,0.0,50.0,0.0,1.6,1,1,20.0,,1,1032.0,,1032,,,,1032,51.6,25.8,,,,,,,,,1,40,20,Touch证章
Touch,MEDIC,physician,5,2,恳切福音,none,base,0,0,645.0,525.0,70.0,0.0,50.0,0.0,2.0999999999999996,1,2.0,40.0,2.85,14,1354.5,,18962,,,,18962,474.1,316.0,,37925,,,,,,,1,70,50,Touch证章
推进之王,PIONEER,pioneer,5,1,跃空锤,physical,base,0,0,709.6,515.0,60.0,0.0,82.0,0.08,3.4,1,1,,,1,2412.5,2412.5,2412,2412,,,,,,,,,,,,,,1,10,10,“初诺”
推进之王,PIONEER,pioneer,5,2,碎颅击,physical,base,0,0,709.6,515.0,60.0,0.0,82.0,0.08,3.8,1,1,25.0,2.05,12,2696.3,2696.3,32355,32355,1294.2,1078.5,,,,,,,,,,,,1,30,25,“初诺”
W,SNIPER,aoesniper,5,0,红桃K,physical,base,0,0,1110.7,912.0,100.0,0.0,85.0,0.0125,3.5,1,1,,,1,3887.5,3887.5,3887,3887,,243.0,,,,,,,,,,,,1,16,0,刺棱钝刃
W,SNIPER,aoesniper,5,1,惊吓盒子,physical,base,0,0,1110.7,912.0,100.0,0.0,85.0,0.0125,2.8,1,1,,,1,3110.0,3110.0,3109,3109,,388.7,,,,,,,,,,,,1,8,0,刺棱钝刃
W,SNIPER,aoesniper,5,2,D12,physical,base,0,0,1110.7,912.0,100.0,0.0,85.0,0.0125,3.1,1,4.0,,,1,3443.2,3443.2,3443,3443,,264.9,,,,,13772,,,,,,,1,33,20,刺棱钝刃
望,SPECIAL,traper,5,0,取势,arts,base,0,0,729.0,589.0,80.0,0.0,60.0,0.0,1.35,1,1,,,2,984.2,984.2,1968,1968,,61.5,,,,,,,,,,,,1,16,0,兽形棋盒
望,SPECIAL,traper,5,1,连星,arts,base,0,0,729.0,589.0,80.0,0.0,60.0,0.0,5.8,1,1,,,2,4228.2,4228.2,8456,8456,,281.9,,,,,,,,,,,,1,15,0,兽形棋盒
望,SPECIAL,traper,5,2,天下劫,arts,base,0,0,729.0,589.0,80.0,0.0,60.0,0.0,3.8,1,1,17.0,0.85,20,2770.2,2770.2,55404,55404,3259.1,153.0,,,,,,,,,,,,1,50,38,兽形棋盒
维娜·维多利亚,WARRIOR,artsfghter,5,0,重铸晖光,physical,base,0,0,861.0,675.0,70.0,0.0,75.0,0.05,1.8,1,1,,,1,1549.8,1549.8,1549,1549,,310.0,,,,,,,,,,,,1,5,0,秩序圣“球”
维娜·维多利亚,WARRIOR,artsfghter,5,1,进赴故土,physical,base,0,0,861.0,675.0,70.0,0.0,75.0,0.05,2.8,1,2.0,,,1,2410.8,2410.8,2410,2410,,34.4,,,,,4821,,,,,,,1,70,0,秩序圣“球”
维娜·维多利亚,WARRIOR,artsfghter,5,2,俱以我之名,true,base,0,0,861.0,675.0,70.0,0.0,75.0,0.05,2.9,1,4.0,25.0,1.0,25,2496.9,2496.9,62422,62422,2496.9,1560.6,,,,,249690,,,,,,,1,50,35,秩序圣“球”
维什戴尔,SNIPER,bombarder,5,1,饱和复仇,physical,base,0,0,842.0,687.0,90.0,0.0,65.0,0.0,1.08,1,1,25.0,1.308411214953271,19,909.4,909.4,17277,17277,691.1,493.7,,,,,,,,,,,,1,25,15,“祖宗发射器”
维什戴尔,SNIPER,bombarder,5,2,爆裂黎明,physical,base,0,0,842.0,687.0,90.0,0.0,65.0,0.0,6.16,1,1,28.037383177570092,4.672897196261682,6,5186.7,5186.7,31120,31120,1110.0,818.2,,,,,,,,,,,,1,50,40,“祖宗发射器”
薇薇安娜,WARRIOR,artsfghter,5,0,光影迅捷剑,physical,base,0,0,806.0,646.0,100.0,0.0,60.0,0.0,2.0,1,1,,,1,1612.0,1612.0,1612,1612,,403.0,,,,,,,,,,,,1,4,0,目不能及之处
薇薇安娜,WARRIOR,artsfghter,5,1,烛燃影息,physical,base,0,0,806.0,646.0,100.0,0.0,60.0,0.0,2.0999999999999996,1,1,35.0,,1,1692.6,1692.6,1692,1692,48.4,37.6,,,,,,,,,,,,1,25,15,目不能及之处
薇薇安娜,WARRIOR,artsfghter,5,2,“明灭”,physical,base,0,0,806.0,646.0,100.0,0.0,60.0,0.0,2.1,1,1,15.0,1.75,8,1692.6,1692.6,13540,13540,902.7,615.5,,,,,,,,,,,,1,25,18,目不能及之处
温蒂,SPECIAL,pusher,5,0,炮管敲击,physical,base,0,0,952.8,677.0,45.0,0.0,72.0,0.2,1.5,1,1,,,1,1429.2,1429.2,1429,1429,,285.8,,,,,,,,,,,,1,5,0,仿生海龙改型
温蒂,SPECIAL,pusher,5,1,水炮模式,physical,base,0,0,952.8,677.0,45.0,0.0,72.0,0.2,3.0,1,1,,,1,2858.4,2858.4,2858,2858,,40.8,,,,,,,,,,,,1,70,0,仿生海龙改型
温蒂,SPECIAL,pusher,5,2,液氮大炮,arts,base,0,0,952.8,677.0,45.0,0.0,72.0,0.2,3.5,1,1,8.0,,1,3334.8,3334.8,3334,3334,416.8,158.8,,,,,,,,,,,,1,33,20,仿生海龙改型
乌尔比安,WARRIOR,crusher,5,0,必须促成的接触,physical,base,0,0,1799.0,1569.0,80.0,0.0,120.0,0.0,2.7,1,2.0,,,1,4857.3,4857.3,4857,4857,,1214.3,,,,,9714,,,,,,,1,4,0,乌尔比安的衣橱
乌尔比安,WARRIOR,crusher,5,1,必须维系的界限,physical,base,0,0,1799.0,1569.0,80.0,0.0,120.0,0.0,2.6,1,1,,,1,4677.4,4677.4,4677,4677,,66.8,,,,,,,,,,,,1,70,0,乌尔比安的衣橱
乌尔比安,WARRIOR,crusher,5,2,必须开辟的通路,physical,base,0,0,1799.0,1569.0,80.0,0.0,120.0,0.0,5.760000000000001,1,1,25.0,,1,10362.2,10362.2,10362,10362,414.5,345.4,,,,,,,,,,,,1,25,20,乌尔比安的衣橱
夕,CASTER,splashcaster,5,0,工笔入化,arts,base,0,0,1132.2,918.0,110.0,0.0,82.0,0.02,2.5,1,1,,,3,2830.5,2830.5,8491,8491,,566.1,,,,,,,,,,,,1,5,0,“终夜无寐”
夕,CASTER,splashcaster,5,1,泼墨淋漓,arts,base,0,0,1132.2,918.0,110.0,0.0,82.0,0.02,2.015,1,1,20.0,1.7901234567901234,11,2281.4,2281.4,25095,25095,1254.8,760.5,,,,,,,,,,,,1,38,25,“终夜无寐”
夕,CASTER,splashcaster,5,2,写意胜形,arts,base,0,0,1132.2,918.0,110.0,0.0,82.0,0.02,2.2,1,1,60.0,3.0841121495327104,19,2490.8,2490.8,47325,47325,788.8,525.8,,,,,,,,,,,,1,100,70,“终夜无寐”
瑕光,TANK,guardian,5,0,光芒涌动,physical,base,0,0,650.0,491.0,90.0,0.0,69.0,0.0,2.6,1,1,,,1,1690.0,1690.0,1690,1690,,422.5,,,,,,,,,,,,1,4,0,“长骑”
瑕光,TANK,guardian,5,1,慑敌辉光,physical,base,0,0,650.0,491.0,90.0,0.0,69.0,0.0,2.1,1,1,10.0,,1,1365.0,1365.0,1365,1365,136.5,,,,,,,,,,,,,4,12,0,“长骑”
瑕光,TANK,guardian,5,2,先贤化身,arts,base,0,0,650.0,491.0,90.0,0.0,69.0,0.0,2.1,1,1,30.0,,1,1365.0,1365.0,1365,1365,45.5,,,,,,,,,,,,,4,25,15,“长骑”
星熊,TANK,protector,5,0,战意,physical,base,0,0,756.0,430.0,60.0,0.0,70.0,0.35,1.4,1,1,30.0,,1,1058.4,1058.4,1058,1058,35.3,21.2,,,,,,,,,,,,1,40,20,友人们的赠礼
星熊,TANK,protector,5,1,荆棘,physical,base,0,0,756.0,430.0,60.0,0.0,70.0,0.35,1.0,1,1,,,1,756.0,756.0,756,756,,,,,,,,,,,,,,8,0,0,友人们的赠礼
星熊,TANK,protector,5,2,力之锯,physical,base,0,0,756.0,430.0,60.0,0.0,70.0,0.35,2.4,1,1,25.0,,1,1814.4,1814.4,1814,1814,72.6,40.3,,,,,,,,,,,,1,50,30,友人们的赠礼
信仰搅拌机,TANK,shotprotector,5,0,铳骑主考官,physical,base,0,0,733.7,504.0,60.0,0.0,74.0,0.15,1.9,1,1,,,1,1394.0,1394.0,1394,1394,,,,,,,,,,,,,,4,4,3,“老朋友”
信仰搅拌机,TANK,shotprotector,5,1,八臂电锯侠,physical,base,0,0,733.7,504.0,60.0,0.0,74.0,0.15,2.5,1,1,2.3300970873786406,1.1650485436893203,2,1834.2,1834.2,3668,3668,1574.4,211.7,,,,,,,,,,,,1,50,35,“老朋友”
信仰搅拌机,TANK,shotprotector,5,2,退休前布道,physical,base,0,0,733.7,504.0,60.0,0.0,74.0,0.15,3.2,1,3.0,37.86407766990292,1.2621359223300972,30,2347.8,2347.8,70435,70435,1860.2,1471.6,,,,,211305,,,,,,,1,35,25,“老朋友”
新约能天使,SPECIAL,geek,5,0,天空大扫除,physical,base,0,0,918.9,708.0,70.0,0.0,65.0,0.09,2.5,1,1,10.4,1.3,8,2297.2,2297.2,18377,18377,1767.1,1276.2,,,,,,,,,,,,1,12,8,新朋友圣城生活套组
新约能天使,SPECIAL,geek,5,1,开火成瘾症,physical,base,0,0,918.9,708.0,70.0,0.0,65.0,0.09,3.0,1,1.0,21.000000000000004,0.6000000000000001,35,2756.6,2756.6,96481,96481,4594.4,3710.8,,,,,,,,,,,,1,30,25,新朋友圣城生活套组
新约能天使,SPECIAL,geek,5,2,使命必达！,physical,base,0,0,918.9,708.0,70.0,0.0,65.0,0.09,2.08,1,1,13.0,1.3,10,1911.2,1911.2,19112,19112,1470.2,1061.8,,,,,,,,,,,,1,35,30,新朋友圣城生活套组
焰狐龙梓兰,SNIPER,closerange,5,1,飞翔瞪射,physical,base,0,0,1274.4,842.0,100.0,0.0,120.0,0.2,3.0,1,1,4.2,,1,3823.2,3823.2,3823,3823,910.3,531.0,,,,,,,,,,,,1,20,17,梓兰特制箭靶
焰狐龙梓兰,SNIPER,closerange,5,2,龙之箭,mixed,base,0,0,1274.4,842.0,100.0,0.0,120.0,0.2,3.6,1,1,,,1,4587.8,,4587,,,,,,,,,,,,,,,1,25,30,梓兰特制箭靶
焰尾,PIONEER,pioneer,5,1,“红松林”,physical,base,0,0,681.0,526.0,85.0,0.0,70.0,0.0,2.4,1,6.0,,,1,1634.4,1634.4,1634,1634,,163.4,,,,,9806,,,,,,,1,40,30,她们的未来
焰尾,PIONEER,pioneer,5,2,焰心,physical,base,0,0,681.0,526.0,85.0,0.0,70.0,0.0,1.9,1,1,8.0,1.75,4,1293.9,1293.9,5175,5175,646.9,287.5,,,,,,,,,,,,1,16,6,她们的未来
焰影苇草,MEDIC,incantationmedic,5,0,迅捷打击·γ型,none,base,0,0,666.8,550.0,50.0,0.0,67.0,0.0,1.45,1,1,35.0,1.103448275862069,31,966.9,,29972,,,,,,,,,,,,,,,1,35,15,“独属自己的一隅”
焰影苇草,MEDIC,incantationmedic,5,1,枯荣共息,arts,base,0,0,666.8,550.0,50.0,0.0,67.0,0.0,2.4,1,2.0,20.0,,1,1600.3,1600.3,1600,1600,80.0,55.2,,,,,3200,,,,,,,1,27,18,“独属自己的一隅”
遥,SUPPORT,blessing,5,1,幽隙栖萤,arts,base,0,0,587.0,480.0,55.0,0.0,52.0,0.0,1.4,1,1,26.0,,1,821.8,821.8,821,821,31.6,19.1,,,,,,,,,,,,1,17,0,迟来的纪念
遥,SUPPORT,blessing,5,2,夏末游鳞,arts,base,0,0,587.0,480.0,55.0,0.0,52.0,0.0,1.2400000000000002,1,1,40.0,1.0,40,727.9,727.9,29115,29115,727.9,619.5,,,,,,,,,,,,1,60,53,迟来的纪念
耀骑士临光,WARRIOR,fearless,5,0,灿焰长刃,physical,base,0,0,1254.0,1064.0,85.0,0.0,105.0,0.0,1.7,1,1,,,1,2131.8,2131.8,2131,2131,,35.5,,,,,,,,,,,,1,60,0,耀阳锋刃
耀骑士临光,WARRIOR,fearless,5,1,逐夜烁光,physical,base,0,0,1254.0,1064.0,85.0,0.0,105.0,0.0,2.6,1,1,27.0,,1,3260.4,3260.4,3260,3260,120.8,,,,,,,,,,,,,8,0,0,耀阳锋刃
耀骑士临光,WARRIOR,fearless,5,2,耀阳颔首,true,base,0,0,1254.0,1064.0,85.0,0.0,105.0,0.0,2.4,1,1,25.0,,1,3009.6,3009.6,3009,3009,120.4,75.2,,,,,,,,,,,,1,40,25,耀阳锋刃
夜莺,MEDIC,ringhealer,5,0,治疗强化·γ型,none,base,0,0,485.0,350.0,70.0,0.0,65.0,0.0,1.9,1,1,30.0,,1,921.5,,921,,,,,,,,,,,,,,,1,30,20,“封闭的希望”
夜莺,MEDIC,ringhealer,5,1,法术护盾,none,base,0,0,485.0,350.0,70.0,0.0,65.0,0.0,0.9,1,1,5.0,,1,436.5,,436,,,,436,87.3,33.6,,,,,,,,,1,8,0,“封闭的希望”
夜莺,MEDIC,ringhealer,5,2,圣域,none,base,0,0,485.0,350.0,70.0,0.0,65.0,0.0,1.8,1,1,60.0,,1,873.0,,873,,,,,,,,,,,,,,,1,120,115,“封闭的希望”
伊芙利特,CASTER,blastcaster,5,0,狂热,arts,base,0,0,1052.0,870.0,110.0,0.0,72.0,0.0,1.2,1,1,20.0,1.5508021390374331,12,1262.4,1262.4,15148,15148,757.4,378.7,,,,,,,,,,,,1,40,20,“同熔”
伊芙利特,CASTER,blastcaster,5,1,炎爆,arts,base,0,0,1052.0,870.0,110.0,0.0,72.0,0.0,2.5,1,1,3.01,2.710280373831776,1,2630.0,2630.0,2630,2630,873.8,262.7,,,,,,347,115.3,8.67,42.8,,158.2,1,7,0,“同熔”
伊芙利特,CASTER,blastcaster,5,2,灼地,arts,base,0,0,1052.0,870.0,110.0,0.0,72.0,0.0,1.4,1,1,20.0,2.710280373831776,7,1472.8,1472.8,10309,10309,515.5,214.8,,,,,,,,,,,,1,28,0,“同熔”
异客,CASTER,chain,5,1,聚焦指令,arts,base,0,0,943.9,689.0,85.0,0.0,100.0,0.08,1.3,1,5.0,35.0,1.7999999999999998,19,1227.1,1227.1,23314,23314,666.1,423.9,,,,,116574,,,,,,,1,40,20,王权金币
异客,CASTER,chain,5,2,辉煌裂片,arts,base,0,0,943.9,689.0,85.0,0.0,100.0,0.08,1.5,1,1,4.0,,1,1415.9,1415.9,1415,1415,354.0,41.6,,,,,,,,,,,,1,30,0,王权金币
隐德来希,WARRIOR,reaper,5,0,玫影觅迹,physical,base,0,0,825.0,700.0,50.0,0.0,75.0,0.0,1.75,1,1,,,1,1443.8,1443.8,1443,1443,,,,,,,,,,,,,,2,2,0,玫瑰色故事集
隐德来希,WARRIOR,reaper,5,1,绯红壁合,physical,base,0,0,825.0,700.0,50.0,0.0,75.0,0.0,1.95,1,1,12.0,1.2149532710280373,9,1608.8,1608.8,14478,14478,1206.6,851.7,,,,,,,,,,,,1,20,15,玫瑰色故事集
隐德来希,WARRIOR,reaper,5,2,灵与欲的惜别,physical,base,0,0,825.0,700.0,50.0,0.0,75.0,0.0,2.35,1,3.0,20.0,0.6280193236714976,31,1938.8,1938.8,60101,60101,3005.1,2146.5,,,,,180303,,,,,,,1,30,22,玫瑰色故事集
伊内丝,PIONEER,agent,5,1,暗夜无明,physical,base,0,0,674.0,589.0,50.0,0.0,35.0,0.0,2.1,1,1,12.0,,1,1415.4,1415.4,1415,1415,118.0,83.3,,,,,,,,,,,,1,20,15,角部“护理”套组
伊内丝,PIONEER,agent,5,2,独影归途,physical,base,0,0,674.0,589.0,50.0,0.0,35.0,0.0,5.2,1,6.0,16.0,,1,3504.8,3504.8,3504,3504,219.1,,,,,,21028,,,,,,,8,0,0,角部“护理”套组
银灰,WARRIOR,lord,5,0,强力击·γ型,physical,base,0,0,1041.2,713.0,50.0,0.0,70.0,0.25,2.9,1,1,,,1,3019.6,3019.6,3019,3019,,,,,,,,,,,,,,2,2,0,雪境羽兽护理套组
银灰,WARRIOR,lord,5,2,真银斩,physical,base,0,0,1041.2,713.0,50.0,0.0,70.0,0.25,3.0,1,6.0,30.0,1.3,23,3123.8,3123.8,71846,71846,2394.9,1596.6,,,,,431077,,,,,,,1,90,75,雪境羽兽护理套组
引星棘刺,SPECIAL,alchemist,5,1,解构涌潮,arts,base,0,0,679.6,501.0,40.0,0.0,50.0,0.15,1.8,1,1,,,1,1223.4,1223.4,1223,1223,,203.9,,,,,,,,,,,,1,20,14,三面的金币
引星棘刺,SPECIAL,alchemist,5,2,“我的海疆”,arts,base,0,0,679.6,501.0,40.0,0.0,50.0,0.15,2.1,1,1,,,1,1427.3,1427.3,1427,1427,,118.9,,,,,,,,,,,,1,60,48,三面的金币
余,TANK,primprotector,5,1,厚礼上宾,arts,base,0,0,800.0,685.0,30.0,0.0,85.0,0.0,3.9,1,1,20.0,,1,3120.0,3120.0,3120,3120,156.0,120.0,,,,,,,,,,,,1,26,20,人间百味
余,TANK,primprotector,5,2,灶里乾坤,arts,base,0,0,800.0,685.0,30.0,0.0,85.0,0.0,2.1,1,1,45.0,,1,1680.0,1680.0,1680,1680,37.3,29.0,,,,,,80,1.8,562.5,1.7,,3.5,1,55,42,人间百味
远牙,SNIPER,longrange,5,0,迅捷打击·γ型,physical,base,0,0,1628.4,1196.0,100.0,0.0,120.0,0.15,1.45,1,1,35.0,1.7763157894736843,19,2361.2,2361.2,44862,44862,1281.8,815.7,,,,,,,,,,,,1,35,15,支持者来信
远牙,SNIPER,longrange,5,2,光羽箭,physical,base,0,0,1628.4,1196.0,100.0,0.0,120.0,0.15,3.36,1,1,20.0,2.5233644859813085,7,5471.4,5471.4,38299,38299,1915.0,1276.7,,,,,,,,,,,,1,20,10,支持者来信
郁金香,PIONEER,pioneer,5,0,钻心,physical,base,0,0,715.0,500.0,85.0,0.0,65.0,0.1,2.3,1,2.0,,,1,1644.5,1644.5,1644,1644,,205.6,,,,,3289,,,,,,,1,18,10,郁金香证章
郁金香,PIONEER,pioneer,5,2,只余芬芳,physical,base,0,0,715.0,500.0,85.0,0.0,65.0,0.1,2.0,1,1,,,1,1430.0,1430.0,1430,1430,,143.0,,,,,,,,,,,,1,25,15,郁金香证章
予愿安洁莉娜,SPECIAL,skywalker,5,0,极速送达,physical,base,0,0,944.7,796.0,40.0,0.0,0.0,0.13,2.35,1,2.0,60.0,1.5,40,2220.0,2220.0,88799,88799,1480.0,,,,,,177599,,,,,,,8,0,0,
予愿安洁莉娜,SPECIAL,skywalker,5,1,重力自定义,arts,base,0,0,944.7,796.0,40.0,0.0,0.0,0.13,2.65,1,5.0,22.0,0.7,31,2503.4,2503.4,77605,77605,3527.5,2984.8,,,,,388027,,,,,,,1,25,21,
予愿安洁莉娜,SPECIAL,skywalker,5,2,酸橙的心事,physical,base,0,0,944.7,796.0,40.0,0.0,0.0,0.13,4.9399999999999995,1,4.0,49.5,1.5,33,4666.7,4666.7,154001,154001,3111.1,2774.8,,,,,616006,,,,,,,1,30,24,
早露,SNIPER,siegesniper,5,0,攻击力强化·γ型,physical,base,0,0,1391.0,1032.0,110.0,0.0,100.0,0.12,2.0,1,1,30.0,,1,2782.1,2782.1,2782,2782,92.7,61.8,,,,,,,,,,,,1,30,15,“心”
早露,SNIPER,siegesniper,5,1,分裂射击,physical,base,0,0,1391.0,1032.0,110.0,0.0,100.0,0.12,1.9,1,2.0,60.0,2.4,25,2643.0,2643.0,66074,66074,1101.2,825.9,,,,,132148,,,,,,,1,65,45,“心”
早露,SNIPER,siegesniper,5,2,雪崩击,physical,base,0,0,1391.0,1032.0,110.0,0.0,100.0,0.12,1.25,1,4.0,8.0,,1,1738.8,1738.8,1738,1738,217.4,75.6,,,,,6955,,,,,,,1,30,15,“心”
斩业星熊,TANK,artsprotector,5,0,恶业苦果,arts,base,0,0,922.3,667.0,55.0,0.0,80.0,0.15,2.975,1,1,,,1,2743.8,2743.8,2743,2743,,,,,,,,,,,,,,4,15,0,无迹
斩业星熊,TANK,artsprotector,5,1,无始无明,arts,base,0,0,922.3,667.0,55.0,0.0,80.0,0.15,0.9,1,1,,,1,830.1,830.1,830,830,,,,,,,,,,,,,,2,6,0,无迹
斩业星熊,TANK,artsprotector,5,2,地狱变相,physical,base,0,0,922.3,667.0,55.0,0.0,80.0,0.15,3.3,1,3.0,32.0,1.6,20,3043.6,3043.6,60871,60871,1902.2,1521.8,,,,,182615,,,,,,,1,45,37,无迹
真言,CASTER,primcaster,5,0,共鸣溃缩,arts,base,0,0,842.0,695.0,60.0,0.0,87.0,0.0,3.25,1,1,,,1,2736.5,2736.5,2736,2736,,,,,,,,252,,,,,,2,2,0,中枢神经探测模块
真言,CASTER,primcaster,5,1,意识联协,arts,base,0,0,842.0,695.0,60.0,0.0,87.0,0.0,2.4,1,1,25.0,0.8,31,2020.8,2020.8,62644,62644,2505.8,1957.6,,,,3,156612,18793,751.7,1.33,88.3,921.5,1761.5,1,25,18,中枢神经探测模块
真言,CASTER,primcaster,5,2,无言为真,arts,base,0,0,842.0,695.0,60.0,0.0,87.0,0.0,6.9375,1,2.0,40.0,1.6,25,5841.4,5841.4,146034,146034,3650.9,2980.3,,,,,292068,,,,,,,1,40,31,中枢神经探测模块
止颂,WARRIOR,fearless,5,0,强力击·γ型,physical,base,0,0,1354.1,1044.0,85.0,0.0,80.0,0.12,2.9,1,1,,,1,3926.8,3926.8,3926,3926,,,,,,,,,,,,,,2,2,0,苦修者的抗压训练
止颂,WARRIOR,fearless,5,1,虔修对决,physical,base,0,0,1354.1,1044.0,85.0,0.0,80.0,0.12,1.6,1,1,24.0,,1,2166.5,2166.5,2166,2166,90.3,,,,,,,,,,,,,8,0,0,苦修者的抗压训练
烛煌,CASTER,primcaster,5,0,炙手之援,arts,base,0,0,839.0,662.0,90.0,0.0,87.0,0.0,0.7,1,1,,,1,587.3,587.3,587,587,,73.4,,,,,,,,,,,,1,16,8,沟通小助手
烛煌,CASTER,primcaster,5,1,沸血燎原,arts,base,0,0,839.0,662.0,90.0,0.0,87.0,0.0,0.875,1,3.0,35.0,2.5,14,734.1,734.1,10277,10277,293.6,214.1,,,,,30833,,,,,,,1,36,23,沟通小助手
烛煌,CASTER,primcaster,5,2,众恶的焚场,arts,base,0,0,839.0,662.0,90.0,0.0,87.0,0.0,1.72,1,1,7.500000000000001,0.30000000000000004,25,1443.1,1443.1,36077,36077,4810.3,2061.5,,,,,,,,,,,,1,30,20,沟通小助手
浊心斯卡蒂,SUPPORT,bard,5,1,同葬无光之愿,arts,base,0,0,453.0,368.0,50.0,0.0,35.0,0.0,1.6,1,1,,,1,724.8,724.8,724,724,,12.9,,,,,,,,,,,,1,56,0,蜕化的残迹
浊心斯卡蒂,SUPPORT,bard,5,2,"""潮涌，潮枯""",arts,base,0,0,453.0,368.0,50.0,0.0,35.0,0.0,1.47,1,1,20.0,,1,665.9,665.9,665,665,33.3,16.6,,,,,,,,,,,,1,35,15,蜕化的残迹
左乐,WARRIOR,musha,5,0,破虏,physical,base,0,0,910.0,780.0,40.0,0.0,90.0,0.0,2.0,1,1,,,1,1820.0,1820.0,1820,1820,,,,,,,,,,,,,,1,4,6,“岂苦夜长”
左乐,WARRIOR,musha,5,1,行险,physical,base,0,0,910.0,780.0,40.0,0.0,90.0,0.0,2.7,1,1,12.0,,1,2457.0,2457.0,2457,2457,204.8,129.3,,,,,,,,,,,,1,20,13,“岂苦夜长”
左乐,WARRIOR,musha,5,2,佑序有炎,physical,base,0,0,910.0,780.0,40.0,0.0,90.0,0.0,2.45,1,1,,,1,2229.5,2229.5,2229,2229,,148.6,,,,,,,,,,,,1,25,10,“岂苦夜长”
埃拉托,SNIPER,siegesniper,4,0,安眠旋律,physical,base,0,0,1097.0,957.0,70.0,0.0,70.0,0.0,2.4,1,1,,,1,2632.8,2632.8,2632,2632,,292.5,,,,,,,,,,,,1,9,0,改弦更张
埃拉托,SNIPER,siegesniper,4,1,英雄赞歌,physical,base,0,0,1097.0,957.0,70.0,0.0,70.0,0.0,1.5,1,1,20.0,1.6,12,1645.5,1645.5,19746,19746,987.3,658.2,,,,,,,,,,,,1,25,15,改弦更张
爱丽丝,CASTER,mystic,4,0,童话守卫者,arts,base,0,0,1471.0,1259.0,130.0,0.0,82.0,0.0,0.5,1,1,5.0,3.2,1,735.5,735.5,735,735,147.1,49.0,,,,,,,,,,,,1,15,5,梦之城堡立体书
爱丽丝,CASTER,mystic,4,1,梦乡摇篮,arts,base,0,0,1471.0,1259.0,130.0,0.0,82.0,0.0,3.0,1,2.0,,,1,4413.0,4413.0,4413,4413,,220.7,,,,,8826,,,,,,,1,30,10,梦之城堡立体书
阿兰娜,SUPPORT,craftsman,4,1,“万斤顶”,arts,base,0,0,665.0,560.0,50.0,0.0,55.0,0.0,1.5,1,1,15.0,1.0,15,997.5,997.5,14962,14962,997.5,2992.5,,,,,,,,,,,,1,20,15,“随身保险杠”
阿罗玛,CASTER,blastcaster,4,0,强效清洁,arts,base,0,0,900.0,760.0,80.0,0.0,60.0,0.0,2.1,1,1,,,1,1890.0,1890.0,1890,1890,,236.2,,,,,,,,,,,,1,8,0,柠檬味的童年
阿罗玛,CASTER,blastcaster,4,1,小心地滑,arts,base,0,0,900.0,760.0,80.0,0.0,60.0,0.0,2.2,1,1,23.0,,1,1980.0,1980.0,1980,1980,86.1,52.1,,,,,,,,,,,,1,42,27,柠檬味的童年
阿米娅,CASTER,corecaster,4,1,精神爆发,arts,base,0,0,732.0,612.0,70.0,0.0,50.0,0.0,0.6,8.0,1,25.0,1.6,15,439.2,439.2,52704,52704,2108.2,421.6,,,,,,,,,,,,1,100,0,DWDB-221E
阿米娅,CASTER,corecaster,4,2,奇美拉,true,base,0,0,732.0,612.0,70.0,0.0,50.0,0.0,3.3,1,1,30.0,,1,2415.6,2415.6,2415,2415,80.5,16.1,,,,,,,,,,,,1,120,0,DWDB-221E
安哲拉,SNIPER,longrange,4,0,攻击力强化·γ型,physical,base,0,0,1201.0,1070.0,40.0,0.0,91.0,0.0,2.0,1,1,30.0,2.25,13,2402.0,2402.0,31226,31226,1040.9,693.9,,,,,,,,,,,,1,30,15,枪支调试工具组
安哲拉,SNIPER,longrange,4,1,阻滞射击战术,physical,base,0,0,1201.0,1070.0,40.0,0.0,91.0,0.0,3.4,1,1,30.0,2.25,13,4083.4,4083.4,53084,53084,1769.5,1179.6,,,,,,,,,,,,1,30,15,枪支调试工具组
奥达,WARRIOR,hammer,4,0,火花溅射,physical,base,0,0,1614.0,1190.0,70.0,0.0,85.0,0.2,2.4,1,1,,,1,3873.6,3873.6,3873,3873,,,,,,,,,,,,,,2,2,0,旧背包
奥达,WARRIOR,hammer,4,1,锻锤之力,physical,base,0,0,1614.0,1190.0,70.0,0.0,85.0,0.2,2.0,1,1,18.0,,1,3228.0,3228.0,3228,3228,179.3,97.8,,,,,,,,,,,,1,30,15,旧背包
奥斯塔,SNIPER,reaperrange,4,0,迅捷打击·γ型,physical,base,0,0,806.0,691.0,65.0,0.0,50.0,0.0,1.45,1,1,35.0,1.586206896551724,22,1168.7,1168.7,25711,25711,734.6,467.5,,,,,,,,,,,,1,35,15,逃亡路上的应急小包
奥斯塔,SNIPER,reaperrange,4,1,影钉,physical,base,0,0,806.0,691.0,65.0,0.0,50.0,0.0,1.7,1,1,25.0,2.8,8,1370.2,1370.2,10961,10961,438.5,219.2,,,,,,,,,,,,1,50,25,逃亡路上的应急小包
八幡海铃,SPECIAL,stalker,4,0,颤栗之弦,arts,base,0,0,909.0,809.0,30.0,0.0,70.0,0.0,0.7,5.0,1,2.1,3.2710280373831777,0,636.3,636.3,0,0,,,,,,,,,,,,,,2,4,0,额外训练
八幡海铃,SPECIAL,stalker,4,1,无存之所,arts,base,0,0,909.0,809.0,30.0,0.0,70.0,0.0,1.0,1,1,15.0,3.2710280373831777,4,909.0,909.0,3636,3636,242.4,121.2,,,,,,,,,,,,1,40,25,额外训练
摆渡人,WARRIOR,centurion,4,0,奔流,physical,base,0,0,876.0,760.0,50.0,0.0,66.0,0.0,1.35,1,1,,,1,1182.6,1182.6,1182,1182,,,,,,,,,,,,,,2,4,0,回家的路
摆渡人,WARRIOR,centurion,4,1,同胞的意志,physical,base,0,0,876.0,760.0,50.0,0.0,66.0,0.0,2.0,1,1,30.0,,1,1752.0,1752.0,1752,1752,58.4,38.9,,,,,,,,,,,,1,45,30,回家的路
柏喙,WARRIOR,sword,4,0,飞针剑羽,arts,base,0,0,761.9,602.0,80.0,0.0,65.0,0.02,1.8,1,1,,,1,1371.5,1371.5,1371,1371,,,,,,,,,,,,,,2,2,0,做工优良的衬衣
柏喙,WARRIOR,sword,4,1,异刃斩,physical,base,0,0,761.9,602.0,80.0,0.0,65.0,0.02,2.0,1,6.0,,,1,1523.9,1523.9,1523,1523,,,,,,,9143,,,,,,,2,7,5,做工优良的衬衣
白金,SNIPER,fastshot,4,0,攻击力强化·γ型,physical,base,0,0,620.0,505.0,75.0,0.0,40.0,0.0,2.0,1,1,30.0,,1,1240.0,1240.0,1240,1240,41.3,27.6,,,,,,,,,,,,1,30,15,独自旅行套装
白金,SNIPER,fastshot,4,1,天马视域,physical,base,0,0,620.0,505.0,75.0,0.0,40.0,0.0,2.0,1,1,,,1,1240.0,1240.0,1240,1240,,24.8,,,,,,,,,,,,1,50,0,独自旅行套装
白面鸮,MEDIC,ringhealer,4,0,治疗强化·γ型,none,base,0,0,437.0,335.0,55.0,0.0,47.0,0.0,1.9,1,1,30.0,,1,830.3,,830,,,,,,,,,,,,,,,1,30,20,医疗环境分析装置
暴行,WARRIOR,centurion,4,0,强力击·β型,physical,base,0,0,879.7,705.0,0.0,0.0,60.0,0.15,2.3,1,1,,,1,2023.4,2023.4,2023,2023,,,,,,,,,,,,,,2,3,0,未竟的旅程
暴行,WARRIOR,centurion,4,1,微差爆破,physical,base,0,0,879.7,705.0,0.0,0.0,60.0,0.15,4.0,1,5.0,,,1,3519.0,3519.0,3518,3518,,,,,,,17594,,,,,,,2,17,0,未竟的旅程
贝娜,SPECIAL,dollkeeper,4,0,奋力修剪,physical,base,0,0,797.0,682.0,60.0,0.0,55.0,0.0,2.0,1,1,20.0,,1,1594.0,1594.0,1594,1594,79.7,53.1,,,,,,,,,,,,1,35,25,《乔弗瑞古今童话集》精装本
贝娜,SPECIAL,dollkeeper,4,1,快速修剪,physical,base,0,0,797.0,682.0,60.0,0.0,55.0,0.0,1.9,1,1,22.0,0.6666666666666666,33,1514.3,1514.3,49971,49971,2271.5,1723.2,,,,,,,,,,,,1,25,18,《乔弗瑞古今童话集》精装本
鞭刃,WARRIOR,instructor,4,1,鞭刃,physical,base,0,0,727.0,645.0,30.0,0.0,52.0,0.0,1.6,1,1,25.0,0.9905660377358491,25,1163.2,1163.2,29080,29080,1163.2,447.4,,,,,,,,,,,,1,60,20,加长鞭刃丝线
冰酿,SNIPER,hunter,4,0,攻击力强化·γ型,physical,base,0,0,1138.0,958.0,105.0,0.0,75.0,0.0,2.0,1,1,30.0,,1,2276.0,2276.0,2276,2276,75.9,50.6,,,,,,,,,,,,1,30,15,“桀骜”
冰酿,SNIPER,hunter,4,1,酣醉之夜,physical,base,0,0,1138.0,958.0,105.0,0.0,75.0,0.0,2.4,1,1,40.0,,1,2731.2,2731.2,2731,2731,68.3,49.7,,,,,,,,,,,,1,40,25,“桀骜”
波卜,SUPPORT,ritualist,4,0,非和平劝说,arts,base,0,0,521.0,446.0,40.0,0.0,35.0,0.0,2.0,1,1,,,1,1042.0,1042.0,1042,1042,,104.2,,,,,,625,,,,,,1,10,0,社工课程二手教材
波卜,SUPPORT,ritualist,4,1,“此路不通”,arts,base,0,0,521.0,446.0,40.0,0.0,35.0,0.0,1.4,1,1,11.0,1.6,6,729.4,729.4,4376,4376,397.9,175.1,,,,,,625,56.8,17.59,36.2,,93.1,1,24,10,社工课程二手教材
薄绿,CASTER,phalanx,4,0,风语,arts,base,0,0,859.0,732.0,75.0,0.0,52.0,0.0,1.6,1,1,20.0,2.0,10,1374.4,1374.4,13744,13744,687.2,429.5,,,,,,,,,,,,1,20,8,注意力保持装置
薄绿,CASTER,phalanx,4,1,聚能涡旋,arts,base,0,0,859.0,732.0,75.0,0.0,52.0,0.0,1.3,1,1,20.0,2.0,10,1116.7,1116.7,11167,11167,558.4,372.2,,,,,,,,,,,,1,25,15,注意力保持装置
伯塔尼,SUPPORT,ritualist,4,0,谐波破坏,arts,base,0,0,533.0,461.0,40.0,0.0,32.0,0.0,1.1,1,1,,,1,586.3,586.3,586,586,,117.3,,,,,,533,,,,,,1,5,0,昨日、今日、明日
布洛卡,WARRIOR,centurion,4,0,通电,physical,base,0,0,1043.6,762.0,80.0,0.0,50.0,0.17,1.8,1,1,30.0,,1,1878.6,1878.6,1878,1878,62.6,31.3,,,,,,,,,,,,1,50,20,“兄弟”
布洛卡,WARRIOR,centurion,4,1,高压电流,physical,base,0,0,1043.6,762.0,80.0,0.0,50.0,0.17,2.9,1,1,25.0,1.85,13,3026.6,3026.6,39345,39345,1573.8,983.6,,,,,,,,,,,,1,35,20,“兄弟”
裁度,SPECIAL,merchant,4,0,量衣尺,physical,base,0,0,836.0,741.0,25.0,0.0,70.0,0.0,1.6,1,1,,,1,1337.6,1337.6,1337,1337,,334.4,,,,,,,,,,,,1,4,0,“头面人物”
裁度,SPECIAL,merchant,4,1,缝线缠身,physical,base,0,0,836.0,741.0,25.0,0.0,70.0,0.0,1.6,1,4.0,8.0,,1,1337.6,1337.6,1337,1337,167.2,121.6,,,,,5350,,,,,,,1,8,5,“头面人物”
苍苔,WARRIOR,instructor,4,0,强力击·β型,physical,base,0,0,745.0,650.0,35.0,0.0,60.0,0.0,2.3,1,1,,,1,1713.5,1713.5,1713,1713,,,,,,,,,,,,,,2,3,0,餐后好时光
苍苔,WARRIOR,instructor,4,1,土石的恒心,physical,base,0,0,745.0,650.0,35.0,0.0,60.0,0.0,1.8,1,1,30.0,,1,1341.0,1341.0,1341,1341,44.7,29.8,,,,,,,,,,,,1,50,35,餐后好时光
车尔尼,TANK,artsprotector,4,0,纷飞十指,physical,base,0,0,665.0,625.0,40.0,0.0,0.0,0.0,1.8,1,1,35.0,,1,1197.0,1197.0,1197,1197,34.2,23.9,,,,,,,,,,,,1,35,20,“日复一日”
车尔尼,TANK,artsprotector,4,1,曲惊四座,arts,base,0,0,665.0,625.0,40.0,0.0,0.0,0.0,3.25,1,1,20.0,,1,2161.2,2161.2,2161,2161,108.1,54.0,,,,,,,,,,,,1,30,10,“日复一日”
承曦格雷伊,SNIPER,bombarder,4,0,迅捷打击·γ型,physical,base,0,0,728.0,628.0,60.0,0.0,40.0,0.0,1.45,1,1,35.0,1.4482758620689655,24,1055.6,1055.6,25334,25334,723.8,460.6,,,,,,,,,,,,1,35,15,新型电控设备技术原型
承曦格雷伊,SNIPER,bombarder,4,1,晨曦信标,arts,base,0,0,728.0,628.0,60.0,0.0,40.0,0.0,1.3,1,1,,,1,946.4,946.4,946,946,,37.9,,,,,,,,,,,,1,25,0,新型电控设备技术原型
赤冬,WARRIOR,musha,4,0,信影流·雷刀之势,physical,base,0,0,828.0,728.0,30.0,0.0,70.0,0.0,1.8,1,1,12.0,,1,1490.4,1490.4,1490,1490,124.2,53.2,,,,,,,,,,,,1,16,0,武将甲胄
赤冬,WARRIOR,musha,4,1,信影流·十文字胜,physical,base,0,0,828.0,728.0,30.0,0.0,70.0,0.0,2.0,1,1,20.0,,1,1656.0,1656.0,1656,1656,82.8,55.2,,,,,,,,,,,,1,25,15,武将甲胄
刺玫,MEDIC,incantationmedic,4,1,荆藤庇荫,arts,base,0,0,618.0,550.0,30.0,0.0,38.0,0.0,0.9,1,1,15.0,,1,556.2,556.2,556,556,37.1,18.5,,,,,,,,,,,,1,30,15,碎片
达格达,WARRIOR,fighter,4,0,反制技巧,physical,base,0,0,664.0,574.0,40.0,0.0,50.0,0.0,2.1,1,1,,,1,1394.4,1394.4,1394,1394,,,,,,,,,,,,,,4,4,3,后街圆盾
达格达,WARRIOR,fighter,4,1,精准捕杀,physical,base,0,0,664.0,574.0,40.0,0.0,50.0,0.0,1.35,1,1,15.0,,1,896.4,896.4,896,896,59.8,29.9,,,,,,,,,,,,1,30,15,后街圆盾
戴菲恩,CASTER,mystic,4,0,“贯注”,arts,base,0,0,1462.0,1240.0,130.0,0.0,92.0,0.0,0.5,1,1,5.0,2.4615384615384617,2,731.0,731.0,1462,1462,292.4,97.5,,,,,,,,,,,,1,15,5,正义黯淡
戴菲恩,CASTER,mystic,4,1,“抢攻”,arts,base,0,0,1462.0,1240.0,130.0,0.0,92.0,0.0,2.0,1,1,30.0,2.3076923076923075,13,2924.0,2924.0,38012,38012,1267.1,760.2,,,,,,,,,,,,1,40,20,正义黯淡
但书,SUPPORT,slower,4,0,纠纷起诉,arts,base,0,0,672.8,513.0,65.0,0.0,45.0,0.08,3.0,1,1,,,1,2018.5,2018.5,2018,2018,,403.7,,,,,,,,,,,,1,5,0,黛丝特的毕业礼
但书,SUPPORT,slower,4,1,致胜立论,arts,base,0,0,672.8,513.0,65.0,0.0,45.0,0.08,3.5,1,1,10.0,0.7272727272727272,13,2354.9,2354.9,30614,30614,3061.4,1530.7,,,,,,,,,,,,1,25,15,黛丝特的毕业礼
导火索,WARRIOR,centurion,4,0,火力侦察,physical,base,0,0,905.0,795.0,40.0,0.0,70.0,0.0,1.3,1,1,63.1578947368421,0.631578947368421,100,1176.5,1176.5,117650,117650,1862.8,1414.8,,,,,,,,,,,,1,45,25,副语言符号展示系统
导火索,WARRIOR,centurion,4,1,霰射炸药,physical,base,0,0,905.0,795.0,40.0,0.0,70.0,0.0,4.8,1,1,3.5999999999999996,1.2,3,4344.0,4344.0,13032,13032,3620.0,958.2,,,,,,,,,,,,1,30,20,副语言符号展示系统
德克萨斯,PIONEER,pioneer,4,1,剑雨,arts,base,0,0,612.0,500.0,70.0,0.0,42.0,0.0,1.7,1,1,,,1,1040.4,1040.4,1040,1040,,104.0,,,,,,,,,,,,1,40,30,外勤私人补给包
蒂比,SPECIAL,skywalker,4,0,专业喷绘技巧,physical,base,0,0,785.0,745.0,40.0,0.0,0.0,0.0,2.0,1,1,40.0,,1,1570.0,1570.0,1570,1570,39.2,31.4,,,,,,,,,,,,1,20,10,
蒂比,SPECIAL,skywalker,4,1,紧急赶场通知,arts,base,0,0,785.0,745.0,40.0,0.0,0.0,0.0,1.5,1,1,15.0,,1,1177.5,1177.5,1177,1177,78.5,58.9,,,,,,,,,,,,1,10,5,
断崖,WARRIOR,lord,4,0,多导向散射弹丸,arts,base,0,0,800.0,670.0,75.0,0.0,55.0,0.0,1.6,1,3.0,,,1,1280.0,1280.0,1280,1280,,,,,,,3840,,,,,,,2,3,0,荒野便携提神剂
断崖,WARRIOR,lord,4,1,浮游刃启动,arts,base,0,0,800.0,670.0,75.0,0.0,55.0,0.0,1.0,1,1,25.0,1.1206896551724137,22,800.0,800.0,17600,17600,704.0,352.0,,,,,,,,,,,,1,50,25,荒野便携提神剂
铎铃,WARRIOR,crusher,4,0,攻击力强化·γ型,physical,base,0,0,2138.6,1438.0,70.0,0.0,100.0,0.33,2.0,1,1,30.0,,1,4277.3,4277.3,4277,4277,142.6,95.1,,,,,,,,,,,,1,30,15,致继任者
铎铃,WARRIOR,crusher,4,1,乡心无改,physical,base,0,0,2138.6,1438.0,70.0,0.0,100.0,0.33,3.4499999999999997,1,1,5.0,2.5,2,7378.3,7378.3,14756,14756,2951.3,737.8,,,,,,,,,,,,1,25,10,致继任者
渡桥,PIONEER,tactician,4,1,承压功率,physical,base,0,0,595.0,495.0,60.0,0.0,40.0,0.0,1.8,1,1.0,15.0,1.0,15,1071.0,1071.0,16065,16065,1071.0,459.0,,,,,,,,,,,,1,40,20,内敛锋芒
菲莱,TANK,primprotector,4,1,冥河诅咒,arts,base,0,0,713.0,603.0,40.0,0.0,70.0,0.0,4.0,1,1,40.0,,1,2852.0,2852.0,2852,2852,71.3,43.9,,,,,,178,4.5,224.4,4.3,,8.7,1,45,20,被摩挲的日子
风丸,SPECIAL,dollkeeper,4,0,纸艺·迅击,physical,base,0,0,837.0,692.0,80.0,0.0,65.0,0.0,3.5,1,1,,,1,2929.5,2929.5,2929,2929,,,,,,,,,,,,,,2,2,0,旧物
风丸,SPECIAL,dollkeeper,4,1,纸艺·双影,physical,base,0,0,837.0,692.0,80.0,0.0,65.0,0.0,2.2,1,1,20.0,,1,1841.4,1841.4,1841,1841,92.1,73.7,,,,,,,,,,,,1,20,15,旧物
芙兰卡,WARRIOR,fearless,4,0,迅捷打击·γ型,physical,base,0,0,1106.0,936.0,75.0,0.0,95.0,0.0,1.45,1,1,35.0,1.0344827586206897,33,1603.7,1603.7,52922,52922,1512.1,962.2,,,,,,,,,,,,1,35,15,尖端铝热单元
芙兰卡,WARRIOR,fearless,4,1,极致锋度,physical,base,0,0,1106.0,936.0,75.0,0.0,95.0,0.0,2.0,1,1,30.0,,1,2212.0,2212.0,2212,2212,73.7,55.3,,,,,,,,,,,,1,20,10,尖端铝热单元
复奏,CASTER,splashcaster,4,0,合奏起拍,arts,base,0,0,950.0,785.0,90.0,0.0,75.0,0.0,2.1,1,1,,,1,1995.0,1995.0,1995,1995,,285.0,,,,,,,,,,,,1,7,0,“暮约”
复奏,CASTER,splashcaster,4,1,直到终曲,arts,base,0,0,950.0,785.0,90.0,0.0,75.0,0.0,1.8,1,1,,,1,1710.0,1710.0,1710,1710,,142.5,,,,,,,,,,,,1,12,0,“暮约”
格拉尼,PIONEER,charger,4,1,永不后退！,physical,base,0,0,552.0,552.0,0.0,0.0,0.0,0.0,1.8,1,1,30.0,,1,993.6,993.6,993,993,33.1,19.9,,,,,,,,,,,,1,70,50,骑警套装
格劳克斯,SUPPORT,slower,4,0,双线装填,arts,base,0,0,585.0,505.0,35.0,0.0,45.0,0.0,1.5,1,2.0,25.0,1.9,13,877.5,877.5,11407,11407,456.3,285.2,,,,,22815,,,,,,,1,35,20,外骨骼装备
瑰盐,MEDIC,ringhealer,4,0,上佳的应急药呀,none,base,0,0,406.9,330.0,30.0,0.0,47.0,0.0,1.9,1,1,,,1,773.2,,773,,,,773,,96.7,,,,,,,,,1,8,0,多彩盐漠生活
瑰盐,MEDIC,ringhealer,4,1,绝妙的长效药呀,arts,base,0,0,406.9,330.0,30.0,0.0,47.0,0.0,0.5,1,1,27.0,1.5,18,203.5,203.5,3662,3662,135.6,101.7,,,,,,,,,,,,1,36,27,多彩盐漠生活
哈蒂娅,WARRIOR,mercenary,4,1,剑角之锋,physical,base,0,0,608.4,530.0,55.0,0.0,0.0,0.04,2.5,1,3.0,20.0,1.25,16,1521.0,1521.0,24336,24336,1216.8,785.0,,,,,73008,,,,,,,1,26,15,
海蒂,SUPPORT,bard,4,0,虚构故事·怒士,arts,base,0,0,442.0,320.0,40.0,0.0,21.0,0.16,2.1,1,1,10.0,,1,928.1,928.1,928,928,92.8,51.6,,,,,,,,,,,,1,20,12,华贵璀璨的死斗
海沫,WARRIOR,reaper,4,0,回首，断舍,physical,base,0,0,710.0,670.0,40.0,0.0,0.0,0.0,1.65,1,1,,,1,1171.5,1171.5,1171,1171,,,,,,,,,,,,,,2,2,0,“启航”
海沫,WARRIOR,reaper,4,1,泡影，殆尽,physical,base,0,0,710.0,670.0,40.0,0.0,0.0,0.0,1.6,1,1,20.0,0.9923664122137404,20,1136.0,1136.0,22720,22720,1136.0,757.3,,,,,,,,,,,,1,30,20,“启航”
海霓,SUPPORT,underminer,4,0,迷惑性洋流图,arts,base,0,0,538.0,440.0,65.0,0.0,33.0,0.0,2.0,1,4.0,,,1,1076.0,1076.0,1076,1076,,,,,,,4304,,,,,,,2,3,0,多功能测绘仪-改良版
海霓,SUPPORT,underminer,4,1,阻滞性显色剂,arts,base,0,0,538.0,440.0,65.0,0.0,33.0,0.0,1.5,1,2.0,30.0,1.6,18,807.0,807.0,14526,14526,484.2,363.1,,,,,29052,,,,,,,1,35,25,多功能测绘仪-改良版
哈洛德,MEDIC,wandermedic,4,0,治疗强化·γ型,none,base,0,0,452.0,385.0,35.0,0.0,32.0,0.0,1.9,1,1,30.0,,1,858.8,,858,,,,,,,,,,,,,,,1,30,20,腿部护理套装
寒芒克洛丝,SNIPER,fastshot,4,0,无痕,physical,base,0,0,608.0,502.0,75.0,0.0,31.0,0.0,1.4,1,1,15.0,,1,851.2,851.2,851,851,56.7,,,,,,,,,,,,,2,15,10,真心的话和想冒的险
寒檀,CASTER,splashcaster,4,0,迅捷打击·γ型,arts,base,0,0,1116.0,770.0,90.0,0.0,70.0,0.2,1.45,1,1,35.0,2.0,17,1618.2,1618.2,27509,27509,786.0,500.2,,,,,,,,,,,,1,35,15,“冰焰”
寒檀,CASTER,splashcaster,4,1,“女巫之泪”,arts,base,0,0,1116.0,770.0,90.0,0.0,70.0,0.2,0.9,1,1,15.0,0.5,30,1004.4,1004.4,30132,30132,2008.8,860.9,,,,,,,,,,,,1,40,20,“冰焰”
赫默,MEDIC,physician,4,0,治疗强化·γ型,none,base,0,0,557.0,482.0,75.0,0.0,0.0,0.0,1.9,1,1,30.0,2.317073170731707,12,1058.3,,12699,,,,,,,,,,,,,,,1,30,20,紧急防卫程序
衡沙,SUPPORT,summoner,4,1,权知轻重,arts,base,0,0,525.0,450.0,35.0,0.0,40.0,0.0,1.4,1,1,20.0,,1,735.0,735.0,735,735,36.8,36.8,,,,,,,,,,,,1,40,20,过往留痕
和弦,CASTER,mystic,4,0,轻巧舞步,arts,base,0,0,1457.0,1245.0,130.0,0.0,82.0,0.0,0.5,1,1,5.0,3.2,1,728.5,728.5,728,728,145.7,48.6,,,,,,,,,,,,1,15,5,情报人员资料夹
红,SPECIAL,executor,4,0,处决模式,physical,base,0,0,679.0,530.0,75.0,0.0,74.0,0.0,1.8,1,1,10.0,0.8942307692307693,11,1222.2,1222.2,13444,13444,1344.4,,,,,,,,,,,,,8,0,0,神秘的道具包
红,SPECIAL,executor,4,1,狼群,physical,base,0,0,679.0,530.0,75.0,0.0,74.0,0.0,2.5,1,1,,,1,1697.5,1697.5,1697,1697,,,,,,,,,,,,,,8,0,0,神秘的道具包
吽,TANK,guardian,4,1,反制医疗模式,physical,base,0,0,442.0,442.0,0.0,0.0,0.0,0.0,1.8,1,1,30.0,2.5,12,795.6,795.6,9547,9547,318.2,,,,,,,,,,,,,4,20,18,八点档情景剧录像带
红隼,PIONEER,pioneer,4,1,醉刃乱舞,physical,base,0,0,594.0,514.0,50.0,0.0,30.0,0.0,1.4,1,1,15.0,0.75,20,831.6,831.6,16632,16632,1108.8,554.4,,,,,,,,,,,,1,30,15,威吓者
华法琳,MEDIC,physician,4,1,不稳定血浆,none,base,0,0,627.0,505.0,75.0,0.0,47.0,0.0,1.9,1,1,15.0,1.0,15,1191.3,,17869,,,,,,,,,,,,,,,1,60,50,应急储备
槐琥,SPECIAL,executor,4,1,七武掠阵踢,physical,base,0,0,651.0,536.0,50.0,0.0,65.0,0.0,2.9,1,1,,,1,1887.9,1887.9,1887,1887,,,,,,,,,,,,,,8,0,0,红眉咏春拳谱
灰毫,TANK,fortress,4,0,攻击力强化·γ型,physical,base,0,0,1083.5,865.0,50.0,0.0,70.0,0.1,2.0,1,1,30.0,,1,2167.0,2167.0,2167,2167,72.2,48.2,,,,,,,,,,,,1,30,15,出门必备套装
灰毫,TANK,fortress,4,1,专注轰击,physical,base,0,0,1083.5,865.0,50.0,0.0,70.0,0.1,1.55,1,1,10.0,2.15,4,1679.4,1679.4,6717,6717,671.8,373.2,,,,,,,,,,,,1,18,10,出门必备套装
灰喉,SNIPER,fastshot,4,0,飞羽,physical,base,0,0,621.0,513.0,75.0,0.0,33.0,0.0,1.4,1,1,,,3,869.4,869.4,2608,2608,,217.3,,,,,,,,,,,,1,4,0,母爱的倒影
灰喉,SNIPER,fastshot,4,1,回流,physical,base,0,0,621.0,513.0,75.0,0.0,33.0,0.0,1.4,1,1,20.0,0.8771929824561403,22,869.4,869.4,19126,19126,956.3,,,,,,,,,,,,,2,30,15,母爱的倒影
火哨,TANK,fortress,4,0,野火,mixed,base,0,0,1168.2,882.0,50.0,0.0,58.0,0.18,1.85,1,1,,,1,2161.2,,2161,,,,,,,,,584,,,,,,1,8,0,“成长的足迹”
火哨,TANK,fortress,4,1,焦土,arts,base,0,0,1168.2,882.0,50.0,0.0,58.0,0.18,0.85,1,1,17.0,,1,993.0,993.0,992,992,58.4,29.2,,,,,,992,58.4,17.12,29.5,,87.9,1,40,23,“成长的足迹”
火神,TANK,unyield,4,1,武力模式,physical,base,0,0,870.0,820.0,50.0,0.0,0.0,0.0,2.5,1,1,30.0,2.0,15,2175.0,2175.0,32625,32625,1087.5,815.6,,,,,,,,,,,,1,50,40,锻椎者
贾维,PIONEER,pioneer,4,1,火焰剥离,arts,base,0,0,729.1,522.0,70.0,0.0,42.0,0.15,3.5,1,1,8.0,,1,2551.8,2551.8,2551,2551,319.0,141.8,,,,,,,,,,,,1,45,35,自制千斤顶
截云,SNIPER,aoesniper,4,0,探前路,physical,base,0,0,1162.3,835.0,85.0,0.0,65.0,0.18,1.8,1,1,30.0,2.3333333333333335,12,2092.1,2092.1,25105,25105,836.9,557.9,,,,,,,,,,,,1,30,15,小石头
截云,SNIPER,aoesniper,4,1,掷旧尘,physical,base,0,0,1162.3,835.0,85.0,0.0,65.0,0.18,1.35,1,1,15.0,1.0,15,1569.1,1569.1,23536,23536,1569.1,,,,,,,,,,,,,2,8,0,小石头
极光,TANK,duelist,4,1,人工降雪,physical,base,0,0,1046.0,901.0,55.0,0.0,90.0,0.0,5.7749999999999995,1,1,,,1,6040.6,6040.6,6040,6040,,862.9,,,,,,,,,,,,1,20,13,盾用摄制模块
惊蛰,CASTER,chain,4,0,攻击力强化·γ型,arts,base,0,0,785.0,635.0,75.0,0.0,75.0,0.0,2.0,1,1,30.0,,1,1570.0,1570.0,1570,1570,52.3,34.9,,,,,,,,,,,,1,30,15,“天地通明”
惊蛰,CASTER,chain,4,1,初雷,arts,base,0,0,785.0,635.0,75.0,0.0,75.0,0.0,2.5,1,1,35.0,,1,1962.5,1962.5,1962,1962,56.1,30.2,,,,,,,,,,,,1,80,50,“天地通明”
九色鹿,SUPPORT,blessing,4,0,人间降吉,arts,base,0,0,528.0,443.0,35.0,0.0,50.0,0.0,1.6,1,1,25.0,,1,844.8,844.8,844,844,33.8,19.6,,,,,,,,,,,,1,30,12,“仙药”
吉星,SNIPER,reaperrange,4,0,欢迎您来！,physical,base,0,0,844.0,727.0,65.0,0.0,52.0,0.0,1.25,1,1,42.0,2.8,15,1055.0,1055.0,15825,15825,376.8,277.6,,,,,,,,,,,,1,45,30,可疑的宣传页
吉星,SNIPER,reaperrange,4,1,吉星高照！,physical,base,0,0,844.0,727.0,65.0,0.0,52.0,0.0,1.8,1,1,36.0,3.0,12,1519.2,1519.2,18230,18230,506.4,357.5,,,,,,,,,,,,1,40,25,可疑的宣传页
矩,SNIPER,siegesniper,4,1,良翼难乘,physical,base,0,0,1130.0,990.0,70.0,0.0,70.0,0.0,2.0,1,1,30.0,,1,2260.0,2260.0,2260,2260,75.3,50.2,,,,,,,,,,,,1,40,25,田间吓兽人
卡夫卡,SPECIAL,executor,4,0,怪异魔方,arts,base,0,0,731.2,525.0,0.0,0.0,60.0,0.25,4.5,1,1,5.0,,1,3290.6,3290.6,3290,3290,658.1,,,,,,,,,,,,,8,0,0,魔方挂坠
卡夫卡,SPECIAL,executor,4,1,诡异剪刀,arts,base,0,0,731.2,525.0,0.0,0.0,60.0,0.25,4.0,1,1,15.0,,1,2925.0,2925.0,2925,2925,195.0,,,,,,,,,,,,,8,0,0,魔方挂坠
可颂,TANK,protector,4,1,磁爆锤,physical,base,0,0,380.0,380.0,0.0,0.0,0.0,0.0,4.8,1,1,,,1,1824.0,1824.0,1824,1824,,,,,,,,,,,,,,4,17,0,作战靴
空,SUPPORT,bard,4,1,战斗之歌,arts,base,0,0,439.6,335.0,50.0,0.0,22.0,0.08,2.0,1,1,30.0,,1,879.1,879.1,879,879,29.3,17.6,,,,,,,,,,,,1,45,25,“齐唱”
空构,SPECIAL,geek,4,1,临场铳械改装,physical,base,0,0,747.0,662.0,45.0,0.0,40.0,0.0,1.3,1,1,20.0,0.9285714285714286,21,971.1,971.1,20393,20393,1019.7,679.8,,,,,,,,,,,,1,40,30,无人机喷涂套装
苦艾,CASTER,corecaster,4,0,执法模式,arts,base,0,0,753.0,633.0,70.0,0.0,50.0,0.0,1.9,1,1,,,1,1430.7,1430.7,1430,1430,,20.4,,,,,,,,,,,,1,70,0,“监护者”单兵通讯单元
苦艾,CASTER,corecaster,4,1,终结连射,arts,base,0,0,753.0,633.0,70.0,0.0,50.0,0.0,0.9,4.0,1,30.0,1.6,18,677.7,677.7,48794,48794,1626.5,938.4,,,,,,,,,,,,1,50,28,“监护者”单兵通讯单元
莱恩哈特,CASTER,splashcaster,4,0,攻击力强化·γ型,arts,base,0,0,979.7,773.0,90.0,0.0,70.0,0.05,2.0,1,1,30.0,,1,1959.3,1959.3,1959,1959,65.3,43.5,,,,,,,,,,,,1,30,15,传承与开拓
莱恩哈特,CASTER,splashcaster,4,1,解构与爆破,arts,base,0,0,979.7,773.0,90.0,0.0,70.0,0.05,2.3,1,1,6.0,,1,2253.2,2253.2,2253,2253,375.5,140.8,,,,,,,,,,,,1,10,0,传承与开拓
莱欧斯,WARRIOR,fearless,4,1,威吓战法,physical,base,0,0,1030.0,900.0,75.0,0.0,55.0,0.0,4.5,1,1,10.0,,1,4635.0,4635.0,4635,4635,463.5,289.7,,,,,,,,,,,,1,16,10,想要带回迷宫的包裹
蓝毒,SNIPER,fastshot,4,0,二重射击·自动,physical,base,0,0,640.0,535.0,75.0,0.0,30.0,0.0,2.0,1,1,,,1,1280.0,1280.0,1280,1280,,,,,,,,,,,,,,2,2,0,标准比色卡
蓝毒,SNIPER,fastshot,4,1,毒液散射,physical,base,0,0,640.0,535.0,75.0,0.0,30.0,0.0,1.5,2.0,1,30.0,0.8928571428571429,33,960.0,960.0,63360,63360,2112.0,1408.0,,,,,,,,,,,,1,40,25,标准比色卡
拉普兰德,WARRIOR,lord,4,0,日晷,physical,base,0,0,800.0,685.0,75.0,0.0,40.0,0.0,1.7,1,1,,,1,1360.0,1360.0,1360,1360,,,,,,,,,,,,,,2,30,0,“幼狼的牙齿”
拉普兰德,WARRIOR,lord,4,1,狼魂,physical,base,0,0,800.0,685.0,75.0,0.0,40.0,0.0,2.2,1,1,20.0,1.2264150943396226,16,1760.0,1760.0,28160,28160,1408.0,,,,,,,,,,,,,2,17,0,“幼狼的牙齿”
雷狼龙S空爆,WARRIOR,mercenary,4,1,超高输出属性解放斩,mixed,base,0,0,585.5,544.0,30.0,0.0,0.0,0.02,2.0,1,1,4.0,,1,1171.0,,1170,,,,,,,,,,,,,,,2,2,0,狩猎之路
雷蛇,TANK,shotprotector,4,1,反击电弧,arts,base,0,0,522.0,425.0,45.0,0.0,52.0,0.0,3.0,1,4.0,20.0,1.9,10,1566.0,1566.0,15660,15660,783.0,,,,,,62640,,,,,,,4,34,0,震撼存储
烈夏,WARRIOR,lord,4,0,迅捷打击·γ型,physical,base,0,0,779.0,680.0,40.0,0.0,59.0,0.0,1.45,1,1,35.0,0.6878306878306878,50,1129.5,1129.5,56477,56477,1613.6,1026.9,,,,,,,,,,,,1,35,15,旧衣服
烈夏,WARRIOR,lord,4,1,一呼百应,physical,base,0,0,779.0,680.0,40.0,0.0,59.0,0.0,2.15,1,2.0,25.0,0.9027777777777778,27,1674.8,1674.8,45220,45220,1808.8,1222.2,,,,,90441,,,,,,,1,28,16,旧衣服
凛冬,PIONEER,pioneer,4,1,乌萨斯战吼,physical,base,0,0,470.0,470.0,0.0,0.0,0.0,0.0,1.6,1,1,10.0,,1,752.0,752.0,752,752,75.2,30.1,,,,,,,,,,,,1,35,20,冬将军的毕业礼物
临光,TANK,guardian,4,1,急救模式,physical,base,0,0,562.0,462.0,40.0,0.0,60.0,0.0,1.8,1,1,40.0,2.5,16,1011.6,1011.6,16185,16185,404.6,323.7,,,,,,,,,,,,1,40,30,改良骑士盾牌
聆音,WARRIOR,primguard,4,0,开颅挽歌,physical,base,0,0,990.0,820.0,80.0,0.0,0.0,0.1,1.5,1,1,30.0,1.2,25,1485.0,1485.0,37125,37125,1237.5,825.0,,,,,,2475,82.5,12.12,45.2,,127.7,1,30,15,
聆音,WARRIOR,primguard,4,1,破膛弥撒,physical,base,0,0,990.0,820.0,80.0,0.0,0.0,0.1,2.5,1,6.0,,,1,2475.0,2475.0,2475,2475,,165.0,,,,,14850,,,,,,,1,15,0,
凛视,SUPPORT,ritualist,4,0,我见崩毁之前,arts,base,0,0,565.0,447.0,30.0,0.0,32.0,0.11,1.3,1,1,,,2,734.5,734.5,1468,1468,,104.9,,,,,,903,,,,,,1,7,0,启行未来的灯
历阵锐枪芬,PIONEER,charger,4,0,贯敌刺枪,physical,base,0,0,705.0,570.0,70.0,0.0,65.0,0.0,1.8,1,1,,,3,1269.0,1269.0,3807,3807,,253.8,,,,,,,,,,,,1,5,0,一往无前
历阵锐枪芬,PIONEER,charger,4,1,执守阵线,physical,base,0,0,705.0,570.0,70.0,0.0,65.0,0.0,2.2,1,1,20.0,0.9523809523809523,21,1551.0,1551.0,32571,32571,1628.6,,,,,,,,,,,,,8,0,0,一往无前
龙舌兰,WARRIOR,librator,4,0,当机立断,physical,base,0,0,377.0,302.0,50.0,0.0,25.0,0.0,1.7,1,1,20.0,0.8,25,640.9,640.9,16022,16022,801.1,400.6,,,,,,,,,,,,1,20,0,“双重身份”
龙舌兰,WARRIOR,librator,4,1,剑走偏锋,physical,base,0,0,377.0,302.0,50.0,0.0,25.0,0.0,2.3,1,1,15.0,1.2,12,867.1,867.1,10405,10405,693.7,452.4,,,,,,,,,,,,1,20,12,“双重身份”
罗宾,SPECIAL,traper,4,0,束缚“夹子”,physical,base,0,0,594.0,513.0,40.0,0.0,41.0,0.0,3.5,1,1,,,1,2079.0,2079.0,2079,2079,,173.2,,,,,,,,,,,,1,12,0,限量版年历
罗宾,SPECIAL,traper,4,1,弹射“夹子”,physical,base,0,0,594.0,513.0,40.0,0.0,41.0,0.0,3.8,1,1,,,1,2257.2,2257.2,2257,2257,,188.1,,,,,,,,,,,,1,12,0,限量版年历
洛洛,CASTER,funnel,4,1,自负此轭,arts,base,0,0,413.9,320.0,60.0,0.0,18.0,0.04,1.5,1,1,40.0,0.7027027027027027,56,620.9,620.9,34769,34769,869.2,632.2,,,,,,,,,,,,1,40,25,未命名的无人机
录武官,MEDIC,physician,4,0,触类旁通,none,base,0,0,577.0,502.0,75.0,0.0,0.0,0.0,1.55,1,2.0,,,3,894.4,,2683,,,,2683,,127.8,,5366,,,,,,,1,7,0,未完成的录武簿
录武官,MEDIC,physician,4,1,一点关窍,none,base,0,0,577.0,502.0,75.0,0.0,0.0,0.0,1.8,1,1,25.0,2.2093023255813953,11,1038.6,,11424,,,,11424,457.0,326.4,,,,,,,,,1,35,25,未完成的录武簿
掠风,SUPPORT,craftsman,4,0,此身为筑,physical,base,0,0,783.6,565.0,40.0,0.0,48.0,0.2,2.5,1,1,,,1,1959.0,1959.0,1959,1959,,326.5,,,,,,,,,,,,1,6,0,“灵机一动”
掠风,SUPPORT,craftsman,4,1,此身为源,arts,base,0,0,783.6,565.0,40.0,0.0,48.0,0.2,2.6,1,1,15.0,2.0,7,2037.4,2037.4,14261,14261,950.8,475.4,,,,,,,,,,,,1,50,35,“灵机一动”
梅尔,SUPPORT,summoner,4,1,爆破回收,arts,base,0,0,518.0,443.0,35.0,0.0,40.0,0.0,6.0,1,1,,,1,3108.0,3108.0,3108,3108,,103.6,,,,,,,,,,,,1,30,0,咪波控制终端XP
玫拉,SNIPER,closerange,4,0,饱和脉冲,physical,base,0,0,957.0,792.0,90.0,0.0,75.0,0.0,2.8,1,1,30.0,2.4000000000000004,12,2679.6,2679.6,32155,32155,1071.8,714.6,,,,,,,,,,,,1,40,25,香薰耳坠
玫拉,SNIPER,closerange,4,1,临界爆发,physical,base,0,0,957.0,792.0,90.0,0.0,75.0,0.0,5.0,1,1,,,1,4785.0,4785.0,4785,4785,,531.7,,,,,,,,,,,,1,15,6,香薰耳坠
蜜蜡,CASTER,phalanx,4,0,沙暴扩散,arts,base,0,0,875.0,735.0,70.0,0.0,70.0,0.0,1.6,1,1,20.0,,1,1400.0,1400.0,1400,1400,70.0,46.7,,,,,,,,,,,,1,18,8,“司祭的祝福”
蜜蜡,CASTER,phalanx,4,1,守卫尖碑,arts,base,0,0,875.0,735.0,70.0,0.0,70.0,0.0,3.0,1,1,20.0,,1,2625.0,2625.0,2625,2625,131.2,87.5,,,,,,,,,,,,1,20,10,“司祭的祝福”
蜜莓,MEDIC,wandermedic,4,1,振奋,none,base,0,0,410.0,375.0,35.0,0.0,0.0,0.0,1.5,1,3.0,25.0,2.688679245283019,9,615.0,,5535,,,,5535,221.4,110.7,,16605,,,,,,,1,45,20,落地之后
明椒,MEDIC,chainhealer,4,1,同伴意识,none,base,0,0,550.0,439.0,50.0,0.0,61.0,0.0,1.7,1,1,25.0,,1,935.0,,935,,,,935,37.4,31.2,,,,,,,,,1,30,25,“多彩人生”
Miss.Christine,CASTER,primcaster,4,0,自由用餐礼仪,arts,base,0,0,705.0,575.0,65.0,0.0,65.0,0.0,1.5,1,2.0,25.0,1.6,15,1057.5,1057.5,15862,15862,634.5,396.6,,,,,31725,1586,63.5,15.76,38.8,,102.3,1,30,15,“黑色”贩卖机
Miss.Christine,CASTER,primcaster,4,1,狂饮之宴,arts,base,0,0,705.0,575.0,65.0,0.0,65.0,0.0,1.15,1,1,20.0,1.0,20,810.7,810.7,16214,16214,810.7,405.4,,,,,,,,,,,,1,35,15,“黑色”贩卖机
谜图,PIONEER,agent,4,0,关键线索,physical,base,0,0,639.0,566.0,40.0,0.0,33.0,0.0,3.0,1,1,,,1,1917.0,1917.0,1917,1917,,,,,,,,,,,,,,2,5,2,首要任务
谜图,PIONEER,agent,4,1,疑点追踪,arts,base,0,0,639.0,566.0,40.0,0.0,33.0,0.0,0.15,1,1,8.0,0.5882352941176471,13,95.8,95.8,1246,1246,155.8,,,,,,,,,,,,,2,26,14,首要任务
摩根,WARRIOR,fearless,4,0,街头好手,physical,base,0,0,1062.0,905.0,75.0,0.0,82.0,0.0,1.9,1,1,15.0,1.5,10,2017.8,2017.8,20178,20178,1345.2,807.1,,,,,,,,,,,,1,20,10,“钢铁之心”
摩根,WARRIOR,fearless,4,1,无畏招架,physical,base,0,0,1062.0,905.0,75.0,0.0,82.0,0.0,1.9,1,1,18.0,1.5,12,2017.8,2017.8,24213,24213,1345.2,,,,,,,,,,,,,8,0,0,“钢铁之心”
暮落,TANK,artsprotector,4,1,燃命狂欢,physical,base,0,0,918.8,649.0,80.0,0.0,70.0,0.15,0.8,6.0,1,20.0,1.2307692307692308,16,735.1,735.1,70567,70567,3528.4,,,,,,,,,,,,,4,20,0,票根收纳册
钼铅,SPECIAL,traper,4,0,“驱兽专用”,physical,base,0,0,610.0,520.0,40.0,0.0,50.0,0.0,2.5,1,1,,,1,1525.0,1525.0,1525,1525,,76.2,,,,,,,,,,,,1,20,0,矿石展览柜
钼铅,SPECIAL,traper,4,1,“顽石专用”,physical,base,0,0,610.0,520.0,40.0,0.0,50.0,0.0,2.5,1,1,5.0,,1,1525.0,1525.0,1525,1525,305.0,76.2,,,,,,,,,,,,1,20,0,矿石展览柜
诺威尔,MEDIC,healer,4,0,步履不停,none,base,0,0,594.0,516.0,40.0,0.0,38.0,0.0,1.4,1,1,30.0,2.0357142857142856,14,831.6,,11642,,,,11642,388.1,291.1,,,,,,,,,1,30,20,致祖父
诺威尔,MEDIC,healer,4,1,生命不息,none,base,0,0,594.0,516.0,40.0,0.0,38.0,0.0,0.45,1,3.0,,,1,267.3,,267,,,,267,,33.4,,801,,,,,,,1,20,12,致祖父
佩德洛,SUPPORT,supportiveranger,4,0,标记射击,arts,base,0,0,891.0,765.0,45.0,0.0,0.0,0.1,1.35,1,2.0,,,1,1202.9,1202.9,1202,1202,,,,,,,2405,,,,,,,2,4,0,
佩德洛,SUPPORT,supportiveranger,4,1,交替撤离,arts,base,0,0,891.0,765.0,45.0,0.0,0.0,0.1,2.1,1,3.0,8.0,,1,1871.1,1871.1,1871,1871,233.9,170.1,,,,,5613,,,,,,,1,22,19,
Pith,CASTER,splashcaster,4,0,“为我所为”,arts,base,0,0,821.0,821.0,0.0,0.0,0.0,0.0,1.4,1,1,30.0,1.7058823529411764,17,1149.4,1149.4,19539,19539,651.3,390.8,,,,,,,,,,,,1,40,20,
普罗旺斯,SNIPER,closerange,4,1,杀戮嗅觉,physical,base,0,0,926.0,781.0,90.0,0.0,55.0,0.0,3.2,1,1,35.0,,1,2963.2,2963.2,2963,2963,84.7,45.6,,,,,,,,,,,,1,30,0,尾巴养护套装
绮良,SPECIAL,stalker,4,1,锚点捕捉,arts,base,0,0,858.0,798.0,60.0,0.0,0.0,0.0,1.0,1,1,8.0,3.5,2,858.0,858.0,1716,1716,214.5,61.3,,,,,,,,,,,,1,30,10,《闹闹生存挑战3 联机版》
青枳,PIONEER,pioneer,4,1,工程者之愿,physical,base,0,0,475.0,455.0,20.0,0.0,0.0,0.0,1.35,1,1,15.0,,1,641.2,641.2,641,641,42.8,21.4,,,,,,,,,,,,1,40,25,寻乡人的启明星
熔泉,SNIPER,siegesniper,4,0,信号矢,physical,base,0,0,1124.0,954.0,95.0,0.0,75.0,0.0,1.8,1,1,20.0,2.4,8,2023.2,2023.2,16185,16185,809.3,539.5,,,,,,,,,,,,1,25,15,弩箭调试箱
熔泉,SNIPER,siegesniper,4,1,便携破城矢,physical,base,0,0,1124.0,954.0,95.0,0.0,75.0,0.0,2.4,1,1,26.999999999999996,2.6999999999999997,10,2697.6,2697.6,26976,26976,999.1,642.3,,,,,,,,,,,,1,40,25,弩箭调试箱
若叶睦,SPECIAL,dollkeeper,4,1,破坏与滋养,arts,base,0,0,792.0,752.0,40.0,0.0,0.0,0.0,1.2,1,1,15.0,0.8999999999999999,16,950.4,950.4,15206,15206,1013.8,524.4,,,,,,,,,,,,1,25,11,睦的新朋友
桑葚,MEDIC,wandermedic,4,0,治愈云雾,none,base,0,0,526.7,388.0,35.0,0.0,35.0,0.15,1.8,1,1,,,2,948.1,,1896,,,,1896,,316.0,,,,,,,,,1,3,0,宁心静神
三角初华,SUPPORT,bard,4,1,我悲悯的,arts,base,0,0,401.0,309.0,70.0,0.0,22.0,0.0,1.0,1,1,12.0,1.3,9,401.0,401.0,3609,3609,300.8,164.0,,,,,,,,,,,,1,30,20,占卜的意义
森西,TANK,guardian,4,0,单人份料理,physical,base,0,0,510.0,470.0,40.0,0.0,0.0,0.0,1.2,1,1,3.0,1.0,3,612.0,612.0,1836,1836,612.0,204.0,,,,,,,,,,,,1,6,0,非魔法厨艺
闪击,TANK,shotprotector,4,1,突破防线,physical,base,0,0,542.0,445.0,45.0,0.0,52.0,0.0,2.0,1,1,7.0,0.4,17,1084.0,1084.0,18428,18428,2632.6,837.6,,,,,,,,,,,,1,35,20,战术盾牌维护油
Sharp,WARRIOR,fearless,4,0,亮剑,physical,base,0,0,1100.5,957.0,0.0,0.0,0.0,0.15,3.0,1,1,30.0,1.5,20,3301.6,3301.6,66033,66033,2201.1,1320.7,,,,,,,,,,,,1,30,10,
深律,TANK,guardian,4,1,沉音宁神,physical,base,0,0,555.0,473.0,50.0,0.0,32.0,0.0,1.8,1,1,60.0,2.5,24,999.0,999.0,23976,23976,399.6,357.9,,,,,,,,,,,,1,60,53,受赐玩物
深巡,TANK,shotprotector,4,0,侵袭破坏应对,physical,base,0,0,536.0,439.0,45.0,0.0,52.0,0.0,1.5,1,1,30.0,,1,804.0,804.0,804,804,26.8,17.9,,,,,,,,,,,,1,30,15,基于咖啡的神经活性剂
深巡,TANK,shotprotector,4,1,行动能力剥夺,physical,base,0,0,536.0,439.0,45.0,0.0,52.0,0.0,1.5,1,4.0,15.0,0.8,18,804.0,804.0,14472,14472,964.8,657.8,,,,,57888,,,,,,,1,32,25,基于咖啡的神经活性剂
慑砂,SNIPER,aoesniper,4,0,攻击力强化·γ型,physical,base,0,0,978.0,833.0,85.0,0.0,60.0,0.0,2.0,1,1,30.0,,1,1956.0,1956.0,1956,1956,65.2,43.5,,,,,,,,,,,,1,30,15,“灵魂共鸣”
慑砂,SNIPER,aoesniper,4,1,延时震荡零件,physical,base,0,0,978.0,833.0,85.0,0.0,60.0,0.0,2.4,1,1,30.0,2.8,10,2347.2,2347.2,23472,23472,782.4,469.4,,,,,,,,,,,,1,40,20,“灵魂共鸣”
诗怀雅,WARRIOR,instructor,4,1,协同作战,physical,base,0,0,848.1,656.0,40.0,0.0,75.0,0.1,1.8,1,1,30.0,,1,1526.6,1526.6,1526,1526,50.9,,,,,,,,,,,,,2,45,20,防身口红
石棉,TANK,artsprotector,4,0,固守模式,physical,base,0,0,718.0,633.0,40.0,0.0,45.0,0.0,0.7,1,1,20.0,,1,502.6,502.6,502,502,25.1,12.6,,,,,,,,,,,,1,20,0,“石棉大战双头钳兽”
石棉,TANK,artsprotector,4,1,火电模式,physical,base,0,0,718.0,633.0,40.0,0.0,45.0,0.0,1.9,1,1,50.0,2.0,25,1364.2,1364.2,34105,34105,682.1,487.2,,,,,,,,,,,,1,50,30,“石棉大战双头钳兽”
蚀清,CASTER,blastcaster,4,0,专注力超载,arts,base,0,0,910.0,760.0,90.0,0.0,60.0,0.0,2.35,1,1,30.0,,1,2138.5,2138.5,2138,2138,71.3,35.6,,,,,,,,,,,,1,30,0,无可抹消
蚀清,CASTER,blastcaster,4,1,传导蚀滞弹,arts,base,0,0,910.0,760.0,90.0,0.0,60.0,0.0,2.0,1,1,25.0,,1,1820.0,1820.0,1820,1820,72.8,45.5,,,,,,,,,,,,1,40,25,无可抹消
食铁兽,SPECIAL,pusher,4,1,崩拳式,physical,base,0,0,720.0,640.0,45.0,0.0,35.0,0.0,2.5,1,1,5.0,,1,1800.0,1800.0,1800,1800,360.0,90.0,,,,,,,,,,,,1,15,0,尚蜀风味自制辣酱
时隙,CASTER,funnel,4,0,攻击力强化·γ型,arts,base,0,0,474.6,340.0,45.0,0.0,35.0,0.13,2.0,1,1,30.0,,1,949.2,949.2,949,949,31.6,21.1,,,,,,,,,,,,1,30,15,突发性创造思维
时隙,CASTER,funnel,4,1,科技与传统仪式,arts,base,0,0,474.6,340.0,45.0,0.0,35.0,0.13,1.5,1,1,40.0,0.7878787878787878,50,711.9,711.9,35595,35595,889.9,647.2,,,,,,,,,,,,1,40,25,突发性创造思维
狮蝎,SPECIAL,stalker,4,1,蓄力毒尾击,physical,base,0,0,1529.6,811.0,60.0,0.0,85.0,0.6,1.9,1,1,40.0,5.2,7,2906.2,2906.2,20343,20343,508.6,406.9,,,,,,,,,,,,1,20,10,训练用尾部防护套装
守林人,SNIPER,longrange,4,0,环境伪装,physical,base,0,0,1262.0,1085.0,90.0,0.0,87.0,0.0,1.7,1,1,50.0,,1,2145.4,2145.4,2145,2145,42.9,30.6,,,,,,,,,,,,1,20,0,野战狙击套装
守林人,SNIPER,longrange,4,1,战术电台,physical,base,0,0,1262.0,1085.0,90.0,0.0,87.0,0.0,3.0,1,1,,,1,3786.0,3786.0,3786,3786,,189.3,,,,,,,,,,,,1,50,30,野战狙击套装
霜华,SPECIAL,traper,4,0,陷阱部署,physical,base,0,0,616.0,529.0,40.0,0.0,47.0,0.0,3.5,1,1,,,1,2156.0,2156.0,2156,2156,,179.7,,,,,,,,,,,,1,12,0,机械式陷阱压力板
霜华,SPECIAL,traper,4,1,击倒猎物,physical,base,0,0,616.0,529.0,40.0,0.0,47.0,0.0,1.8,1,1,,,1,1108.8,1108.8,1108,1108,,92.4,,,,,,,,,,,,1,12,0,机械式陷阱压力板
双月,SPECIAL,dollkeeper,4,0,幻影诡雷,physical,base,0,0,823.0,708.0,50.0,0.0,65.0,0.0,4.0,1,1,,,1,3292.0,3292.0,3292,3292,,,,,,,,,,,,,,8,0,0,“遥远陌生的世界”
水灯心,SNIPER,loopshooter,4,0,所熟知的,physical,base,0,0,830.5,640.0,75.0,0.0,40.0,0.1,1.3,1,1,,,1,1079.7,1079.7,1079,1079,,,,,,,,,,,,,,2,2,0,风的颜色
水灯心,SNIPER,loopshooter,4,1,可驯服的,physical,base,0,0,830.5,640.0,75.0,0.0,40.0,0.1,1.5,1,1,25.0,,1,1245.8,1245.8,1245,1245,49.8,,,,,,,,,,,,,2,25,15,风的颜色
四月,SNIPER,fastshot,4,0,精准射击,physical,base,0,0,635.0,528.0,75.0,0.0,32.0,0.0,2.3,1,1,,,1,1460.5,1460.5,1460,1460,,,,,,,,,,,,,,2,3,0,高保真通讯耳机
四月,SNIPER,fastshot,4,1,灵活伪装,physical,base,0,0,635.0,528.0,75.0,0.0,32.0,0.0,2.0,1,1,26.0,0.9259259259259259,28,1270.0,1270.0,35560,35560,1367.7,,,,,,,,,,,,,8,0,0,高保真通讯耳机
送葬人,SNIPER,reaperrange,4,0,铳口收束,physical,base,0,0,837.0,720.0,65.0,0.0,52.0,0.0,1.7,1,1,35.0,2.1904761904761902,15,1422.9,1422.9,21343,21343,609.8,388.1,,,,,,,,,,,,1,45,25,执行者随身包
燧石,WARRIOR,fighter,4,0,不息,physical,base,0,0,675.0,545.0,75.0,0.0,55.0,0.0,2.3,1,1,,,1,1552.5,1552.5,1552,1552,,,,,,,,,,,,,,2,4,0,这些花朵的含义
燧石,WARRIOR,fighter,4,1,锋芒毕露,physical,base,0,0,675.0,545.0,75.0,0.0,55.0,0.0,1.55,1,1,20.0,0.5032258064516129,39,1046.2,1046.2,40803,40803,2040.2,1360.1,,,,,,,,,,,,1,35,25,这些花朵的含义
莎草,MEDIC,chainhealer,4,0,巧思乍现,none,base,0,0,560.0,440.0,60.0,0.0,60.0,0.0,2.0,1,1,,,1,1120.0,,1120,,,,1120,,140.0,,,,,,,,,1,8,0,小小的种子
莎草,MEDIC,chainhealer,4,1,临考发挥,none,base,0,0,560.0,440.0,60.0,0.0,60.0,0.0,1.5,1,1,15.0,1.75,8,840.0,,6720,,,,6720,448.0,224.0,,,,,,,,,1,30,15,小小的种子
特克诺,CASTER,soulcaster,4,0,关节锁定,arts,base,0,0,645.1,519.0,0.0,0.0,42.0,0.15,1.5,1,1,25.0,1.4953271028037383,16,967.7,967.7,15483,15483,619.3,387.1,,,,,,,,,,,,1,25,10,烧烤店官方优惠章
特米米,CASTER,corecaster,4,1,嘉维尔保护方案,arts,base,0,0,686.1,600.0,35.0,0.0,50.0,0.0,2.2,1,1,30.0,1.6,18,1509.4,1509.4,27169,27169,905.7,679.2,,,,,,,,,,,,1,30,20,损坏的尾尾佳
天火,CASTER,splashcaster,4,0,攻击力强化·γ型,arts,base,0,0,944.0,784.0,90.0,0.0,70.0,0.0,2.0,1,1,30.0,2.761904761904762,10,1888.0,1888.0,18880,18880,629.3,419.6,,,,,,,,,,,,1,30,15,阻燃处理方案
天火,CASTER,splashcaster,4,1,天坠之火,arts,base,0,0,944.0,784.0,90.0,0.0,70.0,0.0,2.4,1,1,40.0,3.428571428571428,11,2265.6,2265.6,24921,24921,623.0,383.4,,,,,,,,,,,,1,25,0,阻燃处理方案
天空盒,SNIPER,skybreaker,4,0,源石火药驾临,physical,base,0,0,984.0,899.0,85.0,0.0,0.0,0.0,3.0,1,1,,,1,2952.0,2952.0,2952,2952,,369.0,,,,,,,,,,,,1,8,0,
天空盒,SNIPER,skybreaker,4,1,电磁脉冲恩宠,physical,base,0,0,984.0,899.0,85.0,0.0,0.0,0.0,2.4,1,1,21.0,2.1,10,2361.6,2361.6,23616,23616,1124.6,908.3,,,,,,,,,,,,1,25,20,
Touch,MEDIC,physician,4,0,宛如天启,none,base,0,0,595.0,595.0,0.0,0.0,0.0,0.0,1.3,1,2.0,30.0,2.85,10,773.5,,7735,,,,7735,257.8,154.7,,15470,,,,,,,1,30,10,
图耶,MEDIC,physician,4,0,水流环,none,base,0,0,615.0,493.0,75.0,0.0,47.0,0.0,2.0,1,1,5.0,,1,1230.0,,1230,,,,1230,246.0,72.4,,,,,,,,,1,12,0,集水装置
图耶,MEDIC,physician,4,1,强心剂,none,base,0,0,615.0,493.0,75.0,0.0,47.0,0.0,4.800000000000001,1,1,,,1,2952.0,,2952,,,,2952,,98.4,,,,,,,,,1,50,20,集水装置
苇草,PIONEER,charger,4,0,迅捷打击·γ型,physical,base,0,0,697.0,562.0,70.0,0.0,65.0,0.0,1.45,1,1,35.0,0.5882352941176471,59,1010.6,1010.6,59628,59628,1703.7,1084.2,,,,,,,,,,,,1,35,15,枪刃清洁套装
苇草,PIONEER,charger,4,1,生灵火花,arts,base,0,0,697.0,562.0,70.0,0.0,65.0,0.0,0.63,1,1,30.0,0.8,37,439.1,439.1,16247,16247,541.6,361.0,,,,,,,,,,,,1,35,20,枪刃清洁套装
微风,MEDIC,ringhealer,4,0,集束疗法,none,base,0,0,420.0,343.0,30.0,0.0,47.0,0.0,2.4,1,1,35.0,,1,1008.0,,1008,,,,1008,28.8,22.4,,,,,,,,,1,30,20,外科医疗套组
微风,MEDIC,ringhealer,4,1,扩散疗法,none,base,0,0,420.0,343.0,30.0,0.0,47.0,0.0,3.5,1,1,45.0,,1,1470.0,,1470,,,,1470,32.7,22.6,,,,,,,,,1,80,60,外科医疗套组
温米,CASTER,primcaster,4,1,滔滔热流,arts,base,0,0,711.0,581.0,65.0,0.0,65.0,0.0,3.0,1,1,15.0,2.5,6,2133.0,2133.0,12798,12798,853.2,556.4,,,,,,,,,,,,1,20,12,赠别之味
巫恋,SUPPORT,underminer,4,0,病入膏肓,arts,base,0,0,503.0,408.0,65.0,0.0,30.0,0.0,1.6,1,1,,,1,804.8,804.8,804,804,,11.5,,,,,,,,,,,,1,70,0,布艺苹果
乌有,SPECIAL,merchant,4,1,阴晴圆缺,physical,base,0,0,830.0,725.0,40.0,0.0,65.0,0.0,1.6,1,1,,,1,1328.0,1328.0,1328,1328,,265.6,,,,,,,,,,,,1,5,0,“檐下听雨”
夏栎,SUPPORT,blessing,4,0,大地的慈悲,arts,base,0,0,493.0,463.0,0.0,0.0,30.0,0.0,1.4,1,1,,,1,690.2,690.2,690,690,,17.3,,,,,,,,,,,,1,40,0,锈枝
响石,TANK,primprotector,4,1,震撼型指路,arts,base,0,0,606.0,546.0,60.0,0.0,0.0,0.0,0.8,1,1,,,1,484.8,484.8,484,484,,60.6,,,,,,60,,,,,,1,22,14,“降落伞”
晓歌,PIONEER,agent,4,0,观火,physical,base,0,0,735.1,560.0,30.0,0.0,33.0,0.18,2.0,1,1,20.0,0.847457627118644,23,1470.3,1470.3,33816,33816,1690.8,,,,,,,,,,,,,8,0,0,“不发声者”
晓歌,PIONEER,agent,4,1,浮光,physical,base,0,0,735.1,560.0,30.0,0.0,33.0,0.18,1.4,1,1,10.714285714285714,0.5952380952380952,18,1029.2,1029.2,18525,18525,1729.0,1178.9,,,,,,,,,,,,1,25,20,“不发声者”
小满,SUPPORT,slower,4,0,竹笛飞声,arts,base,0,0,631.0,525.0,65.0,0.0,41.0,0.0,2.1,1,1,,,1,1325.1,1325.1,1325,1325,,265.0,,,,,,,,,,,,1,5,0,在田野上
锡兰,MEDIC,healer,4,0,集中式水疗,none,base,0,0,553.0,468.0,40.0,0.0,45.0,0.0,2.0,1,1,,,3,1106.0,,3318,,,,3318,,138.2,,,,,,,,,1,8,0,野外考察套装
锡兰,MEDIC,healer,4,1,水灵庇护,none,base,0,0,553.0,468.0,40.0,0.0,45.0,0.0,1.6,1,2.0,40.0,2.85,14,884.8,,12387,,,,12387,309.7,154.8,,24774,,,,,,,1,80,40,野外考察套装
星极,WARRIOR,artsfghter,4,0,星座守护,physical,base,0,0,732.0,660.0,30.0,0.0,42.0,0.0,1.5,1,1,30.0,1.1682242990654206,25,1098.0,1098.0,27450,27450,915.0,549.0,,,,,,,,,,,,1,30,10,未卜星图
星极,WARRIOR,artsfghter,4,1,星辉剑,physical,base,0,0,732.0,660.0,30.0,0.0,42.0,0.0,1.8,1,1,15.0,1.1682242990654206,12,1317.6,1317.6,15811,15811,1054.1,632.4,,,,,,,,,,,,1,20,10,未卜星图
杏仁,SPECIAL,hookmaster,4,0,磁力抓取,physical,base,0,0,695.0,695.0,0.0,0.0,0.0,0.0,1.7,1,1,,,3,1181.5,1181.5,3544,3544,,443.1,,,,,,,,,,,,1,4,4,“毕业设计”
杏仁,SPECIAL,hookmaster,4,1,强力牵引,physical,base,0,0,695.0,695.0,0.0,0.0,0.0,0.0,1.8,1,1,4.0,,1,1251.0,1251.0,1251,1251,312.8,89.4,,,,,,,,,,,,1,25,15,“毕业设计”
星源,CASTER,chain,4,0,双端导流,arts,base,0,0,779.0,630.0,75.0,0.0,74.0,0.0,1.25,1,2.0,,,1,973.8,973.8,973,973,,139.1,,,,,1947,,,,,,,1,7,0,未组装的钟表
星源,CASTER,chain,4,1,星束交汇,arts,base,0,0,779.0,630.0,75.0,0.0,74.0,0.0,1.4,1,2.0,25.0,2.2115384615384612,11,1090.6,1090.6,11996,11996,479.9,266.6,,,,,23993,,,,,,,1,40,20,未组装的钟表
锡人,SPECIAL,alchemist,4,0,“老科利”,arts,base,0,0,534.0,469.0,30.0,0.0,35.0,0.0,0.75,1,1,,,1,400.5,400.5,400,400,,,,,,,,,,,,,,2,5,0,“颅相学”
锡人,SPECIAL,alchemist,4,1,“大拉里”,arts,base,0,0,534.0,469.0,30.0,0.0,35.0,0.0,1.1,1,1,,,1,587.4,587.4,587,587,,117.5,,,,,,,,,,,,1,25,20,“颅相学”
稀音,SUPPORT,summoner,4,0,保护色隐蔽,arts,base,0,0,468.0,432.0,0.0,0.0,36.0,0.0,1.6,1,1,,,1,748.8,748.8,748,748,,12.5,,,,,,,,,,,,1,60,0,专业级改良镜头
稀音,SUPPORT,summoner,4,1,全景过载摄像,arts,base,0,0,468.0,432.0,0.0,0.0,36.0,0.0,2.3,1,1,20.0,,1,1076.4,1076.4,1076,1076,53.8,71.8,,,,,,,,,,,,1,30,15,专业级改良镜头
雪猎,SNIPER,hunter,4,0,强力击·β型,physical,base,0,0,1126.0,981.0,70.0,0.0,75.0,0.0,2.3,1,1,,,1,2589.8,2589.8,2589,2589,,,,,,,,,,,,,,2,3,0,过去的狩猎
雪雉,SPECIAL,hookmaster,4,0,倒刺钩爪,physical,base,0,0,745.0,745.0,0.0,0.0,0.0,0.0,1.7,1,1,,,1,1266.5,1266.5,1266,1266,,253.3,,,,,,,,,,,,1,5,0,雪雉的宝贝存钱罐
雪雉,SPECIAL,hookmaster,4,1,伸缩式电捕网,arts,base,0,0,745.0,745.0,0.0,0.0,0.0,0.0,2.0,1,1,,,1,1490.0,1490.0,1490,1490,,212.9,,,,,,,,,,,,1,17,10,雪雉的宝贝存钱罐
寻澜,PIONEER,agent,4,0,探寻,physical,base,0,0,600.0,560.0,40.0,0.0,0.0,0.0,2.0,1,1,20.0,0.8695652173913043,23,1200.0,1200.0,27600,27600,1380.0,,,,,,,,,,,,,8,0,0,佳肴
絮雨,MEDIC,healer,4,0,定向诊断,none,base,0,0,572.0,492.0,40.0,0.0,40.0,0.0,1.3,1,1,,,1,743.6,,743,,,,743,,,,,,,,,,,2,2,0,古朴的急救箱
洋灰,TANK,duelist,4,0,突破矿层,physical,base,0,0,1099.0,1002.0,40.0,0.0,57.0,0.0,2.8,1,1,,,2,3077.2,3077.2,6154,6154,,683.8,,,,,,,,,,,,1,6,3,工程记录仪
炎客,WARRIOR,fearless,4,0,歃血,physical,base,0,0,963.0,918.0,45.0,0.0,0.0,0.0,2.2,1,1,,,1,2118.6,2118.6,2118,2118,,,,,,,,,,,,,,2,3,0,锈损的断刀
炎客,WARRIOR,fearless,4,1,刃鬼,physical,base,0,0,963.0,918.0,45.0,0.0,0.0,0.0,1.7,1,1,,,1,1637.1,1637.1,1637,1637,,,,,,,,,,,,,,2,40,0,锈损的断刀
炎狱炎熔,CASTER,splashcaster,4,0,焰淬匕首,arts,base,0,0,950.0,798.0,90.0,0.0,62.0,0.0,1.2,1,2.0,35.0,2.9,12,1140.0,1140.0,13680,13680,390.9,182.4,,,,,27360,,,,,,,1,50,10,萨卡兹的刀
炎狱炎熔,CASTER,splashcaster,4,1,狱火之环,arts,base,0,0,950.0,798.0,90.0,0.0,62.0,0.0,0.5,1,1,40.0,1.0,40,475.0,475.0,19000,19000,475.0,237.5,,,,,,,,,,,,1,70,30,萨卡兹的刀
崖心,SPECIAL,hookmaster,4,0,锁链勾爪,arts,base,0,0,1050.0,765.0,70.0,0.0,40.0,0.2,1.8,1,1,,,1,1890.0,1890.0,1890,1890,,472.5,,,,,,,,,,,,1,4,0,“凌绝顶”
崖心,SPECIAL,hookmaster,4,1,束缚链,physical,base,0,0,1050.0,765.0,70.0,0.0,40.0,0.2,2.0,1,3.0,,,1,2100.0,2100.0,2100,2100,,420.0,,,,,6300,,,,,,,1,15,10,“凌绝顶”
亚叶,MEDIC,physician,4,0,最大剂量输注,none,base,0,0,529.0,479.0,50.0,0.0,0.0,0.0,1.8,1,1,40.0,2.688679245283019,14,952.2,,13330,,,,,,,,,,,,,,,1,30,20,母亲的领巾
亚叶,MEDIC,physician,4,1,复合型药物弹片,arts,base,0,0,529.0,479.0,50.0,0.0,0.0,0.0,2.0,1,1,30.0,2.688679245283019,11,1058.0,1058.0,11638,11638,387.9,232.8,,,,,,,,,,,,1,40,20,母亲的领巾
耶拉,CASTER,funnel,4,0,攻击力强化·γ型,arts,base,0,0,450.8,294.0,60.0,0.0,28.0,0.18,2.0,1,1,30.0,,1,901.5,901.5,901,901,30.1,20.0,,,,,,,,,,,,1,30,15,以雪为线
耶拉,CASTER,funnel,4,1,心随意动,arts,base,0,0,450.8,294.0,60.0,0.0,28.0,0.18,1.55,1,1,25.0,,1,698.7,698.7,698,698,27.9,15.5,,,,,,,,,,,,1,40,20,以雪为线
野鬃,PIONEER,charger,4,1,夹枪冲锋,physical,base,0,0,688.0,558.0,70.0,0.0,60.0,0.0,1.8,1,1,20.0,0.9523809523809523,21,1238.4,1238.4,26006,26006,1300.3,866.9,,,,,,,,,,,,1,40,30,长枪替补套装
因陀罗,WARRIOR,fighter,4,0,碎甲拳,physical,base,0,0,655.0,530.0,75.0,0.0,50.0,0.0,2.4,1,1,,,1,1572.0,1572.0,1572,1572,,,,,,,,,,,,,,2,4,0,“汉娜的脱臼复位套装”
因陀罗,WARRIOR,fighter,4,1,裂魂,physical,base,0,0,655.0,530.0,75.0,0.0,50.0,0.0,2.2,1,1,25.0,,1,1441.0,1441.0,1441,1441,57.6,28.8,,,,,,,,,,,,1,50,25,“汉娜的脱臼复位套装”
隐现,SNIPER,fastshot,4,0,“不惹麻烦”,physical,base,0,0,635.0,522.0,75.0,0.0,38.0,0.0,2.3,1,1,4.0,1.0,4,1460.5,1460.5,5842,5842,1460.5,,,,,,,,,,,,,2,12,0,“最初的惊喜”
隐现,SNIPER,fastshot,4,1,“解决麻烦”,physical,base,0,0,635.0,522.0,75.0,0.0,38.0,0.0,2.3,1,1,9.799999999999999,0.7,14,1460.5,1460.5,20447,20447,2086.4,1294.1,,,,,,,,,,,,1,20,14,“最初的惊喜”
幽灵鲨,WARRIOR,centurion,4,0,攻击力强化·γ型,physical,base,0,0,865.0,725.0,80.0,0.0,60.0,0.0,2.0,1,1,30.0,,1,1730.0,1730.0,1730,1730,57.7,38.4,,,,,,,,,,,,1,30,15,幽明烛光
幽灵鲨,WARRIOR,centurion,4,1,肉斩骨断,physical,base,0,0,865.0,725.0,80.0,0.0,60.0,0.0,2.6,1,1,15.0,,1,2249.0,2249.0,2249,2249,149.9,112.5,,,,,,,,,,,,1,40,35,幽明烛光
祐天寺若麦,WARRIOR,hammer,4,0,如焰般热烈,physical,base,0,0,1400.8,1190.0,40.0,0.0,67.0,0.08,1.6,1,1,15.0,,1,2241.2,2241.2,2241,2241,149.4,,,,,,,,,,,,,2,20,8,年轻的麦子
祐天寺若麦,WARRIOR,hammer,4,1,如麦般生长,physical,base,0,0,1400.8,1190.0,40.0,0.0,67.0,0.08,1.25,1,1,24.0,,1,1751.0,1751.0,1750,1750,73.0,,,,,,,,,,,,,2,32,24,年轻的麦子
郁金香,PIONEER,pioneer,4,0,只余芬芳,physical,base,0,0,582.0,582.0,0.0,0.0,0.0,0.0,2.0,1,1,,,1,1164.0,1164.0,1164,1164,,97.0,,,,,,,,,,,,1,25,13,
羽毛笔,WARRIOR,reaper,4,0,高速切割,physical,base,0,0,815.4,650.0,75.0,0.0,30.0,0.08,1.65,1,1,,,1,1345.4,1345.4,1345,1345,,,,,,,,,,,,,,2,2,0,水蓝色黎明
羽毛笔,WARRIOR,reaper,4,1,收割,physical,base,0,0,815.4,650.0,75.0,0.0,30.0,0.08,1.7,1,1,25.0,0.7766990291262136,32,1386.2,1386.2,44357,44357,1774.3,1267.4,,,,,,,,,,,,1,40,30,水蓝色黎明
陨星,SNIPER,aoesniper,4,0,霰射弹头,physical,base,0,0,1624.0,865.0,85.0,0.0,65.0,0.6,2.15,1,1,,,1,3491.6,3491.6,3491,3491,,,,,,,,,,,,,,2,3,0,无名的身份牌
陨星,SNIPER,aoesniper,4,1,高爆弹头,physical,base,0,0,1624.0,865.0,85.0,0.0,65.0,0.6,3.0,1,1,10.0,,1,4872.0,4872.0,4872,4872,487.2,162.4,,,,,,,,,,,,1,20,0,无名的身份牌
战车,WARRIOR,sword,4,0,燃烧榴弹,arts,base,0,0,716.0,621.0,40.0,0.0,55.0,0.0,0.7,1,1,,,1,501.2,501.2,501,501,,,,,,,,,,,,,,2,15,0,轻机枪枪架
战车,WARRIOR,sword,4,1,倾泻弹药,physical,base,0,0,716.0,621.0,40.0,0.0,55.0,0.0,2.0,1,1,4.0,0.45000000000000007,8,1432.0,1432.0,11456,11456,2864.0,,,,,,,,,,,,,2,25,0,轻机枪枪架
折光,CASTER,primcaster,4,0,镭射穿凿,arts,base,0,0,870.8,578.0,65.0,0.0,65.0,0.23,2.1,1,1,20.0,,1,1828.8,1828.8,1828,1828,91.4,61.0,,,,,,130,6.5,153.11,6.1,1.3,14.0,1,30,20,凡石
真理,SUPPORT,slower,4,1,文学风暴,arts,base,0,0,583.0,518.0,65.0,0.0,0.0,0.0,1.75,1,3.0,25.0,1.507936507936508,16,1020.2,1020.2,16324,16324,653.0,362.8,,,,,48972,,,,,,,1,50,30,读书笔记
折桠,TANK,unyield,4,1,生存决心,physical,base,0,0,865.0,865.0,0.0,0.0,0.0,0.0,2.5,1,1,15.0,,1,2162.5,2162.5,2162,2162,144.2,77.2,,,,,,,,,,,,1,18,5,“时间的痕迹”
至简,CASTER,funnel,4,0,迅捷打击·γ型,arts,base,0,0,390.0,320.0,40.0,0.0,30.0,0.0,1.45,1,1,35.0,0.896551724137931,39,565.5,565.5,22054,22054,630.1,401.0,,,,,,,,,,,,1,35,15,“新家园”
至简,CASTER,funnel,4,1,神工意匠,arts,base,0,0,390.0,320.0,40.0,0.0,30.0,0.0,2.0,1,1,,,1,780.0,780.0,780,780,,780.0,,,,,,,,,,,,1,5,4,“新家园”
濯尘芙蓉,MEDIC,incantationmedic,4,0,攻击力强化·γ型,none,base,0,0,611.0,511.0,60.0,0.0,40.0,0.0,2.0,1,1,30.0,,1,1222.0,,1222,,,,,,,,,,,,,,,1,30,15,结晶胸花
濯尘芙蓉,MEDIC,incantationmedic,4,1,抚业之触,arts,base,0,0,611.0,511.0,60.0,0.0,40.0,0.0,1.7,1,2.0,8.0,,1,1038.7,1038.7,1038,1038,129.8,64.9,,,,,2077,,,,,,,1,18,10,结晶胸花
铸铁,WARRIOR,artsfghter,4,1,破浪回神,physical,base,0,0,660.0,620.0,0.0,0.0,40.0,0.0,2.1,1,1,30.0,1.016260162601626,29,1386.0,1386.0,40194,40194,1339.8,803.9,,,,,,,,,,,,1,30,10,漫游者的压舱石
子月,SNIPER,longrange,4,0,狩猎时刻,physical,base,0,0,1142.0,1034.0,40.0,0.0,68.0,0.0,2.0,1,1,18.0,,1,2284.0,2284.0,2284,2284,126.9,81.6,,,,,,,,,,,,1,20,10,“移动的窝”
艾丝黛尔,WARRIOR,centurion,3,0,攻击力强化·β型,physical,base,0,0,742.0,690.0,0.0,0.0,52.0,0.0,1.8,1,1,25.0,,1,1335.6,1335.6,1335,1335,53.4,26.7,,,,,,,,,,,,1,35,10,荒野地的饯别礼
艾丝黛尔,WARRIOR,centurion,3,1,舍身突击,physical,base,0,0,742.0,690.0,0.0,0.0,52.0,0.0,2.5,1,1,15.0,,1,1855.0,1855.0,1855,1855,123.7,,,,,,,,,,,,,4,20,10,荒野地的饯别礼
安比尔,SNIPER,longrange,3,1,雷达定位,physical,base,0,0,1133.0,977.0,75.0,0.0,81.0,0.0,2.0,1,1,40.0,3.6,11,2266.0,2266.0,24926,24926,623.1,453.2,,,,,,,,,,,,1,25,10,便携雷达的辅助器材
暗索,SPECIAL,hookmaster,3,0,勾爪发射,physical,base,0,0,759.0,728.0,0.0,0.0,31.0,0.0,1.9,1,1,,,1,1442.1,1442.1,1442,1442,,288.4,,,,,,,,,,,,1,5,0,铁皮首饰盒
暗索,SPECIAL,hookmaster,3,1,复式勾爪,physical,base,0,0,759.0,728.0,0.0,0.0,31.0,0.0,2.25,1,2.0,,,1,1707.8,1707.8,1707,1707,,341.6,,,,,3415,,,,,,,1,15,10,铁皮首饰盒
阿消,SPECIAL,pusher,3,0,水蒸气泵,physical,base,0,0,648.0,580.0,35.0,0.0,33.0,0.0,1.5,1,1,,,1,972.0,972.0,972,972,,194.4,,,,,,,,,,,,1,5,0,客制化防火服
阿消,SPECIAL,pusher,3,1,高压水炮,physical,base,0,0,648.0,580.0,35.0,0.0,33.0,0.0,3.0,1,1,,,1,1944.0,1944.0,1944,1944,,114.4,,,,,,,,,,,,1,17,0,客制化防火服
白雪,SNIPER,aoesniper,3,1,凝武,arts,base,0,0,1076.4,797.0,70.0,0.0,30.0,0.2,0.8,1,1,25.0,2.6666666666666665,9,861.1,861.1,7750,7750,310.0,155.0,,,,,,,,,,,,1,25,0,手里剑
波登可,SUPPORT,slower,3,0,花香疗法,arts,base,0,0,634.4,492.0,50.0,0.0,40.0,0.09,1.6,1,1,25.0,1.8095238095238095,13,1015.0,1015.0,13195,13195,527.8,329.9,,,,,,,,,,,,1,25,10,“不谢的苗圃”
波登可,SUPPORT,slower,3,1,孢子扩散,arts,base,0,0,634.4,492.0,50.0,0.0,40.0,0.09,0.8,1,1,,,1,507.5,507.5,507,507,,39.0,,,,,,,,,,,,1,23,10,“不谢的苗圃”
布丁,CASTER,chain,3,1,扩散电流,arts,base,0,0,709.9,542.0,70.0,0.0,0.0,0.16,2.1,1,4.0,20.0,2.1904761904761902,9,1490.8,1490.8,13417,13417,670.9,383.4,,,,,53669,,,,,,,1,35,20,便携测电设备
缠丸,WARRIOR,fearless,3,1,恶鬼之力,physical,base,0,0,971.0,916.0,0.0,0.0,55.0,0.0,2.5,1,1,15.0,,1,2427.5,2427.5,2427,2427,161.8,80.9,,,,,,,,,,,,1,25,10,断竹插花作品
骋风,WARRIOR,librator,3,1,招无虚发,physical,base,0,0,342.0,290.0,30.0,0.0,22.0,0.0,2.0,1,2.0,25.0,1.2,20,684.0,684.0,13680,13680,547.2,273.6,,,,,27360,,,,,,,1,40,15,义
地灵,SUPPORT,slower,3,0,攻击力强化·β型,arts,base,0,0,530.0,480.0,50.0,0.0,0.0,0.0,1.8,1,1,25.0,,1,954.0,954.0,954,954,38.2,19.1,,,,,,,,,,,,1,35,10,待确认的申请表
冬时,PIONEER,agent,3,0,数据分析,physical,base,0,0,537.0,537.0,0.0,0.0,0.0,0.0,2.8,1,1,,,1,1503.6,1503.6,1503,1503,,,,,,,,,,,,,,2,7,2,缺角的权限
断罪者,WARRIOR,fearless,3,0,断罪,physical,base,0,0,1031.0,929.0,22.0,0.0,80.0,0.0,2.0,1,1,,,1,2062.0,2062.0,2062,2062,,515.5,,,,,,,,,,,,1,4,0,断罪之拳
杜宾,WARRIOR,instructor,3,0,强力击·β型,physical,base,0,0,753.5,602.0,30.0,0.0,53.0,0.1,2.3,1,1,,,1,1733.1,1733.1,1733,1733,,,,,,,,,,,,,,2,3,0,军用望远镜
杜宾,WARRIOR,instructor,3,1,鞭策,physical,base,0,0,753.5,602.0,30.0,0.0,53.0,0.1,1.8,1,1,25.0,0.875,28,1356.3,1356.3,37976,37976,1519.1,690.5,,,,,,,,,,,,1,70,40,军用望远镜
芳汀,WARRIOR,lord,3,0,小玩笑,physical,base,0,0,740.0,640.0,55.0,0.0,45.0,0.0,1.5,1,1,15.0,1.1607142857142858,12,1110.0,1110.0,13320,13320,888.0,532.8,,,,,,,,,,,,1,25,15,芳汀之书
芳汀,WARRIOR,lord,3,1,致命恶作剧,arts,base,0,0,740.0,640.0,55.0,0.0,45.0,0.0,1.6,1,2.0,20.0,1.1607142857142858,17,1184.0,1184.0,20128,20128,1006.4,575.1,,,,,40256,,,,,,,1,30,15,芳汀之书
古米,TANK,guardian,3,1,食粮烹制,physical,base,0,0,490.0,435.0,0.0,0.0,55.0,0.0,1.8,1,1,30.0,2.5,12,882.0,882.0,10584,10584,352.8,264.6,,,,,,,,,,,,1,30,20,蜜糖馅饼礼包
红豆,PIONEER,charger,3,0,攻击力强化·β型,physical,base,0,0,684.0,558.0,60.0,0.0,65.0,0.0,1.8,1,1,25.0,,1,1231.2,1231.2,1231,1231,49.2,24.6,,,,,,,,,,,,1,35,10,伟大的摇滚
红豆,PIONEER,charger,3,1,槌音,physical,base,0,0,684.0,558.0,60.0,0.0,65.0,0.0,3.0,1,1,30.0,1.5,20,2052.0,2052.0,41040,41040,1368.0,912.0,,,,,,,,,,,,1,25,10,伟大的摇滚
红云,SNIPER,fastshot,3,0,攻击力强化·β型,physical,base,0,0,581.0,485.0,65.0,0.0,31.0,0.0,1.8,1,1,25.0,,1,1045.8,1045.8,1045,1045,41.8,20.9,,,,,,,,,,,,1,35,10,“不落”
红云,SNIPER,fastshot,3,1,双弦开弓,physical,base,0,0,581.0,485.0,65.0,0.0,31.0,0.0,1.45,1,2.0,20.0,1.0,20,842.4,842.4,16849,16849,842.5,561.6,,,,,33698,,,,,,,1,20,10,“不落”
坚雷,TANK,artsprotector,3,0,攻击力强化·β型,physical,base,0,0,770.6,583.0,65.0,0.0,40.0,0.12,1.8,1,1,25.0,,1,1387.0,1387.0,1387,1387,55.5,27.7,,,,,,,,,,,,1,35,10,守护的道路
坚雷,TANK,artsprotector,3,1,起盾回击,physical,base,0,0,770.6,583.0,65.0,0.0,40.0,0.12,1.8,1,1,30.0,,1,1387.0,1387.0,1387,1387,46.2,,,,,,,,,,,,,4,25,12,守护的道路
嘉维尔,MEDIC,physician,3,0,活力再生,none,base,0,0,566.5,450.0,30.0,0.0,35.0,0.1,0.35,1,1,5.0,1.0,5,198.3,,991,,,,991,198.3,76.3,,,,,,,,,1,8,0,“请遵医嘱”
嘉维尔,MEDIC,physician,3,1,活力再生·广域,none,base,0,0,566.5,450.0,30.0,0.0,35.0,0.1,0.3,1,1,10.0,1.0,10,169.9,,1699,,,,1699,169.9,85.0,,,,,,,,,1,60,50,“请遵医嘱”
孑,SPECIAL,merchant,3,0,断螯,physical,base,0,0,764.0,674.0,40.0,0.0,50.0,0.0,1.7,1,1,,,1,1298.8,1298.8,1298,1298,,324.7,,,,,,,,,,,,1,4,0,精钢刀具套组
孑,SPECIAL,merchant,3,1,刺身拼盘,physical,base,0,0,764.0,674.0,40.0,0.0,50.0,0.0,1.6,1,1,,,1,1222.4,1222.4,1222,1222,,152.8,,,,,,,,,,,,1,8,0,精钢刀具套组
杰克,WARRIOR,fighter,3,0,给你一拳！,physical,base,0,0,619.0,529.0,60.0,0.0,30.0,0.0,2.5,1,1,,,1,1547.5,1547.5,1547,1547,,,,,,,,,,,,,,2,3,0,D32钢椅
杰克,WARRIOR,fighter,3,1,全神贯注！,physical,base,0,0,619.0,529.0,60.0,0.0,30.0,0.0,1.6,1,1,18.0,1.28,14,990.4,990.4,13865,13865,770.3,420.2,,,,,,,,,,,,1,30,15,D32钢椅
杰西卡,SNIPER,fastshot,3,0,强力击·β型,physical,base,0,0,604.2,475.0,65.0,0.0,30.0,0.06,2.3,1,1,,,1,1389.7,1389.7,1389,1389,,,,,,,,,,,,,,2,3,0,杰西卡的订单
杰西卡,SNIPER,fastshot,3,1,掩护烟幕,physical,base,0,0,604.2,475.0,65.0,0.0,30.0,0.06,1.8,1,1,25.0,0.8064516129032258,31,1087.6,1087.6,33714,33714,1348.6,749.2,,,,,,,,,,,,1,40,20,杰西卡的订单
卡达,CASTER,funnel,3,0,攻击力强化·β型,arts,base,0,0,400.0,315.0,60.0,0.0,25.0,0.0,1.8,1,1,25.0,1.1016949152542372,22,720.0,720.0,15840,15840,633.6,316.8,,,,,,,,,,,,1,35,10,大菲林脱敏实验
卡达,CASTER,funnel,3,1,同步索敌攻击,arts,base,0,0,400.0,315.0,60.0,0.0,25.0,0.0,1.7,1,1,30.0,1.1016949152542372,27,680.0,680.0,18360,18360,612.0,333.8,,,,,,,,,,,,1,45,20,大菲林脱敏实验
刻刀,WARRIOR,sword,3,0,红移,physical,base,0,0,706.0,571.0,70.0,0.0,65.0,0.0,3.4,1,1,,,1,2400.4,2400.4,2400,2400,,,,,,,,,,,,,,2,11,5,可替换刀具套装
刻刀,WARRIOR,sword,3,1,绯红刺刀,physical,base,0,0,706.0,571.0,70.0,0.0,65.0,0.0,4.5,1,6.0,,,1,3177.0,3177.0,3177,3177,,,,,,,19062,,,,,,,2,12,5,可替换刀具套装
流星,SNIPER,fastshot,3,0,碎甲击,physical,base,0,0,560.0,465.0,65.0,0.0,30.0,0.0,1.8,1,1,5.0,,1,1008.0,1008.0,1008,1008,201.6,,,,,,,,,,,,,2,4,0,猎刀
流星,SNIPER,fastshot,3,1,碎甲击·扩散,physical,base,0,0,560.0,465.0,65.0,0.0,30.0,0.0,2.0,1,1,5.0,,1,1120.0,1120.0,1120,1120,224.0,,,,,,,,,,,,,2,15,0,猎刀
罗比菈塔,SUPPORT,craftsman,3,0,叙拉古式上妆,arts,base,0,0,570.0,535.0,35.0,0.0,0.0,0.0,1.5,1,1,35.0,,1,855.0,855.0,855,855,24.4,19.0,,,,,,,,,,,,1,25,15,半自动造型工具套组
罗小黑,WARRIOR,lord,3,1,碎金为刃,physical,base,0,0,768.0,698.0,30.0,0.0,40.0,0.0,1.7,1,1,20.0,,1,1305.6,1305.6,1305,1305,65.3,32.6,,,,,,,,,,,,1,35,15,毛线球
露托,TANK,unyield,3,0,强力击·β型,physical,base,0,0,790.0,790.0,0.0,0.0,0.0,0.0,2.3,1,1,,,1,1817.0,1817.0,1816,1816,,,,,,,,,,,,,,2,3,0,生还的人与物
梅,SNIPER,fastshot,3,0,麻痹弹,physical,base,0,0,638.4,478.0,65.0,0.0,27.0,0.12,2.0,1,1,,,1,1276.8,1276.8,1276,1276,,,,,,,,,,,,,,2,3,0,新手侦探礼包
梅,SNIPER,fastshot,3,1,束缚电击,physical,base,0,0,638.4,478.0,65.0,0.0,27.0,0.12,2.2,1,1,30.0,1.3636363636363635,22,1404.5,1404.5,30898,30898,1030.0,618.0,,,,,,,,,,,,1,20,0,新手侦探礼包
末药,MEDIC,physician,3,0,二重治疗,none,base,0,0,525.0,465.0,60.0,0.0,0.0,0.0,1.25,1,1,,,1,656.2,,656,,,,656,,82.0,,,,,,,,,1,8,0,“生命的短暂”
末药,MEDIC,physician,3,1,医疗力场,none,base,0,0,525.0,465.0,60.0,0.0,0.0,0.0,1.65,1,1,25.0,2.7142857142857144,9,866.2,,7796,,,,7796,311.9,141.8,,,,,,,,,1,50,20,“生命的短暂”
慕斯,WARRIOR,artsfghter,3,0,挠伤,physical,base,0,0,714.0,644.0,35.0,0.0,35.0,0.0,1.75,1,1,,,1,1249.5,1249.5,1249,1249,,,,,,,,,,,,,,2,4,0,美爪套装二象性
慕斯,WARRIOR,artsfghter,3,1,炸毛,physical,base,0,0,714.0,644.0,35.0,0.0,35.0,0.0,1.75,1,1,40.0,,1,1249.5,1249.5,1249,1249,31.2,16.7,,,,,,,,,,,,1,80,45,美爪套装二象性
泡泡,TANK,protector,3,1,“挨打”,physical,base,0,0,369.9,370.0,0.0,0.0,0.0,0.0,0.5,1,1,25.0,,1,184.9,184.9,184,184,7.4,2.6,,,,,,,,,,,,1,45,0,泡泡闪光必杀剑
铅踝,SNIPER,siegesniper,3,0,贯日,physical,base,0,0,1301.8,920.0,50.0,0.0,55.0,0.27,2.2,1,2.0,,,1,2863.9,2863.9,2863,2863,,,,,,,5727,,,,,,,2,3,0,雪花球
铅踝,SNIPER,siegesniper,3,1,破虹,physical,base,0,0,1301.8,920.0,50.0,0.0,55.0,0.27,2.25,1,1,30.0,1.6,18,2928.9,2928.9,52720,52720,1757.4,1171.6,,,,,,,,,,,,1,40,25,雪花球
清道夫,PIONEER,pioneer,3,1,冲锋号令·攻击,physical,base,0,0,656.6,470.0,60.0,0.0,36.0,0.16,1.7,1,1,15.0,,1,1116.2,1116.2,1116,1116,74.4,41.3,,,,,,,,,,,,1,30,18,“专属餐具”
清流,MEDIC,healer,3,0,治愈水波,none,base,0,0,521.0,454.0,35.0,0.0,32.0,0.0,3.5,1,1,,,1,1823.5,,1823,,,,1823,,182.3,,,,,,,,,1,20,10,“江河之韵”
深靛,CASTER,mystic,3,0,灯塔守卫者,arts,base,0,0,1286.0,1116.0,100.0,0.0,70.0,0.0,0.5,1,1,4.0,2.115384615384616,1,643.0,643.0,643,643,160.8,45.9,,,,,,,,,,,,1,15,5,法杖保养套装
深海色,SUPPORT,summoner,3,0,光影之触,arts,base,0,0,438.0,403.0,0.0,0.0,35.0,0.0,1.6,1,1,30.0,,1,700.8,700.8,700,700,23.4,11.7,,,,,,,,,,,,1,30,0,诡异的调色盘
石英,WARRIOR,crusher,3,0,攻击力强化·β型,physical,base,0,0,1740.8,1387.0,50.0,0.0,90.0,0.14,1.8,1,1,25.0,,1,3133.4,3133.4,3133,3133,125.3,62.7,,,,,,,,,,,,1,35,10,钟表修理套组
石英,WARRIOR,crusher,3,1,全力相搏,physical,base,0,0,1740.8,1387.0,50.0,0.0,90.0,0.14,1.25,1,1,20.0,1.3888888888888888,14,2176.0,2176.0,30463,30463,1523.2,761.6,,,,,,,,,,,,1,40,20,钟表修理套组
霜叶,WARRIOR,lord,3,0,寒霜枪刃,physical,base,0,0,710.0,660.0,0.0,0.0,50.0,0.0,1.5,1,1,3.0,,1,1065.0,1065.0,1065,1065,355.0,177.5,,,,,,,,,,,,1,3,0,不歇律动
松果,SNIPER,reaperrange,3,0,RMA长钉,physical,base,0,0,762.0,667.0,55.0,0.0,40.0,0.0,2.0,1,1,,,3,1524.0,1524.0,4572,4572,,169.3,,,,,,,,,,,,1,9,0,移动电箱
酸糖,SNIPER,closerange,3,1,扳机时刻,physical,base,0,0,815.0,735.0,80.0,0.0,0.0,0.0,1.4,1,1,25.0,1.5238095238095237,16,1141.0,1141.0,18256,18256,730.2,456.4,,,,,,,,,,,,1,50,35,“自由、洋葱圈和我”
苏苏洛,MEDIC,physician,3,0,治疗强化·β型,none,base,0,0,548.0,488.0,60.0,0.0,0.0,0.0,1.7,1,1,25.0,2.7142857142857144,9,931.6,,8384,,,,,,,,,,,,,,,1,30,10,医不自治
苏苏洛,MEDIC,physician,3,1,深度治疗,none,base,0,0,548.0,488.0,60.0,0.0,0.0,0.0,2.0,1,1,30.0,1.3902439024390243,21,1096.0,,23016,,,,,,,,,,,,,,,1,15,0,医不自治
调香师,MEDIC,ringhealer,3,0,治疗强化·β型,none,base,0,0,385.0,320.0,25.0,0.0,40.0,0.0,1.7,1,1,25.0,,1,654.5,,654,,,,,,,,,,,,,,,1,30,10,“爱琴之吻”
调香师,MEDIC,ringhealer,3,1,精调,none,base,0,0,385.0,320.0,25.0,0.0,40.0,0.0,3.5,1,1,30.0,5.7,5,1347.5,,6737,,,,,,,,,,,,,,,1,60,20,“爱琴之吻”
协律,CASTER,blastcaster,3,0,反拍重音,arts,base,0,0,948.0,680.0,60.0,0.0,50.0,0.2,2.0,1,1,,,1,1896.0,1896.0,1896,1896,,237.0,,,,,,,,,,,,1,8,0,移动八音盒
协律,CASTER,blastcaster,3,1,震爆调谐,arts,base,0,0,948.0,680.0,60.0,0.0,50.0,0.2,0.4,1,1,32.0,,1,379.2,379.2,379,379,11.9,7.9,,,,,,,,,,,,1,48,32,移动八音盒
休谟斯,WARRIOR,reaper,3,0,固废切割,physical,base,0,0,666.0,616.0,30.0,0.0,20.0,0.0,2.5,1,1,,,1,1665.0,1665.0,1665,1665,,,,,,,,,,,,,,2,3,0,恶地奇异工具套组
宴,WARRIOR,musha,3,1,落地斩·破门,physical,base,0,0,814.3,693.0,30.0,0.0,60.0,0.04,2.1,1,1,16.0,,1,1710.1,1710.1,1710,1710,106.9,,,,,,,,,,,,,8,0,0,翻盖手机
夜烟,CASTER,corecaster,3,0,攻击力强化·β型,arts,base,0,0,683.0,583.0,60.0,0.0,40.0,0.0,1.8,1,1,25.0,,1,1229.4,1229.4,1229,1229,49.2,24.6,,,,,,,,,,,,1,35,10,女巫的帽子
夜烟,CASTER,corecaster,3,1,赤色之瞳,arts,base,0,0,683.0,583.0,60.0,0.0,40.0,0.0,1.6,1,1,25.0,1.0,25,1092.8,1092.8,27320,27320,1092.8,546.4,,,,,,,,,,,,1,25,0,女巫的帽子
伊桑,SPECIAL,stalker,3,1,十字悬挂,physical,base,0,0,802.0,742.0,0.0,0.0,60.0,0.0,1.7,1,1,30.0,,1,1363.4,1363.4,1363,1363,45.4,24.8,,,,,,,,,,,,1,25,0,超级喷漆套装
远山,CASTER,splashcaster,3,1,命运,arts,base,0,0,993.6,715.0,70.0,0.0,57.0,0.18,2.0,1,1,30.0,2.457627118644068,12,1987.1,1987.1,23845,23845,794.8,366.9,,,,,,,,,,,,1,85,50,占卜师旅行套装
预备干员-近卫,WARRIOR,fearless,3,1,攻击力强化·β型,physical,base,0,0,939.6,870.0,0.0,0.0,0.0,0.08,1.8,1,1,25.0,,1,1691.3,1691.3,1691,1691,67.7,33.8,,,,,,,,,,,,1,35,10,
预备干员-近卫,WARRIOR,fearless,3,2,攻击力强化·γ型,physical,base,0,0,939.6,870.0,0.0,0.0,0.0,0.08,2.0,1,1,30.0,,1,1879.2,1879.2,1879,1879,62.6,41.8,,,,,,,,,,,,1,30,15,
预备干员-狙击,SNIPER,fastshot,3,1,攻击力强化·β型,physical,base,0,0,557.3,451.0,65.0,0.0,0.0,0.08,1.8,1,1,25.0,,1,1003.1,1003.1,1003,1003,40.1,20.1,,,,,,,,,,,,1,35,10,
预备干员-狙击,SNIPER,fastshot,3,2,攻击力强化·γ型,physical,base,0,0,557.3,451.0,65.0,0.0,0.0,0.08,2.0,1,1,30.0,,1,1114.6,1114.6,1114,1114,37.2,24.8,,,,,,,,,,,,1,30,15,
预备干员-特种,SPECIAL,executor,3,1,一击即退·β型,physical,base,0,0,464.4,430.0,0.0,0.0,0.0,0.08,1.5,1,1,10.0,,1,696.6,696.6,696,696,69.7,,,,,,,,,,,,,8,0,0,
预备干员-特种,SPECIAL,executor,3,2,一击即退·γ型,physical,base,0,0,464.4,430.0,0.0,0.0,0.0,0.08,1.8,1,1,10.0,,1,835.9,835.9,835,835,83.6,,,,,,,,,,,,,8,0,0,
预备干员-医疗,MEDIC,physician,3,1,治疗强化·β型,none,base,0,0,518.4,420.0,60.0,0.0,0.0,0.08,1.7,1,1,25.0,,1,881.3,,881,,,,,,,,,,,,,,,1,30,10,
预备干员-医疗,MEDIC,physician,3,2,治疗强化·γ型,none,base,0,0,518.4,420.0,60.0,0.0,0.0,0.08,1.9,1,1,30.0,,1,985.0,,984,,,,,,,,,,,,,,,1,30,20,
跃跃,SNIPER,loopshooter,3,0,强力击·β型,physical,base,0,0,695.0,600.0,65.0,0.0,30.0,0.0,2.3,1,1,,,1,1598.5,1598.5,1598,1598,,,,,,,,,,,,,,2,3,0,暖意的归宿
跃跃,SNIPER,loopshooter,3,1,乐趣加倍,physical,base,0,0,695.0,600.0,65.0,0.0,30.0,0.0,1.6,1,1,20.0,,1,1112.0,1112.0,1112,1112,55.6,,,,,,,,,,,,,2,25,15,暖意的归宿
云迹,SPECIAL,skywalker,3,0,紧急升空,physical,base,0,0,727.0,692.0,35.0,0.0,0.0,0.0,1.8,1,1,40.0,,1,1308.6,1308.6,1308,1308,32.7,,,,,,,,,,,,,8,0,0,
云迹,SPECIAL,skywalker,3,1,掠空飞翎,physical,base,0,0,727.0,692.0,35.0,0.0,0.0,0.0,1.9,1,3.0,30.0,1.5,20,1381.3,1381.3,27626,27626,920.9,690.6,,,,,82878,,,,,,,1,15,5,
